PLANT_ID,PART_ID,SNAPSHOT_DATE,ON_HAND_QTY,SAFETY_STOCK_QTY,REORDER_POINT,AVG_DAILY_USAGE
PLT001,PRT003,2026-06-15,788,483,223,44.20
PLT001,PRT003,2026-06-16,401,256,469,136.60
PLT001,PRT003,2026-06-17,102,370,572,119.70
PLT001,PRT003,2026-06-18,1877,134,279,148.70
PLT001,PRT003,2026-06-19,171,162,732,31.40
PLT001,PRT003,2026-06-20,874,368,611,147.80
PLT001,PRT003,2026-06-21,2038,243,647,66.20
PLT001,PRT003,2026-06-22,94,343,472,151.00
PLT001,PRT003,2026-06-23,211,341,546,92.30
PLT001,PRT003,2026-06-24,1389,108,377,122.80
PLT001,PRT003,2026-06-25,322,148,724,98.20
PLT001,PRT003,2026-06-26,111,438,373,59.70
PLT001,PRT003,2026-06-27,1686,353,748,99.20
PLT001,PRT003,2026-06-28,670,270,452,70.10
PLT001,PRT003,2026-06-29,1287,348,420,132.10
PLT001,PRT003,2026-06-30,850,323,714,150.50
PLT001,PRT003,2026-07-01,1960,308,722,91.90
PLT001,PRT003,2026-07-02,778,343,336,74.50
PLT001,PRT003,2026-07-03,1332,157,206,67.90
PLT001,PRT003,2026-07-04,2190,110,283,104.50
PLT001,PRT003,2026-07-05,1604,406,455,41.30
PLT001,PRT003,2026-07-06,1492,343,634,99.10
PLT001,PRT003,2026-07-07,631,463,794,96.40
PLT001,PRT003,2026-07-08,1096,349,625,109.50
PLT001,PRT003,2026-07-09,587,306,585,148.90
PLT001,PRT003,2026-07-10,113,111,447,112.40
PLT001,PRT003,2026-07-11,726,122,485,59.40
PLT001,PRT003,2026-07-12,282,222,519,39.10
PLT001,PRT003,2026-07-13,292,478,682,114.60
PLT001,PRT003,2026-07-14,518,375,406,59.40
PLT001,PRT003,2026-07-15,765,432,346,146.80
PLT001,PRT003,2026-07-16,965,205,486,65.00
PLT001,PRT003,2026-07-17,1533,361,352,32.10
PLT001,PRT003,2026-07-18,864,210,325,114.00
PLT001,PRT003,2026-07-19,1737,160,738,141.30
PLT001,PRT003,2026-07-20,1525,115,491,92.60
PLT001,PRT003,2026-07-21,1575,290,334,140.70
PLT001,PRT003,2026-07-22,1722,301,793,122.00
PLT001,PRT003,2026-07-23,1992,182,420,130.60
PLT001,PRT003,2026-07-24,655,497,730,106.80
PLT001,PRT003,2026-07-25,1465,307,241,85.80
PLT001,PRT003,2026-07-26,337,297,405,101.50
PLT001,PRT003,2026-07-27,1142,118,309,62.40
PLT001,PRT003,2026-07-28,1757,153,507,61.70
PLT001,PRT003,2026-07-29,56,447,551,148.20
PLT001,PRT003,2026-07-30,1976,144,427,30.90
PLT001,PRT003,2026-07-31,1657,456,605,153.70
PLT001,PRT003,2026-08-01,856,258,237,124.90
PLT001,PRT003,2026-08-02,1409,122,760,66.90
PLT001,PRT003,2026-08-03,778,338,758,117.70
PLT001,PRT003,2026-08-04,91,321,643,50.80
PLT001,PRT003,2026-08-05,1329,326,467,133.20
PLT001,PRT003,2026-08-06,1330,414,615,61.00
PLT001,PRT003,2026-08-07,962,161,536,46.10
PLT001,PRT003,2026-08-08,1009,473,797,37.60
PLT001,PRT003,2026-08-09,1133,297,487,119.30
PLT001,PRT003,2026-08-10,576,230,444,78.40
PLT001,PRT003,2026-08-11,1800,277,767,57.60
PLT001,PRT003,2026-08-12,1393,492,240,24.40
PLT001,PRT003,2026-08-13,1896,399,283,123.40
PLT001,PRT003,2026-08-14,863,118,744,102.30
PLT001,PRT003,2026-08-15,1106,308,218,30.80
PLT001,PRT003,2026-08-16,1067,344,257,41.60
PLT001,PRT003,2026-08-17,1044,449,237,148.80
PLT001,PRT003,2026-08-18,659,429,294,64.60
PLT001,PRT003,2026-08-19,1357,337,338,56.10
PLT001,PRT003,2026-08-20,888,102,748,133.90
PLT001,PRT003,2026-08-21,105,283,569,64.70
PLT001,PRT003,2026-08-22,2190,421,377,19.60
PLT001,PRT003,2026-08-23,1889,429,272,112.00
PLT001,PRT003,2026-08-24,1348,160,317,107.60
PLT001,PRT003,2026-08-25,723,171,570,23.10
PLT001,PRT003,2026-08-26,1034,316,388,69.80
PLT001,PRT003,2026-08-27,841,158,412,59.20
PLT001,PRT003,2026-08-28,1749,304,214,56.30
PLT001,PRT003,2026-08-29,1687,359,603,68.80
PLT001,PRT003,2026-08-30,1884,292,465,96.10
PLT001,PRT003,2026-08-31,1726,396,800,74.80
PLT001,PRT003,2026-09-01,993,322,409,20.30
PLT001,PRT003,2026-09-02,277,218,765,57.40
PLT001,PRT003,2026-09-03,253,338,481,26.30
PLT001,PRT003,2026-09-04,477,270,626,111.40
PLT001,PRT003,2026-09-05,905,408,604,93.80
PLT001,PRT003,2026-09-06,1062,282,729,112.30
PLT001,PRT003,2026-09-07,551,356,337,148.20
PLT001,PRT003,2026-09-08,1046,230,746,38.50
PLT001,PRT003,2026-09-09,156,494,522,102.60
PLT001,PRT003,2026-09-10,1892,254,401,34.10
PLT001,PRT003,2026-09-11,376,159,406,24.60
PLT001,PRT003,2026-09-12,624,314,323,130.50
PLT001,PRT004,2026-06-15,424,212,741,113.10
PLT001,PRT004,2026-06-16,658,438,224,56.50
PLT001,PRT004,2026-06-17,1898,264,537,87.60
PLT001,PRT004,2026-06-18,816,146,620,13.70
PLT001,PRT004,2026-06-19,1424,432,311,134.90
PLT001,PRT004,2026-06-20,654,357,346,87.70
PLT001,PRT004,2026-06-21,2191,323,304,31.10
PLT001,PRT004,2026-06-22,102,342,787,129.30
PLT001,PRT004,2026-06-23,1447,477,250,14.80
PLT001,PRT004,2026-06-24,150,192,732,22.70
PLT001,PRT004,2026-06-25,1879,321,312,139.50
PLT001,PRT004,2026-06-26,963,425,408,61.60
PLT001,PRT004,2026-06-27,1210,283,369,119.30
PLT001,PRT004,2026-06-28,2172,492,230,136.10
PLT001,PRT004,2026-06-29,1510,307,439,71.10
PLT001,PRT004,2026-06-30,1009,155,237,42.10
PLT001,PRT004,2026-07-01,557,286,219,45.90
PLT001,PRT004,2026-07-02,1341,231,711,88.40
PLT001,PRT004,2026-07-03,386,457,529,16.20
PLT001,PRT004,2026-07-04,279,387,741,100.40
PLT001,PRT004,2026-07-05,1593,120,541,85.60
PLT001,PRT004,2026-07-06,253,166,487,74.00
PLT001,PRT004,2026-07-07,1634,218,461,73.20
PLT001,PRT004,2026-07-08,1805,176,797,84.70
PLT001,PRT004,2026-07-09,463,168,416,100.20
PLT001,PRT004,2026-07-10,324,368,359,64.70
PLT001,PRT004,2026-07-11,1217,375,270,41.40
PLT001,PRT004,2026-07-12,639,345,664,140.00
PLT001,PRT004,2026-07-13,625,354,311,28.30
PLT001,PRT004,2026-07-14,502,219,497,102.40
PLT001,PRT004,2026-07-15,1184,463,575,28.10
PLT001,PRT004,2026-07-16,933,500,770,95.90
PLT001,PRT004,2026-07-17,800,288,668,19.40
PLT001,PRT004,2026-07-18,1251,456,508,146.70
PLT001,PRT004,2026-07-19,374,415,793,81.90
PLT001,PRT004,2026-07-20,1886,497,243,79.20
PLT001,PRT004,2026-07-21,1307,349,396,123.30
PLT001,PRT004,2026-07-22,1472,343,324,85.60
PLT001,PRT004,2026-07-23,1589,436,273,93.80
PLT001,PRT004,2026-07-24,424,190,497,137.20
PLT001,PRT004,2026-07-25,1488,414,698,77.10
PLT001,PRT004,2026-07-26,1106,234,655,128.50
PLT001,PRT004,2026-07-27,1971,287,769,62.90
PLT001,PRT004,2026-07-28,996,488,473,145.00
PLT001,PRT004,2026-07-29,195,135,260,147.40
PLT001,PRT004,2026-07-30,335,245,302,16.00
PLT001,PRT004,2026-07-31,905,106,735,12.30
PLT001,PRT004,2026-08-01,2000,259,731,68.10
PLT001,PRT004,2026-08-02,881,233,269,85.50
PLT001,PRT004,2026-08-03,1724,213,400,35.50
PLT001,PRT004,2026-08-04,527,140,582,102.40
PLT001,PRT004,2026-08-05,785,360,571,87.10
PLT001,PRT004,2026-08-06,719,393,454,133.90
PLT001,PRT004,2026-08-07,1556,206,320,135.50
PLT001,PRT004,2026-08-08,723,303,376,62.40
PLT001,PRT004,2026-08-09,1621,155,786,125.50
PLT001,PRT004,2026-08-10,727,186,369,153.20
PLT001,PRT004,2026-08-11,1558,307,359,72.30
PLT001,PRT004,2026-08-12,1853,420,203,24.60
PLT001,PRT004,2026-08-13,1487,183,335,49.00
PLT001,PRT004,2026-08-14,556,240,464,73.90
PLT001,PRT004,2026-08-15,2194,126,793,104.30
PLT001,PRT004,2026-08-16,499,123,414,118.10
PLT001,PRT004,2026-08-17,641,471,632,79.10
PLT001,PRT004,2026-08-18,202,287,672,117.70
PLT001,PRT004,2026-08-19,1490,318,686,30.20
PLT001,PRT004,2026-08-20,171,444,246,139.40
PLT001,PRT004,2026-08-21,1183,398,544,91.80
PLT001,PRT004,2026-08-22,2121,286,263,16.60
PLT001,PRT004,2026-08-23,1264,339,617,52.00
PLT001,PRT004,2026-08-24,646,174,460,14.50
PLT001,PRT004,2026-08-25,1474,349,650,97.70
PLT001,PRT004,2026-08-26,324,147,684,92.50
PLT001,PRT004,2026-08-27,1590,440,562,71.50
PLT001,PRT004,2026-08-28,1121,404,761,98.00
PLT001,PRT004,2026-08-29,831,421,643,130.10
PLT001,PRT004,2026-08-30,798,301,716,53.80
PLT001,PRT004,2026-08-31,1602,449,652,93.60
PLT001,PRT004,2026-09-01,1636,259,437,54.90
PLT001,PRT004,2026-09-02,1063,229,213,102.80
PLT001,PRT004,2026-09-03,441,160,748,26.00
PLT001,PRT004,2026-09-04,329,327,263,100.30
PLT001,PRT004,2026-09-05,857,381,400,35.40
PLT001,PRT004,2026-09-06,428,132,557,31.50
PLT001,PRT004,2026-09-07,1443,375,263,13.40
PLT001,PRT004,2026-09-08,1337,144,530,27.50
PLT001,PRT004,2026-09-09,986,190,229,117.40
PLT001,PRT004,2026-09-10,278,117,689,71.20
PLT001,PRT004,2026-09-11,1325,355,478,150.90
PLT001,PRT004,2026-09-12,575,485,760,139.50
PLT001,PRT005,2026-06-15,1180,201,286,90.20
PLT001,PRT005,2026-06-16,1529,476,352,52.00
PLT001,PRT005,2026-06-17,1786,153,607,150.50
PLT001,PRT005,2026-06-18,864,278,547,33.20
PLT001,PRT005,2026-06-19,1283,141,259,23.80
PLT001,PRT005,2026-06-20,969,450,368,25.40
PLT001,PRT005,2026-06-21,1527,244,219,94.70
PLT001,PRT005,2026-06-22,1278,400,409,50.60
PLT001,PRT005,2026-06-23,506,104,761,72.60
PLT001,PRT005,2026-06-24,166,119,683,76.80
PLT001,PRT005,2026-06-25,1842,411,439,72.60
PLT001,PRT005,2026-06-26,1010,220,792,12.20
PLT001,PRT005,2026-06-27,1650,380,553,73.50
PLT001,PRT005,2026-06-28,639,126,610,130.70
PLT001,PRT005,2026-06-29,1560,431,506,110.80
PLT001,PRT005,2026-06-30,1373,244,651,57.00
PLT001,PRT005,2026-07-01,1255,103,363,86.80
PLT001,PRT005,2026-07-02,1479,237,722,76.10
PLT001,PRT005,2026-07-03,760,107,265,53.80
PLT001,PRT005,2026-07-04,1041,386,364,33.50
PLT001,PRT005,2026-07-05,951,169,347,70.70
PLT001,PRT005,2026-07-06,749,437,475,148.40
PLT001,PRT005,2026-07-07,1662,447,607,27.70
PLT001,PRT005,2026-07-08,657,360,312,127.60
PLT001,PRT005,2026-07-09,1265,460,567,62.30
PLT001,PRT005,2026-07-10,1764,230,796,93.30
PLT001,PRT005,2026-07-11,1814,113,535,125.80
PLT001,PRT005,2026-07-12,876,410,716,23.30
PLT001,PRT005,2026-07-13,706,191,500,44.10
PLT001,PRT005,2026-07-14,1485,464,762,126.00
PLT001,PRT005,2026-07-15,945,406,620,74.00
PLT001,PRT005,2026-07-16,1014,266,759,88.90
PLT001,PRT005,2026-07-17,850,132,227,148.20
PLT001,PRT005,2026-07-18,1173,440,603,48.30
PLT001,PRT005,2026-07-19,699,264,417,77.80
PLT001,PRT005,2026-07-20,60,122,425,140.50
PLT001,PRT005,2026-07-21,1548,288,384,35.80
PLT001,PRT005,2026-07-22,1832,421,516,20.20
PLT001,PRT005,2026-07-23,1828,222,463,79.70
PLT001,PRT005,2026-07-24,1159,329,634,41.20
PLT001,PRT005,2026-07-25,2141,315,607,46.50
PLT001,PRT005,2026-07-26,1960,161,435,21.60
PLT001,PRT005,2026-07-27,412,116,705,66.40
PLT001,PRT005,2026-07-28,1760,278,750,115.80
PLT001,PRT005,2026-07-29,123,298,411,96.10
PLT001,PRT005,2026-07-30,1663,304,675,112.10
PLT001,PRT005,2026-07-31,1600,143,729,136.70
PLT001,PRT005,2026-08-01,841,363,799,56.10
PLT001,PRT005,2026-08-02,498,393,668,134.20
PLT001,PRT005,2026-08-03,1707,216,707,22.60
PLT001,PRT005,2026-08-04,1937,152,512,65.70
PLT001,PRT005,2026-08-05,1493,252,332,61.60
PLT001,PRT005,2026-08-06,1477,112,733,115.10
PLT001,PRT005,2026-08-07,1926,344,488,91.90
PLT001,PRT005,2026-08-08,2017,323,641,144.30
PLT001,PRT005,2026-08-09,1616,453,324,90.70
PLT001,PRT005,2026-08-10,1136,173,653,21.40
PLT001,PRT005,2026-08-11,166,470,458,20.80
PLT001,PRT005,2026-08-12,1824,401,481,101.80
PLT001,PRT005,2026-08-13,719,264,551,133.80
PLT001,PRT005,2026-08-14,778,311,616,134.20
PLT001,PRT005,2026-08-15,2170,308,577,42.60
PLT001,PRT005,2026-08-16,1978,253,694,124.20
PLT001,PRT005,2026-08-17,1665,119,602,19.70
PLT001,PRT005,2026-08-18,190,165,520,107.80
PLT001,PRT005,2026-08-19,1954,294,297,100.60
PLT001,PRT005,2026-08-20,71,147,628,23.90
PLT001,PRT005,2026-08-21,1175,478,244,93.50
PLT001,PRT005,2026-08-22,2148,319,657,48.30
PLT001,PRT005,2026-08-23,1199,330,669,131.30
PLT001,PRT005,2026-08-24,1083,158,546,80.20
PLT001,PRT005,2026-08-25,848,449,658,119.10
PLT001,PRT005,2026-08-26,588,135,517,116.60
PLT001,PRT005,2026-08-27,2000,212,558,48.50
PLT001,PRT005,2026-08-28,1103,102,253,99.30
PLT001,PRT005,2026-08-29,944,295,519,21.10
PLT001,PRT005,2026-08-30,2001,427,752,84.30
PLT001,PRT005,2026-08-31,1491,384,355,101.20
PLT001,PRT005,2026-09-01,998,273,637,24.40
PLT001,PRT005,2026-09-02,1123,388,732,136.90
PLT001,PRT005,2026-09-03,816,319,749,98.90
PLT001,PRT005,2026-09-04,642,251,220,71.40
PLT001,PRT005,2026-09-05,611,491,580,150.60
PLT001,PRT005,2026-09-06,1301,298,437,70.90
PLT001,PRT005,2026-09-07,286,349,370,142.70
PLT001,PRT005,2026-09-08,1295,298,753,36.80
PLT001,PRT005,2026-09-09,1549,472,338,34.00
PLT001,PRT005,2026-09-10,1632,410,774,27.60
PLT001,PRT005,2026-09-11,1571,139,229,134.30
PLT001,PRT005,2026-09-12,1131,292,230,43.50
PLT001,PRT008,2026-06-15,1589,379,369,21.80
PLT001,PRT008,2026-06-16,988,266,200,151.10
PLT001,PRT008,2026-06-17,994,365,580,104.40
PLT001,PRT008,2026-06-18,1099,207,412,137.20
PLT001,PRT008,2026-06-19,490,201,255,138.00
PLT001,PRT008,2026-06-20,1736,293,236,109.80
PLT001,PRT008,2026-06-21,1902,325,431,23.00
PLT001,PRT008,2026-06-22,1473,476,641,59.20
PLT001,PRT008,2026-06-23,1985,413,641,41.70
PLT001,PRT008,2026-06-24,1932,130,632,31.60
PLT001,PRT008,2026-06-25,236,115,346,100.70
PLT001,PRT008,2026-06-26,1457,284,452,49.30
PLT001,PRT008,2026-06-27,1475,186,239,112.70
PLT001,PRT008,2026-06-28,1092,312,616,86.90
PLT001,PRT008,2026-06-29,105,278,466,34.20
PLT001,PRT008,2026-06-30,1113,320,327,120.90
PLT001,PRT008,2026-07-01,1628,352,200,53.80
PLT001,PRT008,2026-07-02,1024,407,601,32.40
PLT001,PRT008,2026-07-03,1184,340,338,21.00
PLT001,PRT008,2026-07-04,1641,457,676,106.40
PLT001,PRT008,2026-07-05,753,482,332,33.50
PLT001,PRT008,2026-07-06,719,188,282,32.20
PLT001,PRT008,2026-07-07,1321,207,594,12.70
PLT001,PRT008,2026-07-08,694,148,499,76.90
PLT001,PRT008,2026-07-09,1069,299,593,16.30
PLT001,PRT008,2026-07-10,1619,288,536,87.80
PLT001,PRT008,2026-07-11,664,239,717,122.50
PLT001,PRT008,2026-07-12,1850,248,299,128.30
PLT001,PRT008,2026-07-13,1184,268,258,18.40
PLT001,PRT008,2026-07-14,1361,477,373,143.10
PLT001,PRT008,2026-07-15,1141,441,698,26.20
PLT001,PRT008,2026-07-16,280,440,360,27.90
PLT001,PRT008,2026-07-17,1954,188,418,148.90
PLT001,PRT008,2026-07-18,1326,434,579,77.40
PLT001,PRT008,2026-07-19,1651,452,335,109.50
PLT001,PRT008,2026-07-20,1108,389,703,70.70
PLT001,PRT008,2026-07-21,1690,122,352,108.00
PLT001,PRT008,2026-07-22,1696,231,795,40.20
PLT001,PRT008,2026-07-23,1421,486,601,146.50
PLT001,PRT008,2026-07-24,449,368,539,25.50
PLT001,PRT008,2026-07-25,1555,340,530,37.10
PLT001,PRT008,2026-07-26,1591,482,436,85.10
PLT001,PRT008,2026-07-27,737,312,544,122.40
PLT001,PRT008,2026-07-28,203,478,201,90.90
PLT001,PRT008,2026-07-29,788,460,728,44.70
PLT001,PRT008,2026-07-30,442,476,752,129.00
PLT001,PRT008,2026-07-31,64,423,743,108.00
PLT001,PRT008,2026-08-01,922,339,596,84.40
PLT001,PRT008,2026-08-02,1492,299,315,128.00
PLT001,PRT008,2026-08-03,606,264,726,141.10
PLT001,PRT008,2026-08-04,420,396,692,32.40
PLT001,PRT008,2026-08-05,690,239,597,150.70
PLT001,PRT008,2026-08-06,1298,369,334,96.40
PLT001,PRT008,2026-08-07,1138,398,311,68.60
PLT001,PRT008,2026-08-08,739,285,427,84.50
PLT001,PRT008,2026-08-09,665,374,543,139.90
PLT001,PRT008,2026-08-10,287,482,548,137.80
PLT001,PRT008,2026-08-11,711,416,270,37.90
PLT001,PRT008,2026-08-12,1792,336,540,38.20
PLT001,PRT008,2026-08-13,1500,176,547,13.20
PLT001,PRT008,2026-08-14,857,492,231,148.30
PLT001,PRT008,2026-08-15,295,391,431,15.30
PLT001,PRT008,2026-08-16,524,234,566,120.20
PLT001,PRT008,2026-08-17,888,296,760,120.50
PLT001,PRT008,2026-08-18,1941,115,427,133.80
PLT001,PRT008,2026-08-19,1757,150,662,109.10
PLT001,PRT008,2026-08-20,87,317,755,17.40
PLT001,PRT008,2026-08-21,1565,251,248,143.60
PLT001,PRT008,2026-08-22,602,368,254,151.10
PLT001,PRT008,2026-08-23,1729,416,275,38.00
PLT001,PRT008,2026-08-24,1359,276,412,50.60
PLT001,PRT008,2026-08-25,69,118,309,76.80
PLT001,PRT008,2026-08-26,301,198,244,126.20
PLT001,PRT008,2026-08-27,1480,248,513,63.90
PLT001,PRT008,2026-08-28,1747,462,541,131.00
PLT001,PRT008,2026-08-29,346,220,279,63.80
PLT001,PRT008,2026-08-30,2186,325,356,26.10
PLT001,PRT008,2026-08-31,738,395,313,22.10
PLT001,PRT008,2026-09-01,753,416,716,129.40
PLT001,PRT008,2026-09-02,771,273,543,37.40
PLT001,PRT008,2026-09-03,920,186,667,102.00
PLT001,PRT008,2026-09-04,212,412,596,136.10
PLT001,PRT008,2026-09-05,1656,119,744,26.70
PLT001,PRT008,2026-09-06,776,254,682,78.60
PLT001,PRT008,2026-09-07,147,314,785,144.60
PLT001,PRT008,2026-09-08,1100,133,370,47.80
PLT001,PRT008,2026-09-09,1195,166,349,65.40
PLT001,PRT008,2026-09-10,254,417,696,74.60
PLT001,PRT008,2026-09-11,526,104,795,84.60
PLT001,PRT008,2026-09-12,1632,416,313,82.00
PLT001,PRT009,2026-06-15,675,213,658,65.90
PLT001,PRT009,2026-06-16,1428,427,561,83.00
PLT001,PRT009,2026-06-17,1610,420,752,37.30
PLT001,PRT009,2026-06-18,643,415,379,129.30
PLT001,PRT009,2026-06-19,1121,474,627,27.90
PLT001,PRT009,2026-06-20,639,269,377,68.60
PLT001,PRT009,2026-06-21,747,377,339,42.50
PLT001,PRT009,2026-06-22,275,283,588,22.40
PLT001,PRT009,2026-06-23,300,361,676,59.00
PLT001,PRT009,2026-06-24,1223,295,738,59.40
PLT001,PRT009,2026-06-25,735,440,394,40.00
PLT001,PRT009,2026-06-26,503,226,403,22.20
PLT001,PRT009,2026-06-27,509,172,731,52.70
PLT001,PRT009,2026-06-28,717,488,543,155.00
PLT001,PRT009,2026-06-29,1740,210,534,54.30
PLT001,PRT009,2026-06-30,1790,202,561,45.70
PLT001,PRT009,2026-07-01,1916,189,705,96.30
PLT001,PRT009,2026-07-02,376,162,354,24.80
PLT001,PRT009,2026-07-03,825,328,541,145.30
PLT001,PRT009,2026-07-04,1623,381,285,135.50
PLT001,PRT009,2026-07-05,944,236,313,95.90
PLT001,PRT009,2026-07-06,1565,360,408,39.70
PLT001,PRT009,2026-07-07,752,247,702,42.10
PLT001,PRT009,2026-07-08,804,193,527,136.90
PLT001,PRT009,2026-07-09,752,200,290,151.90
PLT001,PRT009,2026-07-10,666,291,404,110.50
PLT001,PRT009,2026-07-11,1668,115,513,56.50
PLT001,PRT009,2026-07-12,554,219,347,138.70
PLT001,PRT009,2026-07-13,1747,190,277,35.90
PLT001,PRT009,2026-07-14,1625,348,324,77.60
PLT001,PRT009,2026-07-15,589,301,736,74.50
PLT001,PRT009,2026-07-16,1645,355,377,154.10
PLT001,PRT009,2026-07-17,582,403,410,110.30
PLT001,PRT009,2026-07-18,2076,296,204,22.00
PLT001,PRT009,2026-07-19,1702,115,731,45.90
PLT001,PRT009,2026-07-20,1965,353,505,139.10
PLT001,PRT009,2026-07-21,1821,346,343,134.10
PLT001,PRT009,2026-07-22,1993,145,640,140.40
PLT001,PRT009,2026-07-23,1497,202,512,135.10
PLT001,PRT009,2026-07-24,992,314,546,149.30
PLT001,PRT009,2026-07-25,1616,270,648,113.10
PLT001,PRT009,2026-07-26,298,286,476,114.50
PLT001,PRT009,2026-07-27,559,301,220,18.00
PLT001,PRT009,2026-07-28,1631,454,601,47.80
PLT001,PRT009,2026-07-29,737,109,411,16.00
PLT001,PRT009,2026-07-30,1630,276,631,21.70
PLT001,PRT009,2026-07-31,624,392,573,28.10
PLT001,PRT009,2026-08-01,2136,421,766,45.30
PLT001,PRT009,2026-08-02,1266,466,734,74.50
PLT001,PRT009,2026-08-03,1947,425,380,131.50
PLT001,PRT009,2026-08-04,332,391,434,84.40
PLT001,PRT009,2026-08-05,1312,133,551,106.30
PLT001,PRT009,2026-08-06,1006,181,765,22.00
PLT001,PRT009,2026-08-07,1048,463,659,83.60
PLT001,PRT009,2026-08-08,322,291,275,117.50
PLT001,PRT009,2026-08-09,458,231,679,68.60
PLT001,PRT009,2026-08-10,1247,345,742,81.40
PLT001,PRT009,2026-08-11,235,209,401,135.70
PLT001,PRT009,2026-08-12,1616,169,221,49.60
PLT001,PRT009,2026-08-13,671,371,740,106.50
PLT001,PRT009,2026-08-14,702,318,638,112.40
PLT001,PRT009,2026-08-15,1923,323,342,14.20
PLT001,PRT009,2026-08-16,963,226,519,43.70
PLT001,PRT009,2026-08-17,711,272,248,131.50
PLT001,PRT009,2026-08-18,1306,408,765,126.80
PLT001,PRT009,2026-08-19,1911,442,456,65.90
PLT001,PRT009,2026-08-20,1797,429,542,109.90
PLT001,PRT009,2026-08-21,927,190,602,59.10
PLT001,PRT009,2026-08-22,537,281,574,44.30
PLT001,PRT009,2026-08-23,1498,115,725,123.50
PLT001,PRT009,2026-08-24,115,234,738,60.00
PLT001,PRT009,2026-08-25,296,404,351,47.30
PLT001,PRT009,2026-08-26,190,122,495,51.40
PLT001,PRT009,2026-08-27,1418,217,340,59.90
PLT001,PRT009,2026-08-28,1439,419,548,125.70
PLT001,PRT009,2026-08-29,1865,465,298,81.50
PLT001,PRT009,2026-08-30,1087,422,478,85.00
PLT001,PRT009,2026-08-31,179,265,326,15.20
PLT001,PRT009,2026-09-01,1537,309,302,86.70
PLT001,PRT009,2026-09-02,693,176,727,140.40
PLT001,PRT009,2026-09-03,1793,360,781,89.20
PLT001,PRT009,2026-09-04,1597,315,255,152.70
PLT001,PRT009,2026-09-05,1055,322,670,16.20
PLT001,PRT009,2026-09-06,812,332,539,128.20
PLT001,PRT009,2026-09-07,974,298,307,28.00
PLT001,PRT009,2026-09-08,478,363,411,73.00
PLT001,PRT009,2026-09-09,1495,280,726,40.70
PLT001,PRT009,2026-09-10,1102,312,402,106.80
PLT001,PRT009,2026-09-11,313,200,548,127.10
PLT001,PRT009,2026-09-12,1269,169,230,20.10
PLT001,PRT010,2026-06-15,303,419,295,19.70
PLT001,PRT010,2026-06-16,1648,341,206,14.40
PLT001,PRT010,2026-06-17,583,227,245,73.90
PLT001,PRT010,2026-06-18,1423,193,392,45.10
PLT001,PRT010,2026-06-19,496,285,279,54.00
PLT001,PRT010,2026-06-20,1605,269,595,100.90
PLT001,PRT010,2026-06-21,1163,348,776,135.40
PLT001,PRT010,2026-06-22,379,301,312,61.20
PLT001,PRT010,2026-06-23,191,273,237,45.90
PLT001,PRT010,2026-06-24,1675,211,530,35.00
PLT001,PRT010,2026-06-25,1037,305,355,19.50
PLT001,PRT010,2026-06-26,779,105,342,132.80
PLT001,PRT010,2026-06-27,509,224,303,62.60
PLT001,PRT010,2026-06-28,892,462,658,151.00
PLT001,PRT010,2026-06-29,1836,353,738,151.20
PLT001,PRT010,2026-06-30,328,203,498,19.60
PLT001,PRT010,2026-07-01,629,374,723,61.60
PLT001,PRT010,2026-07-02,1449,254,321,109.70
PLT001,PRT010,2026-07-03,281,155,507,63.50
PLT001,PRT010,2026-07-04,1567,144,771,137.70
PLT001,PRT010,2026-07-05,1393,114,217,43.60
PLT001,PRT010,2026-07-06,1530,343,712,49.60
PLT001,PRT010,2026-07-07,1163,136,548,123.00
PLT001,PRT010,2026-07-08,134,463,326,91.00
PLT001,PRT010,2026-07-09,1374,419,325,94.60
PLT001,PRT010,2026-07-10,998,286,494,145.60
PLT001,PRT010,2026-07-11,1416,424,654,47.70
PLT001,PRT010,2026-07-12,1231,324,535,52.70
PLT001,PRT010,2026-07-13,905,107,494,133.20
PLT001,PRT010,2026-07-14,1630,387,402,40.80
PLT001,PRT010,2026-07-15,654,127,499,130.30
PLT001,PRT010,2026-07-16,467,376,472,45.20
PLT001,PRT010,2026-07-17,894,360,580,47.50
PLT001,PRT010,2026-07-18,1016,478,423,51.70
PLT001,PRT010,2026-07-19,1663,385,501,10.60
PLT001,PRT010,2026-07-20,814,413,571,142.80
PLT001,PRT010,2026-07-21,228,444,576,139.20
PLT001,PRT010,2026-07-22,706,215,244,69.20
PLT001,PRT010,2026-07-23,835,247,540,140.00
PLT001,PRT010,2026-07-24,257,240,581,113.50
PLT001,PRT010,2026-07-25,428,316,669,134.40
PLT001,PRT010,2026-07-26,1808,305,632,55.60
PLT001,PRT010,2026-07-27,550,290,735,149.50
PLT001,PRT010,2026-07-28,816,167,364,107.00
PLT001,PRT010,2026-07-29,985,269,782,26.30
PLT001,PRT010,2026-07-30,410,188,542,124.50
PLT001,PRT010,2026-07-31,946,459,680,55.80
PLT001,PRT010,2026-08-01,509,369,476,81.90
PLT001,PRT010,2026-08-02,429,327,596,74.10
PLT001,PRT010,2026-08-03,1635,335,377,60.80
PLT001,PRT010,2026-08-04,343,462,632,106.60
PLT001,PRT010,2026-08-05,1496,300,223,90.90
PLT001,PRT010,2026-08-06,1881,242,406,113.30
PLT001,PRT010,2026-08-07,599,201,562,113.30
PLT001,PRT010,2026-08-08,1618,244,407,92.90
PLT001,PRT010,2026-08-09,1581,348,777,149.80
PLT001,PRT010,2026-08-10,1631,356,537,62.00
PLT001,PRT010,2026-08-11,722,436,495,57.20
PLT001,PRT010,2026-08-12,171,148,631,100.80
PLT001,PRT010,2026-08-13,461,307,317,98.00
PLT001,PRT010,2026-08-14,919,330,390,83.30
PLT001,PRT010,2026-08-15,661,489,262,32.00
PLT001,PRT010,2026-08-16,1498,170,677,133.10
PLT001,PRT010,2026-08-17,1138,355,357,121.10
PLT001,PRT010,2026-08-18,1672,488,271,40.70
PLT001,PRT010,2026-08-19,1376,446,322,13.90
PLT001,PRT010,2026-08-20,641,329,609,38.60
PLT001,PRT010,2026-08-21,401,165,747,137.60
PLT001,PRT010,2026-08-22,1122,148,316,29.80
PLT001,PRT010,2026-08-23,986,248,516,71.70
PLT001,PRT010,2026-08-24,599,220,564,29.50
PLT001,PRT010,2026-08-25,1676,333,625,22.30
PLT001,PRT010,2026-08-26,1675,220,597,97.80
PLT001,PRT010,2026-08-27,1988,315,270,48.40
PLT001,PRT010,2026-08-28,594,237,388,90.60
PLT001,PRT010,2026-08-29,851,336,362,48.00
PLT001,PRT010,2026-08-30,595,130,536,134.80
PLT001,PRT010,2026-08-31,312,121,480,113.80
PLT001,PRT010,2026-09-01,1444,413,581,144.30
PLT001,PRT010,2026-09-02,1120,340,697,72.70
PLT001,PRT010,2026-09-03,1155,277,795,53.80
PLT001,PRT010,2026-09-04,509,268,360,96.00
PLT001,PRT010,2026-09-05,1846,424,288,79.70
PLT001,PRT010,2026-09-06,1186,253,587,149.60
PLT001,PRT010,2026-09-07,472,244,573,120.00
PLT001,PRT010,2026-09-08,1444,304,616,130.70
PLT001,PRT010,2026-09-09,772,117,208,122.30
PLT001,PRT010,2026-09-10,1495,178,626,26.00
PLT001,PRT010,2026-09-11,159,140,341,55.70
PLT001,PRT010,2026-09-12,1235,169,782,124.60
PLT001,PRT011,2026-06-15,487,167,521,52.00
PLT001,PRT011,2026-06-16,358,324,743,90.80
PLT001,PRT011,2026-06-17,505,211,700,120.10
PLT001,PRT011,2026-06-18,433,203,701,70.20
PLT001,PRT011,2026-06-19,673,264,440,84.20
PLT001,PRT011,2026-06-20,935,462,499,150.20
PLT001,PRT011,2026-06-21,1575,230,266,138.80
PLT001,PRT011,2026-06-22,1032,362,744,142.40
PLT001,PRT011,2026-06-23,1284,343,740,53.90
PLT001,PRT011,2026-06-24,1390,130,329,49.90
PLT001,PRT011,2026-06-25,415,308,522,70.50
PLT001,PRT011,2026-06-26,1266,361,275,114.40
PLT001,PRT011,2026-06-27,1368,416,388,30.50
PLT001,PRT011,2026-06-28,1219,275,284,145.30
PLT001,PRT011,2026-06-29,797,331,444,80.50
PLT001,PRT011,2026-06-30,399,231,211,74.90
PLT001,PRT011,2026-07-01,509,439,266,148.70
PLT001,PRT011,2026-07-02,1304,334,353,66.90
PLT001,PRT011,2026-07-03,1506,162,370,43.40
PLT001,PRT011,2026-07-04,629,317,331,148.30
PLT001,PRT011,2026-07-05,2195,282,418,146.30
PLT001,PRT011,2026-07-06,1046,447,382,114.30
PLT001,PRT011,2026-07-07,1670,219,707,32.10
PLT001,PRT011,2026-07-08,1798,441,777,63.40
PLT001,PRT011,2026-07-09,736,152,623,44.20
PLT001,PRT011,2026-07-10,1277,186,325,47.80
PLT001,PRT011,2026-07-11,1884,439,525,97.60
PLT001,PRT011,2026-07-12,662,313,564,119.80
PLT001,PRT011,2026-07-13,1030,231,364,130.10
PLT001,PRT011,2026-07-14,1183,433,630,99.30
PLT001,PRT011,2026-07-15,422,199,642,134.20
PLT001,PRT011,2026-07-16,1605,358,647,111.00
PLT001,PRT011,2026-07-17,104,388,387,74.40
PLT001,PRT011,2026-07-18,719,210,497,141.20
PLT001,PRT011,2026-07-19,1276,478,238,58.20
PLT001,PRT011,2026-07-20,1330,368,699,113.90
PLT001,PRT011,2026-07-21,984,461,544,77.90
PLT001,PRT011,2026-07-22,534,283,459,43.60
PLT001,PRT011,2026-07-23,67,214,677,61.10
PLT001,PRT011,2026-07-24,1776,205,235,140.40
PLT001,PRT011,2026-07-25,1099,302,690,25.50
PLT001,PRT011,2026-07-26,660,396,223,102.20
PLT001,PRT011,2026-07-27,1534,488,664,37.70
PLT001,PRT011,2026-07-28,187,186,533,150.90
PLT001,PRT011,2026-07-29,1032,225,233,143.80
PLT001,PRT011,2026-07-30,190,434,279,109.60
PLT001,PRT011,2026-07-31,77,338,475,121.90
PLT001,PRT011,2026-08-01,1401,245,705,65.30
PLT001,PRT011,2026-08-02,1834,366,694,18.90
PLT001,PRT011,2026-08-03,912,143,678,26.80
PLT001,PRT011,2026-08-04,599,354,720,31.00
PLT001,PRT011,2026-08-05,1209,195,562,43.70
PLT001,PRT011,2026-08-06,894,363,442,134.40
PLT001,PRT011,2026-08-07,124,243,663,57.80
PLT001,PRT011,2026-08-08,565,204,706,85.70
PLT001,PRT011,2026-08-09,1035,270,738,133.30
PLT001,PRT011,2026-08-10,1783,497,624,151.50
PLT001,PRT011,2026-08-11,94,420,202,103.20
PLT001,PRT011,2026-08-12,1983,267,213,34.60
PLT001,PRT011,2026-08-13,1572,273,429,101.40
PLT001,PRT011,2026-08-14,1511,151,746,28.00
PLT001,PRT011,2026-08-15,315,401,684,89.50
PLT001,PRT011,2026-08-16,824,477,526,128.90
PLT001,PRT011,2026-08-17,1996,314,634,74.80
PLT001,PRT011,2026-08-18,1191,197,292,63.30
PLT001,PRT011,2026-08-19,279,376,271,79.60
PLT001,PRT011,2026-08-20,1979,293,779,57.10
PLT001,PRT011,2026-08-21,857,256,794,38.80
PLT001,PRT011,2026-08-22,1866,441,360,79.90
PLT001,PRT011,2026-08-23,1884,319,380,47.90
PLT001,PRT011,2026-08-24,346,172,434,150.10
PLT001,PRT011,2026-08-25,1182,203,763,26.00
PLT001,PRT011,2026-08-26,497,257,673,124.30
PLT001,PRT011,2026-08-27,1882,307,763,93.60
PLT001,PRT011,2026-08-28,910,187,740,105.40
PLT001,PRT011,2026-08-29,788,208,322,101.00
PLT001,PRT011,2026-08-30,440,472,393,144.80
PLT001,PRT011,2026-08-31,781,439,566,101.40
PLT001,PRT011,2026-09-01,1157,480,523,55.00
PLT001,PRT011,2026-09-02,982,254,462,70.40
PLT001,PRT011,2026-09-03,732,489,726,57.60
PLT001,PRT011,2026-09-04,1543,436,771,141.40
PLT001,PRT011,2026-09-05,684,153,253,27.30
PLT001,PRT011,2026-09-06,2148,307,333,79.80
PLT001,PRT011,2026-09-07,1382,148,337,121.70
PLT001,PRT011,2026-09-08,1856,324,696,103.80
PLT001,PRT011,2026-09-09,1557,214,774,37.60
PLT001,PRT011,2026-09-10,1199,125,614,74.60
PLT001,PRT011,2026-09-11,1681,446,733,150.10
PLT001,PRT011,2026-09-12,658,175,436,72.50
PLT001,PRT013,2026-06-15,1794,236,608,150.50
PLT001,PRT013,2026-06-16,1376,124,480,115.00
PLT001,PRT013,2026-06-17,1683,304,427,25.20
PLT001,PRT013,2026-06-18,476,155,630,134.60
PLT001,PRT013,2026-06-19,278,224,766,91.10
PLT001,PRT013,2026-06-20,1772,390,286,130.30
PLT001,PRT013,2026-06-21,1915,394,557,91.40
PLT001,PRT013,2026-06-22,719,331,354,110.90
PLT001,PRT013,2026-06-23,1049,464,568,17.20
PLT001,PRT013,2026-06-24,1315,362,779,81.20
PLT001,PRT013,2026-06-25,1202,208,326,130.40
PLT001,PRT013,2026-06-26,1152,307,523,116.40
PLT001,PRT013,2026-06-27,1020,409,713,48.60
PLT001,PRT013,2026-06-28,678,331,554,100.90
PLT001,PRT013,2026-06-29,200,335,200,30.50
PLT001,PRT013,2026-06-30,1181,178,266,83.60
PLT001,PRT013,2026-07-01,581,256,267,66.20
PLT001,PRT013,2026-07-02,422,208,678,53.20
PLT001,PRT013,2026-07-03,175,269,737,145.10
PLT001,PRT013,2026-07-04,873,345,246,107.30
PLT001,PRT013,2026-07-05,1526,102,237,18.10
PLT001,PRT013,2026-07-06,1652,436,400,118.40
PLT001,PRT013,2026-07-07,1679,408,508,75.90
PLT001,PRT013,2026-07-08,518,256,563,148.80
PLT001,PRT013,2026-07-09,1551,176,729,83.90
PLT001,PRT013,2026-07-10,332,173,538,33.80
PLT001,PRT013,2026-07-11,1766,471,733,13.20
PLT001,PRT013,2026-07-12,1432,364,318,97.40
PLT001,PRT013,2026-07-13,1144,137,721,51.10
PLT001,PRT013,2026-07-14,384,493,614,111.80
PLT001,PRT013,2026-07-15,816,399,354,99.80
PLT001,PRT013,2026-07-16,880,248,562,82.30
PLT001,PRT013,2026-07-17,829,101,217,44.00
PLT001,PRT013,2026-07-18,613,347,722,31.90
PLT001,PRT013,2026-07-19,1851,135,667,61.30
PLT001,PRT013,2026-07-20,870,159,645,116.70
PLT001,PRT013,2026-07-21,1967,272,432,118.40
PLT001,PRT013,2026-07-22,992,156,307,67.70
PLT001,PRT013,2026-07-23,1883,131,333,81.70
PLT001,PRT013,2026-07-24,1962,206,211,20.00
PLT001,PRT013,2026-07-25,1404,129,621,50.80
PLT001,PRT013,2026-07-26,474,226,587,68.10
PLT001,PRT013,2026-07-27,1326,144,667,22.80
PLT001,PRT013,2026-07-28,491,353,677,60.90
PLT001,PRT013,2026-07-29,1217,102,386,20.80
PLT001,PRT013,2026-07-30,1750,402,200,118.10
PLT001,PRT013,2026-07-31,884,414,782,130.40
PLT001,PRT013,2026-08-01,2087,462,754,124.20
PLT001,PRT013,2026-08-02,977,473,530,75.70
PLT001,PRT013,2026-08-03,417,467,712,28.80
PLT001,PRT013,2026-08-04,977,150,542,15.40
PLT001,PRT013,2026-08-05,1825,311,372,141.10
PLT001,PRT013,2026-08-06,1676,221,697,89.90
PLT001,PRT013,2026-08-07,1339,349,330,138.00
PLT001,PRT013,2026-08-08,1964,496,303,23.20
PLT001,PRT013,2026-08-09,1872,309,249,74.00
PLT001,PRT013,2026-08-10,484,302,703,70.70
PLT001,PRT013,2026-08-11,1053,135,775,29.50
PLT001,PRT013,2026-08-12,1712,138,413,77.80
PLT001,PRT013,2026-08-13,313,373,321,81.40
PLT001,PRT013,2026-08-14,672,132,730,76.30
PLT001,PRT013,2026-08-15,686,312,371,64.00
PLT001,PRT013,2026-08-16,1891,478,292,75.00
PLT001,PRT013,2026-08-17,1285,470,358,92.00
PLT001,PRT013,2026-08-18,1038,284,319,104.60
PLT001,PRT013,2026-08-19,1347,300,634,128.20
PLT001,PRT013,2026-08-20,99,276,499,75.90
PLT001,PRT013,2026-08-21,519,427,314,106.70
PLT001,PRT013,2026-08-22,1731,309,425,64.10
PLT001,PRT013,2026-08-23,2055,308,553,134.90
PLT001,PRT013,2026-08-24,1626,207,251,46.90
PLT001,PRT013,2026-08-25,1856,456,501,34.20
PLT001,PRT013,2026-08-26,1214,186,576,32.80
PLT001,PRT013,2026-08-27,939,159,480,53.50
PLT001,PRT013,2026-08-28,1910,471,770,138.80
PLT001,PRT013,2026-08-29,781,238,678,73.40
PLT001,PRT013,2026-08-30,1776,375,326,18.40
PLT001,PRT013,2026-08-31,630,363,747,34.10
PLT001,PRT013,2026-09-01,865,104,710,75.50
PLT001,PRT013,2026-09-02,1862,296,246,142.30
PLT001,PRT013,2026-09-03,1868,121,796,71.60
PLT001,PRT013,2026-09-04,601,474,786,151.40
PLT001,PRT013,2026-09-05,382,171,237,98.80
PLT001,PRT013,2026-09-06,2059,288,743,15.20
PLT001,PRT013,2026-09-07,1855,297,591,132.70
PLT001,PRT013,2026-09-08,1953,193,710,19.80
PLT001,PRT013,2026-09-09,528,121,532,132.20
PLT001,PRT013,2026-09-10,1010,428,255,47.70
PLT001,PRT013,2026-09-11,889,110,608,144.50
PLT001,PRT013,2026-09-12,1892,245,630,112.20
PLT001,PRT014,2026-06-15,1146,349,493,95.30
PLT001,PRT014,2026-06-16,901,293,274,135.50
PLT001,PRT014,2026-06-17,994,231,343,109.50
PLT001,PRT014,2026-06-18,1664,246,605,122.70
PLT001,PRT014,2026-06-19,614,487,760,96.10
PLT001,PRT014,2026-06-20,1652,130,660,33.90
PLT001,PRT014,2026-06-21,1230,337,717,97.20
PLT001,PRT014,2026-06-22,545,394,628,42.00
PLT001,PRT014,2026-06-23,892,475,231,119.90
PLT001,PRT014,2026-06-24,1139,348,351,116.10
PLT001,PRT014,2026-06-25,1795,444,622,147.10
PLT001,PRT014,2026-06-26,594,186,480,28.70
PLT001,PRT014,2026-06-27,1577,202,339,51.60
PLT001,PRT014,2026-06-28,794,493,336,138.80
PLT001,PRT014,2026-06-29,351,286,669,28.70
PLT001,PRT014,2026-06-30,1620,343,367,102.60
PLT001,PRT014,2026-07-01,847,262,438,97.20
PLT001,PRT014,2026-07-02,1827,235,546,20.30
PLT001,PRT014,2026-07-03,282,389,497,136.20
PLT001,PRT014,2026-07-04,756,312,560,78.30
PLT001,PRT014,2026-07-05,1332,116,764,146.40
PLT001,PRT014,2026-07-06,703,334,774,41.10
PLT001,PRT014,2026-07-07,272,342,666,110.80
PLT001,PRT014,2026-07-08,268,405,453,135.90
PLT001,PRT014,2026-07-09,52,199,405,134.70
PLT001,PRT014,2026-07-10,73,304,755,58.70
PLT001,PRT014,2026-07-11,1778,117,567,87.00
PLT001,PRT014,2026-07-12,1136,354,354,80.10
PLT001,PRT014,2026-07-13,476,383,451,29.10
PLT001,PRT014,2026-07-14,631,382,615,82.00
PLT001,PRT014,2026-07-15,115,181,433,41.00
PLT001,PRT014,2026-07-16,1997,371,718,37.00
PLT001,PRT014,2026-07-17,205,234,682,57.10
PLT001,PRT014,2026-07-18,499,102,585,42.70
PLT001,PRT014,2026-07-19,529,308,488,42.40
PLT001,PRT014,2026-07-20,709,362,249,41.70
PLT001,PRT014,2026-07-21,1326,346,517,94.90
PLT001,PRT014,2026-07-22,240,141,457,81.70
PLT001,PRT014,2026-07-23,1895,368,533,120.50
PLT001,PRT014,2026-07-24,360,281,443,45.90
PLT001,PRT014,2026-07-25,1087,156,534,122.90
PLT001,PRT014,2026-07-26,1779,273,620,123.80
PLT001,PRT014,2026-07-27,1819,170,785,18.40
PLT001,PRT014,2026-07-28,1817,462,377,43.80
PLT001,PRT014,2026-07-29,1600,445,420,55.70
PLT001,PRT014,2026-07-30,894,135,762,148.00
PLT001,PRT014,2026-07-31,1585,235,353,20.10
PLT001,PRT014,2026-08-01,1935,203,619,124.40
PLT001,PRT014,2026-08-02,2138,225,209,54.20
PLT001,PRT014,2026-08-03,679,478,466,85.10
PLT001,PRT014,2026-08-04,358,171,662,105.10
PLT001,PRT014,2026-08-05,1186,447,749,149.10
PLT001,PRT014,2026-08-06,1283,410,333,128.70
PLT001,PRT014,2026-08-07,1545,113,503,42.60
PLT001,PRT014,2026-08-08,662,395,272,88.50
PLT001,PRT014,2026-08-09,1824,487,405,103.70
PLT001,PRT014,2026-08-10,1698,442,277,44.00
PLT001,PRT014,2026-08-11,1635,195,537,78.70
PLT001,PRT014,2026-08-12,1460,193,399,143.00
PLT001,PRT014,2026-08-13,523,219,697,27.90
PLT001,PRT014,2026-08-14,1533,242,766,97.30
PLT001,PRT014,2026-08-15,2187,435,454,133.70
PLT001,PRT014,2026-08-16,690,399,314,105.70
PLT001,PRT014,2026-08-17,646,120,491,151.20
PLT001,PRT014,2026-08-18,1700,213,553,74.70
PLT001,PRT014,2026-08-19,206,375,218,113.70
PLT001,PRT014,2026-08-20,122,374,355,28.00
PLT001,PRT014,2026-08-21,1487,301,506,129.00
PLT001,PRT014,2026-08-22,983,450,525,32.60
PLT001,PRT014,2026-08-23,370,104,470,125.40
PLT001,PRT014,2026-08-24,935,387,321,109.40
PLT001,PRT014,2026-08-25,1081,168,715,96.00
PLT001,PRT014,2026-08-26,1657,329,655,134.10
PLT001,PRT014,2026-08-27,1285,344,519,125.40
PLT001,PRT014,2026-08-28,1016,467,328,34.60
PLT001,PRT014,2026-08-29,829,365,554,108.80
PLT001,PRT014,2026-08-30,691,256,677,67.40
PLT001,PRT014,2026-08-31,1659,429,378,53.20
PLT001,PRT014,2026-09-01,502,399,583,140.70
PLT001,PRT014,2026-09-02,870,418,639,100.80
PLT001,PRT014,2026-09-03,384,284,797,88.60
PLT001,PRT014,2026-09-04,1911,324,272,114.30
PLT001,PRT014,2026-09-05,1803,195,357,124.70
PLT001,PRT014,2026-09-06,1836,358,746,17.90
PLT001,PRT014,2026-09-07,134,247,339,91.80
PLT001,PRT014,2026-09-08,840,372,704,84.00
PLT001,PRT014,2026-09-09,1149,117,628,129.20
PLT001,PRT014,2026-09-10,1085,119,553,99.30
PLT001,PRT014,2026-09-11,333,439,403,28.00
PLT001,PRT014,2026-09-12,1578,436,538,91.50
PLT001,PRT015,2026-06-15,1174,220,246,21.50
PLT001,PRT015,2026-06-16,488,358,692,99.50
PLT001,PRT015,2026-06-17,1080,151,285,77.20
PLT001,PRT015,2026-06-18,1023,154,529,143.30
PLT001,PRT015,2026-06-19,1486,458,388,49.50
PLT001,PRT015,2026-06-20,255,320,624,125.60
PLT001,PRT015,2026-06-21,1317,466,605,38.40
PLT001,PRT015,2026-06-22,1477,477,778,24.00
PLT001,PRT015,2026-06-23,289,388,647,63.20
PLT001,PRT015,2026-06-24,1207,444,781,129.30
PLT001,PRT015,2026-06-25,1295,445,370,61.30
PLT001,PRT015,2026-06-26,1449,466,399,97.00
PLT001,PRT015,2026-06-27,540,207,266,149.80
PLT001,PRT015,2026-06-28,1151,243,351,85.10
PLT001,PRT015,2026-06-29,683,187,554,48.20
PLT001,PRT015,2026-06-30,1447,390,590,144.70
PLT001,PRT015,2026-07-01,1355,221,503,108.50
PLT001,PRT015,2026-07-02,1250,318,348,24.70
PLT001,PRT015,2026-07-03,1831,220,629,141.30
PLT001,PRT015,2026-07-04,1752,206,528,131.00
PLT001,PRT015,2026-07-05,1005,170,627,103.60
PLT001,PRT015,2026-07-06,552,287,293,46.30
PLT001,PRT015,2026-07-07,1167,411,533,113.50
PLT001,PRT015,2026-07-08,1974,282,359,106.50
PLT001,PRT015,2026-07-09,370,234,299,121.90
PLT001,PRT015,2026-07-10,502,336,378,14.50
PLT001,PRT015,2026-07-11,1192,404,211,115.50
PLT001,PRT015,2026-07-12,1691,214,791,104.20
PLT001,PRT015,2026-07-13,1850,130,584,116.60
PLT001,PRT015,2026-07-14,1285,447,763,16.60
PLT001,PRT015,2026-07-15,542,441,657,125.70
PLT001,PRT015,2026-07-16,1461,456,779,151.10
PLT001,PRT015,2026-07-17,1614,260,496,121.20
PLT001,PRT015,2026-07-18,1391,140,734,148.90
PLT001,PRT015,2026-07-19,2105,255,665,51.90
PLT001,PRT015,2026-07-20,1358,484,579,18.50
PLT001,PRT015,2026-07-21,410,297,425,102.10
PLT001,PRT015,2026-07-22,1775,464,425,64.60
PLT001,PRT015,2026-07-23,1493,214,393,52.70
PLT001,PRT015,2026-07-24,1338,139,518,80.90
PLT001,PRT015,2026-07-25,612,363,743,68.10
PLT001,PRT015,2026-07-26,929,178,436,138.30
PLT001,PRT015,2026-07-27,613,403,421,86.60
PLT001,PRT015,2026-07-28,972,269,205,149.50
PLT001,PRT015,2026-07-29,1569,496,338,16.00
PLT001,PRT015,2026-07-30,546,111,518,89.30
PLT001,PRT015,2026-07-31,594,410,475,15.80
PLT001,PRT015,2026-08-01,1874,219,557,45.40
PLT001,PRT015,2026-08-02,1195,497,233,131.40
PLT001,PRT015,2026-08-03,1240,426,258,139.00
PLT001,PRT015,2026-08-04,1185,173,784,111.80
PLT001,PRT015,2026-08-05,1003,142,418,130.80
PLT001,PRT015,2026-08-06,1188,500,760,99.00
PLT001,PRT015,2026-08-07,1790,302,300,95.30
PLT001,PRT015,2026-08-08,1039,429,485,148.50
PLT001,PRT015,2026-08-09,778,434,788,131.60
PLT001,PRT015,2026-08-10,1313,221,360,34.80
PLT001,PRT015,2026-08-11,1617,115,323,89.60
PLT001,PRT015,2026-08-12,289,456,673,126.20
PLT001,PRT015,2026-08-13,499,465,368,77.00
PLT001,PRT015,2026-08-14,1955,451,302,45.80
PLT001,PRT015,2026-08-15,1255,334,346,10.40
PLT001,PRT015,2026-08-16,2137,170,768,18.10
PLT001,PRT015,2026-08-17,1050,423,370,43.20
PLT001,PRT015,2026-08-18,915,460,741,145.80
PLT001,PRT015,2026-08-19,375,196,275,103.90
PLT001,PRT015,2026-08-20,567,463,524,73.70
PLT001,PRT015,2026-08-21,1918,489,748,37.00
PLT001,PRT015,2026-08-22,2116,117,236,129.60
PLT001,PRT015,2026-08-23,821,302,544,19.10
PLT001,PRT015,2026-08-24,795,134,522,43.10
PLT001,PRT015,2026-08-25,1238,494,763,152.70
PLT001,PRT015,2026-08-26,1915,175,565,65.30
PLT001,PRT015,2026-08-27,1889,316,596,102.30
PLT001,PRT015,2026-08-28,832,221,534,87.90
PLT001,PRT015,2026-08-29,288,173,381,133.70
PLT001,PRT015,2026-08-30,1277,103,777,111.50
PLT001,PRT015,2026-08-31,1024,102,712,103.10
PLT001,PRT015,2026-09-01,881,146,349,31.80
PLT001,PRT015,2026-09-02,677,427,765,62.00
PLT001,PRT015,2026-09-03,735,398,621,39.60
PLT001,PRT015,2026-09-04,1195,138,628,153.70
PLT001,PRT015,2026-09-05,1534,285,721,121.70
PLT001,PRT015,2026-09-06,1654,350,383,148.80
PLT001,PRT015,2026-09-07,728,123,270,62.80
PLT001,PRT015,2026-09-08,1591,471,356,18.60
PLT001,PRT015,2026-09-09,218,488,563,76.80
PLT001,PRT015,2026-09-10,495,315,666,100.20
PLT001,PRT015,2026-09-11,353,259,637,87.50
PLT001,PRT015,2026-09-12,2093,328,545,21.90
PLT001,PRT016,2026-06-15,1106,180,435,20.00
PLT001,PRT016,2026-06-16,863,385,410,58.80
PLT001,PRT016,2026-06-17,1246,233,721,67.00
PLT001,PRT016,2026-06-18,1192,371,645,71.20
PLT001,PRT016,2026-06-19,636,281,516,32.50
PLT001,PRT016,2026-06-20,671,335,313,110.90
PLT001,PRT016,2026-06-21,1325,388,796,86.70
PLT001,PRT016,2026-06-22,379,141,761,12.90
PLT001,PRT016,2026-06-23,1763,146,706,72.30
PLT001,PRT016,2026-06-24,1278,151,675,33.90
PLT001,PRT016,2026-06-25,146,477,720,36.90
PLT001,PRT016,2026-06-26,1097,222,533,140.60
PLT001,PRT016,2026-06-27,843,343,303,86.00
PLT001,PRT016,2026-06-28,1181,269,485,29.70
PLT001,PRT016,2026-06-29,707,115,254,143.40
PLT001,PRT016,2026-06-30,173,260,689,65.60
PLT001,PRT016,2026-07-01,855,254,469,59.70
PLT001,PRT016,2026-07-02,1368,174,748,144.30
PLT001,PRT016,2026-07-03,1181,278,494,140.80
PLT001,PRT016,2026-07-04,2037,353,350,27.80
PLT001,PRT016,2026-07-05,2189,264,699,148.70
PLT001,PRT016,2026-07-06,261,321,346,69.30
PLT001,PRT016,2026-07-07,504,335,522,118.80
PLT001,PRT016,2026-07-08,360,441,255,34.70
PLT001,PRT016,2026-07-09,1101,467,270,135.40
PLT001,PRT016,2026-07-10,83,131,240,75.20
PLT001,PRT016,2026-07-11,985,476,611,127.90
PLT001,PRT016,2026-07-12,1489,165,725,55.60
PLT001,PRT016,2026-07-13,629,161,243,97.80
PLT001,PRT016,2026-07-14,273,429,300,152.70
PLT001,PRT016,2026-07-15,655,496,477,19.90
PLT001,PRT016,2026-07-16,1362,466,736,119.90
PLT001,PRT016,2026-07-17,1695,196,663,80.50
PLT001,PRT016,2026-07-18,870,374,485,25.20
PLT001,PRT016,2026-07-19,1795,242,573,40.90
PLT001,PRT016,2026-07-20,1017,317,524,66.50
PLT001,PRT016,2026-07-21,316,390,526,102.50
PLT001,PRT016,2026-07-22,1723,365,796,136.50
PLT001,PRT016,2026-07-23,76,270,499,86.50
PLT001,PRT016,2026-07-24,1026,350,284,26.00
PLT001,PRT016,2026-07-25,1425,431,487,40.60
PLT001,PRT016,2026-07-26,1080,327,422,54.60
PLT001,PRT016,2026-07-27,841,286,743,64.20
PLT001,PRT016,2026-07-28,1011,209,221,127.60
PLT001,PRT016,2026-07-29,684,426,536,58.10
PLT001,PRT016,2026-07-30,1692,422,762,65.70
PLT001,PRT016,2026-07-31,372,440,483,147.50
PLT001,PRT016,2026-08-01,928,212,310,84.10
PLT001,PRT016,2026-08-02,708,384,211,82.90
PLT001,PRT016,2026-08-03,197,315,558,131.20
PLT001,PRT016,2026-08-04,1017,196,563,146.00
PLT001,PRT016,2026-08-05,309,232,462,95.90
PLT001,PRT016,2026-08-06,1216,298,432,91.50
PLT001,PRT016,2026-08-07,64,462,326,69.40
PLT001,PRT016,2026-08-08,1643,159,726,144.70
PLT001,PRT016,2026-08-09,1702,434,626,121.90
PLT001,PRT016,2026-08-10,459,173,224,20.80
PLT001,PRT016,2026-08-11,802,218,265,25.10
PLT001,PRT016,2026-08-12,1082,348,626,119.20
PLT001,PRT016,2026-08-13,1347,484,440,52.40
PLT001,PRT016,2026-08-14,879,245,710,25.70
PLT001,PRT016,2026-08-15,1892,360,678,141.90
PLT001,PRT016,2026-08-16,929,415,581,120.70
PLT001,PRT016,2026-08-17,958,194,598,105.90
PLT001,PRT016,2026-08-18,1519,314,644,112.40
PLT001,PRT016,2026-08-19,1391,124,459,93.60
PLT001,PRT016,2026-08-20,1526,106,414,24.20
PLT001,PRT016,2026-08-21,360,455,388,99.50
PLT001,PRT016,2026-08-22,443,384,725,83.10
PLT001,PRT016,2026-08-23,775,370,469,128.90
PLT001,PRT016,2026-08-24,415,498,355,61.50
PLT001,PRT016,2026-08-25,327,350,623,94.70
PLT001,PRT016,2026-08-26,1033,326,768,104.60
PLT001,PRT016,2026-08-27,1244,194,672,34.10
PLT001,PRT016,2026-08-28,1352,431,320,94.30
PLT001,PRT016,2026-08-29,852,204,655,134.50
PLT001,PRT016,2026-08-30,2150,216,317,115.20
PLT001,PRT016,2026-08-31,1471,399,357,55.40
PLT001,PRT016,2026-09-01,1865,255,592,95.90
PLT001,PRT016,2026-09-02,1669,209,230,135.20
PLT001,PRT016,2026-09-03,1410,457,704,123.00
PLT001,PRT016,2026-09-04,1873,416,634,129.70
PLT001,PRT016,2026-09-05,1938,238,241,86.10
PLT001,PRT016,2026-09-06,1525,218,270,89.80
PLT001,PRT016,2026-09-07,1279,250,490,74.90
PLT001,PRT016,2026-09-08,1183,152,683,32.50
PLT001,PRT016,2026-09-09,1517,458,324,52.90
PLT001,PRT016,2026-09-10,908,124,220,45.70
PLT001,PRT016,2026-09-11,54,190,484,33.90
PLT001,PRT016,2026-09-12,1375,271,522,43.40
PLT001,PRT017,2026-06-15,1257,416,696,111.70
PLT001,PRT017,2026-06-16,1687,259,317,97.70
PLT001,PRT017,2026-06-17,528,169,236,69.10
PLT001,PRT017,2026-06-18,1443,473,736,107.50
PLT001,PRT017,2026-06-19,580,201,736,104.90
PLT001,PRT017,2026-06-20,801,424,534,119.70
PLT001,PRT017,2026-06-21,1387,419,311,80.60
PLT001,PRT017,2026-06-22,1184,458,560,26.80
PLT001,PRT017,2026-06-23,1225,192,240,94.10
PLT001,PRT017,2026-06-24,841,165,582,125.20
PLT001,PRT017,2026-06-25,882,469,717,20.60
PLT001,PRT017,2026-06-26,396,328,249,87.40
PLT001,PRT017,2026-06-27,2117,467,314,77.10
PLT001,PRT017,2026-06-28,2200,477,602,128.40
PLT001,PRT017,2026-06-29,571,475,703,125.90
PLT001,PRT017,2026-06-30,311,279,284,151.40
PLT001,PRT017,2026-07-01,544,103,657,103.00
PLT001,PRT017,2026-07-02,1091,370,323,80.50
PLT001,PRT017,2026-07-03,345,212,316,127.70
PLT001,PRT017,2026-07-04,1350,165,212,46.60
PLT001,PRT017,2026-07-05,707,453,418,61.50
PLT001,PRT017,2026-07-06,745,300,578,99.00
PLT001,PRT017,2026-07-07,1819,351,623,67.90
PLT001,PRT017,2026-07-08,1278,495,637,142.10
PLT001,PRT017,2026-07-09,74,166,622,19.30
PLT001,PRT017,2026-07-10,125,422,631,18.70
PLT001,PRT017,2026-07-11,1373,240,320,131.10
PLT001,PRT017,2026-07-12,1860,146,459,134.50
PLT001,PRT017,2026-07-13,1186,293,591,135.70
PLT001,PRT017,2026-07-14,1827,404,221,106.40
PLT001,PRT017,2026-07-15,1864,107,716,70.20
PLT001,PRT017,2026-07-16,725,394,481,96.80
PLT001,PRT017,2026-07-17,919,300,321,75.80
PLT001,PRT017,2026-07-18,2059,331,397,33.70
PLT001,PRT017,2026-07-19,1989,495,694,61.80
PLT001,PRT017,2026-07-20,1095,277,627,134.50
PLT001,PRT017,2026-07-21,205,204,392,27.60
PLT001,PRT017,2026-07-22,710,474,317,52.80
PLT001,PRT017,2026-07-23,570,241,736,83.50
PLT001,PRT017,2026-07-24,610,156,635,148.80
PLT001,PRT017,2026-07-25,1474,212,214,127.60
PLT001,PRT017,2026-07-26,1318,493,278,85.10
PLT001,PRT017,2026-07-27,701,336,522,105.50
PLT001,PRT017,2026-07-28,722,149,467,60.50
PLT001,PRT017,2026-07-29,1805,436,672,151.50
PLT001,PRT017,2026-07-30,756,123,700,46.70
PLT001,PRT017,2026-07-31,259,352,790,63.00
PLT001,PRT017,2026-08-01,2105,222,620,136.10
PLT001,PRT017,2026-08-02,372,114,639,39.40
PLT001,PRT017,2026-08-03,462,168,538,96.00
PLT001,PRT017,2026-08-04,770,367,403,118.80
PLT001,PRT017,2026-08-05,602,340,302,82.30
PLT001,PRT017,2026-08-06,1997,320,411,150.00
PLT001,PRT017,2026-08-07,1145,368,759,80.40
PLT001,PRT017,2026-08-08,1227,476,423,14.10
PLT001,PRT017,2026-08-09,331,138,466,19.70
PLT001,PRT017,2026-08-10,143,297,264,88.20
PLT001,PRT017,2026-08-11,194,257,323,11.30
PLT001,PRT017,2026-08-12,406,229,430,62.40
PLT001,PRT017,2026-08-13,1004,145,294,154.90
PLT001,PRT017,2026-08-14,1191,216,305,91.40
PLT001,PRT017,2026-08-15,2105,368,756,89.90
PLT001,PRT017,2026-08-16,940,384,335,143.10
PLT001,PRT017,2026-08-17,81,344,432,133.00
PLT001,PRT017,2026-08-18,57,225,794,61.10
PLT001,PRT017,2026-08-19,1241,383,618,57.60
PLT001,PRT017,2026-08-20,615,193,305,29.90
PLT001,PRT017,2026-08-21,1515,318,267,88.20
PLT001,PRT017,2026-08-22,1673,220,262,104.60
PLT001,PRT017,2026-08-23,1504,134,432,82.00
PLT001,PRT017,2026-08-24,959,122,590,96.20
PLT001,PRT017,2026-08-25,1621,395,698,139.00
PLT001,PRT017,2026-08-26,1735,115,485,108.10
PLT001,PRT017,2026-08-27,1235,289,556,38.80
PLT001,PRT017,2026-08-28,1558,444,256,51.80
PLT001,PRT017,2026-08-29,1183,496,730,13.00
PLT001,PRT017,2026-08-30,1181,370,539,42.90
PLT001,PRT017,2026-08-31,204,369,581,22.70
PLT001,PRT017,2026-09-01,457,152,359,150.80
PLT001,PRT017,2026-09-02,218,489,478,84.50
PLT001,PRT017,2026-09-03,1076,272,527,88.90
PLT001,PRT017,2026-09-04,1638,499,302,94.50
PLT001,PRT017,2026-09-05,1271,388,349,49.40
PLT001,PRT017,2026-09-06,672,252,483,29.70
PLT001,PRT017,2026-09-07,1407,291,588,150.50
PLT001,PRT017,2026-09-08,952,345,374,86.60
PLT001,PRT017,2026-09-09,1223,369,376,109.70
PLT001,PRT017,2026-09-10,657,464,545,26.70
PLT001,PRT017,2026-09-11,747,231,344,43.50
PLT001,PRT017,2026-09-12,1538,218,373,56.70
PLT001,PRT020,2026-06-15,622,110,708,106.30
PLT001,PRT020,2026-06-16,1108,258,779,67.70
PLT001,PRT020,2026-06-17,1836,253,719,134.50
PLT001,PRT020,2026-06-18,1558,445,223,58.10
PLT001,PRT020,2026-06-19,504,450,683,10.90
PLT001,PRT020,2026-06-20,1734,417,212,17.30
PLT001,PRT020,2026-06-21,1264,408,715,141.20
PLT001,PRT020,2026-06-22,650,491,783,24.00
PLT001,PRT020,2026-06-23,682,238,694,138.50
PLT001,PRT020,2026-06-24,1362,444,229,45.50
PLT001,PRT020,2026-06-25,1427,474,695,80.10
PLT001,PRT020,2026-06-26,886,298,766,152.40
PLT001,PRT020,2026-06-27,1450,334,572,91.00
PLT001,PRT020,2026-06-28,1644,215,492,92.30
PLT001,PRT020,2026-06-29,765,351,799,70.10
PLT001,PRT020,2026-06-30,946,107,482,63.20
PLT001,PRT020,2026-07-01,1627,192,760,34.60
PLT001,PRT020,2026-07-02,513,291,300,121.00
PLT001,PRT020,2026-07-03,1388,180,567,44.90
PLT001,PRT020,2026-07-04,1906,468,693,99.10
PLT001,PRT020,2026-07-05,1642,401,291,22.60
PLT001,PRT020,2026-07-06,228,212,480,20.50
PLT001,PRT020,2026-07-07,1562,443,391,99.30
PLT001,PRT020,2026-07-08,412,295,287,132.70
PLT001,PRT020,2026-07-09,1985,201,476,84.80
PLT001,PRT020,2026-07-10,1093,404,521,105.40
PLT001,PRT020,2026-07-11,1828,221,289,123.30
PLT001,PRT020,2026-07-12,840,403,439,119.70
PLT001,PRT020,2026-07-13,1435,377,800,102.10
PLT001,PRT020,2026-07-14,1477,295,202,55.40
PLT001,PRT020,2026-07-15,1408,350,695,29.70
PLT001,PRT020,2026-07-16,314,224,207,46.10
PLT001,PRT020,2026-07-17,1759,410,281,91.70
PLT001,PRT020,2026-07-18,1046,176,554,35.60
PLT001,PRT020,2026-07-19,1403,397,370,85.90
PLT001,PRT020,2026-07-20,1111,484,791,144.30
PLT001,PRT020,2026-07-21,1669,173,298,43.00
PLT001,PRT020,2026-07-22,469,454,255,143.80
PLT001,PRT020,2026-07-23,1668,490,712,106.30
PLT001,PRT020,2026-07-24,1790,269,784,129.80
PLT001,PRT020,2026-07-25,2191,346,750,83.70
PLT001,PRT020,2026-07-26,369,115,232,125.20
PLT001,PRT020,2026-07-27,1645,214,567,24.80
PLT001,PRT020,2026-07-28,589,389,709,20.30
PLT001,PRT020,2026-07-29,319,174,717,19.50
PLT001,PRT020,2026-07-30,1491,303,606,87.80
PLT001,PRT020,2026-07-31,301,210,433,95.70
PLT001,PRT020,2026-08-01,1053,442,505,128.50
PLT001,PRT020,2026-08-02,2065,261,245,108.30
PLT001,PRT020,2026-08-03,644,174,318,114.60
PLT001,PRT020,2026-08-04,469,277,721,107.80
PLT001,PRT020,2026-08-05,598,322,249,149.00
PLT001,PRT020,2026-08-06,1573,132,638,144.90
PLT001,PRT020,2026-08-07,363,263,509,62.80
PLT001,PRT020,2026-08-08,1218,275,692,111.00
PLT001,PRT020,2026-08-09,1105,355,709,15.90
PLT001,PRT020,2026-08-10,214,464,335,51.00
PLT001,PRT020,2026-08-11,1650,377,349,98.40
PLT001,PRT020,2026-08-12,297,428,428,103.30
PLT001,PRT020,2026-08-13,50,373,260,94.20
PLT001,PRT020,2026-08-14,1688,153,443,28.40
PLT001,PRT020,2026-08-15,1216,406,516,123.80
PLT001,PRT020,2026-08-16,2001,359,266,84.20
PLT001,PRT020,2026-08-17,789,356,607,137.10
PLT001,PRT020,2026-08-18,1682,479,243,132.40
PLT001,PRT020,2026-08-19,1690,420,739,139.30
PLT001,PRT020,2026-08-20,92,389,326,19.60
PLT001,PRT020,2026-08-21,630,331,475,111.40
PLT001,PRT020,2026-08-22,2083,282,611,78.20
PLT001,PRT020,2026-08-23,1111,170,283,70.10
PLT001,PRT020,2026-08-24,1064,126,303,81.90
PLT001,PRT020,2026-08-25,428,468,546,47.60
PLT001,PRT020,2026-08-26,481,447,292,48.40
PLT001,PRT020,2026-08-27,1210,162,412,151.60
PLT001,PRT020,2026-08-28,1850,180,253,138.20
PLT001,PRT020,2026-08-29,1798,295,680,108.20
PLT001,PRT020,2026-08-30,284,212,247,24.90
PLT001,PRT020,2026-08-31,168,277,758,148.90
PLT001,PRT020,2026-09-01,666,185,247,36.20
PLT001,PRT020,2026-09-02,1413,314,410,108.40
PLT001,PRT020,2026-09-03,807,150,205,115.60
PLT001,PRT020,2026-09-04,1917,364,604,36.00
PLT001,PRT020,2026-09-05,962,157,495,149.30
PLT001,PRT020,2026-09-06,2035,403,644,43.80
PLT001,PRT020,2026-09-07,447,391,205,129.00
PLT001,PRT020,2026-09-08,1874,455,324,148.70
PLT001,PRT020,2026-09-09,1856,403,618,57.40
PLT001,PRT020,2026-09-10,1232,218,258,121.30
PLT001,PRT020,2026-09-11,199,105,366,131.40
PLT001,PRT020,2026-09-12,1652,203,529,123.00
PLT002,PRT001,2026-06-15,1056,105,694,77.70
PLT002,PRT001,2026-06-16,922,441,417,39.70
PLT002,PRT001,2026-06-17,1265,309,341,141.30
PLT002,PRT001,2026-06-18,1092,252,630,125.70
PLT002,PRT001,2026-06-19,1812,484,214,50.10
PLT002,PRT001,2026-06-20,303,455,451,58.00
PLT002,PRT001,2026-06-21,399,453,581,107.00
PLT002,PRT001,2026-06-22,825,371,680,86.20
PLT002,PRT001,2026-06-23,189,202,727,42.80
PLT002,PRT001,2026-06-24,551,186,743,144.00
PLT002,PRT001,2026-06-25,866,200,717,97.90
PLT002,PRT001,2026-06-26,1246,279,671,62.30
PLT002,PRT001,2026-06-27,2071,440,784,117.30
PLT002,PRT001,2026-06-28,338,373,690,82.60
PLT002,PRT001,2026-06-29,1370,228,558,119.30
PLT002,PRT001,2026-06-30,380,134,498,81.40
PLT002,PRT001,2026-07-01,128,234,227,36.70
PLT002,PRT001,2026-07-02,491,408,667,76.30
PLT002,PRT001,2026-07-03,1928,114,582,151.10
PLT002,PRT001,2026-07-04,766,209,253,115.30
PLT002,PRT001,2026-07-05,1873,341,489,20.60
PLT002,PRT001,2026-07-06,517,433,495,103.20
PLT002,PRT001,2026-07-07,437,184,431,143.10
PLT002,PRT001,2026-07-08,1332,251,229,151.00
PLT002,PRT001,2026-07-09,1789,439,341,85.70
PLT002,PRT001,2026-07-10,160,452,201,79.30
PLT002,PRT001,2026-07-11,543,277,558,29.10
PLT002,PRT001,2026-07-12,838,375,623,32.70
PLT002,PRT001,2026-07-13,1955,378,578,101.70
PLT002,PRT001,2026-07-14,1106,488,303,44.90
PLT002,PRT001,2026-07-15,1790,369,273,97.70
PLT002,PRT001,2026-07-16,1488,378,507,23.50
PLT002,PRT001,2026-07-17,1773,477,243,129.70
PLT002,PRT001,2026-07-18,596,487,469,109.20
PLT002,PRT001,2026-07-19,1014,339,715,104.50
PLT002,PRT001,2026-07-20,1999,410,311,54.70
PLT002,PRT001,2026-07-21,1091,496,616,82.30
PLT002,PRT001,2026-07-22,1777,426,606,61.80
PLT002,PRT001,2026-07-23,232,285,727,144.20
PLT002,PRT001,2026-07-24,1263,123,231,130.80
PLT002,PRT001,2026-07-25,2070,381,241,76.40
PLT002,PRT001,2026-07-26,451,354,643,101.50
PLT002,PRT001,2026-07-27,291,156,213,57.60
PLT002,PRT001,2026-07-28,583,486,651,66.60
PLT002,PRT001,2026-07-29,334,150,238,44.00
PLT002,PRT001,2026-07-30,1371,410,254,71.90
PLT002,PRT001,2026-07-31,157,199,793,136.90
PLT002,PRT001,2026-08-01,1063,140,515,56.40
PLT002,PRT001,2026-08-02,1867,152,791,44.60
PLT002,PRT001,2026-08-03,1910,175,695,15.50
PLT002,PRT001,2026-08-04,387,267,459,154.70
PLT002,PRT001,2026-08-05,1707,142,598,107.80
PLT002,PRT001,2026-08-06,172,119,707,90.00
PLT002,PRT001,2026-08-07,661,392,259,76.80
PLT002,PRT001,2026-08-08,2014,240,503,15.10
PLT002,PRT001,2026-08-09,1977,175,778,133.70
PLT002,PRT001,2026-08-10,1516,141,780,142.20
PLT002,PRT001,2026-08-11,789,193,492,24.10
PLT002,PRT001,2026-08-12,575,391,304,140.60
PLT002,PRT001,2026-08-13,619,187,465,41.10
PLT002,PRT001,2026-08-14,86,338,450,43.80
PLT002,PRT001,2026-08-15,1381,285,679,67.60
PLT002,PRT001,2026-08-16,2158,466,668,99.80
PLT002,PRT001,2026-08-17,1903,297,701,50.80
PLT002,PRT001,2026-08-18,1816,360,387,136.10
PLT002,PRT001,2026-08-19,673,234,779,129.60
PLT002,PRT001,2026-08-20,1152,489,215,23.20
PLT002,PRT001,2026-08-21,70,274,420,54.00
PLT002,PRT001,2026-08-22,1452,305,759,15.70
PLT002,PRT001,2026-08-23,263,413,611,64.50
PLT002,PRT001,2026-08-24,1727,146,417,19.50
PLT002,PRT001,2026-08-25,1129,145,630,89.20
PLT002,PRT001,2026-08-26,1153,271,227,25.20
PLT002,PRT001,2026-08-27,1553,366,706,94.80
PLT002,PRT001,2026-08-28,1978,262,618,18.90
PLT002,PRT001,2026-08-29,651,479,421,59.60
PLT002,PRT001,2026-08-30,677,487,372,143.20
PLT002,PRT001,2026-08-31,1723,261,334,129.90
PLT002,PRT001,2026-09-01,95,480,275,90.30
PLT002,PRT001,2026-09-02,120,473,730,55.00
PLT002,PRT001,2026-09-03,111,482,735,72.40
PLT002,PRT001,2026-09-04,1230,251,369,69.50
PLT002,PRT001,2026-09-05,1882,471,748,122.50
PLT002,PRT001,2026-09-06,1071,484,449,76.30
PLT002,PRT001,2026-09-07,1583,160,403,91.40
PLT002,PRT001,2026-09-08,337,398,302,120.40
PLT002,PRT001,2026-09-09,290,417,665,73.30
PLT002,PRT001,2026-09-10,990,285,314,89.20
PLT002,PRT001,2026-09-11,642,336,418,80.20
PLT002,PRT001,2026-09-12,1698,460,270,109.50
PLT002,PRT002,2026-06-15,689,223,700,147.40
PLT002,PRT002,2026-06-16,682,411,770,112.90
PLT002,PRT002,2026-06-17,1883,286,652,57.30
PLT002,PRT002,2026-06-18,1792,373,568,103.90
PLT002,PRT002,2026-06-19,1179,323,263,111.70
PLT002,PRT002,2026-06-20,495,288,604,61.20
PLT002,PRT002,2026-06-21,506,393,526,91.20
PLT002,PRT002,2026-06-22,1285,433,469,73.80
PLT002,PRT002,2026-06-23,847,311,770,83.90
PLT002,PRT002,2026-06-24,953,101,555,92.80
PLT002,PRT002,2026-06-25,1124,189,300,39.50
PLT002,PRT002,2026-06-26,1147,485,640,76.10
PLT002,PRT002,2026-06-27,1503,351,626,63.70
PLT002,PRT002,2026-06-28,1206,138,701,65.60
PLT002,PRT002,2026-06-29,1661,213,323,60.40
PLT002,PRT002,2026-06-30,115,386,595,84.90
PLT002,PRT002,2026-07-01,1255,127,278,131.80
PLT002,PRT002,2026-07-02,197,337,404,107.00
PLT002,PRT002,2026-07-03,398,157,423,74.60
PLT002,PRT002,2026-07-04,736,215,457,112.20
PLT002,PRT002,2026-07-05,263,147,398,116.70
PLT002,PRT002,2026-07-06,353,120,434,128.70
PLT002,PRT002,2026-07-07,1681,330,449,146.10
PLT002,PRT002,2026-07-08,686,379,579,98.30
PLT002,PRT002,2026-07-09,278,277,488,71.40
PLT002,PRT002,2026-07-10,1500,446,485,52.50
PLT002,PRT002,2026-07-11,1666,374,550,129.70
PLT002,PRT002,2026-07-12,746,478,781,114.80
PLT002,PRT002,2026-07-13,1327,348,364,143.00
PLT002,PRT002,2026-07-14,252,347,726,92.30
PLT002,PRT002,2026-07-15,1002,279,351,101.30
PLT002,PRT002,2026-07-16,1819,464,498,104.20
PLT002,PRT002,2026-07-17,384,270,646,69.50
PLT002,PRT002,2026-07-18,471,177,497,44.40
PLT002,PRT002,2026-07-19,1662,495,725,110.90
PLT002,PRT002,2026-07-20,388,117,222,108.80
PLT002,PRT002,2026-07-21,1805,164,595,72.30
PLT002,PRT002,2026-07-22,1731,495,547,23.70
PLT002,PRT002,2026-07-23,171,305,695,52.00
PLT002,PRT002,2026-07-24,1099,359,505,53.80
PLT002,PRT002,2026-07-25,316,228,227,131.30
PLT002,PRT002,2026-07-26,658,382,661,46.70
PLT002,PRT002,2026-07-27,1689,193,495,114.90
PLT002,PRT002,2026-07-28,469,206,666,125.20
PLT002,PRT002,2026-07-29,1377,204,230,100.20
PLT002,PRT002,2026-07-30,468,221,799,145.20
PLT002,PRT002,2026-07-31,133,337,553,144.10
PLT002,PRT002,2026-08-01,554,273,225,110.30
PLT002,PRT002,2026-08-02,2073,181,362,27.00
PLT002,PRT002,2026-08-03,318,273,260,140.50
PLT002,PRT002,2026-08-04,681,457,505,22.20
PLT002,PRT002,2026-08-05,539,344,784,103.40
PLT002,PRT002,2026-08-06,361,324,464,109.70
PLT002,PRT002,2026-08-07,426,416,787,80.00
PLT002,PRT002,2026-08-08,1993,152,755,98.20
PLT002,PRT002,2026-08-09,1163,133,400,73.00
PLT002,PRT002,2026-08-10,1788,452,750,13.00
PLT002,PRT002,2026-08-11,553,416,211,129.80
PLT002,PRT002,2026-08-12,1539,103,601,43.80
PLT002,PRT002,2026-08-13,1331,119,702,56.60
PLT002,PRT002,2026-08-14,461,302,694,120.40
PLT002,PRT002,2026-08-15,1932,378,428,119.70
PLT002,PRT002,2026-08-16,324,464,269,112.10
PLT002,PRT002,2026-08-17,1919,447,729,12.60
PLT002,PRT002,2026-08-18,1811,436,717,116.20
PLT002,PRT002,2026-08-19,1236,466,788,99.90
PLT002,PRT002,2026-08-20,460,412,569,123.80
PLT002,PRT002,2026-08-21,1710,236,260,83.50
PLT002,PRT002,2026-08-22,1884,402,264,131.30
PLT002,PRT002,2026-08-23,326,399,282,140.40
PLT002,PRT002,2026-08-24,821,117,766,33.40
PLT002,PRT002,2026-08-25,240,475,429,69.50
PLT002,PRT002,2026-08-26,1494,478,450,49.60
PLT002,PRT002,2026-08-27,1685,482,213,39.00
PLT002,PRT002,2026-08-28,529,183,500,78.30
PLT002,PRT002,2026-08-29,311,177,789,16.20
PLT002,PRT002,2026-08-30,719,171,550,132.30
PLT002,PRT002,2026-08-31,126,471,420,68.30
PLT002,PRT002,2026-09-01,601,129,438,130.50
PLT002,PRT002,2026-09-02,1612,152,506,15.20
PLT002,PRT002,2026-09-03,1444,383,442,135.40
PLT002,PRT002,2026-09-04,387,402,257,69.20
PLT002,PRT002,2026-09-05,1146,283,707,77.80
PLT002,PRT002,2026-09-06,1413,409,299,20.20
PLT002,PRT002,2026-09-07,846,262,376,124.20
PLT002,PRT002,2026-09-08,1442,350,503,79.50
PLT002,PRT002,2026-09-09,136,301,444,144.60
PLT002,PRT002,2026-09-10,1174,201,753,147.60
PLT002,PRT002,2026-09-11,894,409,365,28.30
PLT002,PRT002,2026-09-12,964,274,446,41.10
PLT002,PRT003,2026-06-15,1574,329,619,65.50
PLT002,PRT003,2026-06-16,162,251,290,16.00
PLT002,PRT003,2026-06-17,1236,494,758,76.00
PLT002,PRT003,2026-06-18,1262,100,357,135.70
PLT002,PRT003,2026-06-19,1782,237,360,155.00
PLT002,PRT003,2026-06-20,1451,235,681,12.50
PLT002,PRT003,2026-06-21,1866,456,362,114.60
PLT002,PRT003,2026-06-22,1739,164,572,94.50
PLT002,PRT003,2026-06-23,1901,277,367,71.40
PLT002,PRT003,2026-06-24,709,271,702,115.80
PLT002,PRT003,2026-06-25,1861,368,628,79.30
PLT002,PRT003,2026-06-26,440,395,298,46.30
PLT002,PRT003,2026-06-27,263,221,338,63.60
PLT002,PRT003,2026-06-28,2115,394,779,37.50
PLT002,PRT003,2026-06-29,1633,153,314,116.80
PLT002,PRT003,2026-06-30,1702,195,488,127.70
PLT002,PRT003,2026-07-01,1966,170,602,131.50
PLT002,PRT003,2026-07-02,1469,133,759,140.50
PLT002,PRT003,2026-07-03,1774,334,306,69.30
PLT002,PRT003,2026-07-04,553,220,674,110.20
PLT002,PRT003,2026-07-05,1481,424,533,102.50
PLT002,PRT003,2026-07-06,1873,159,566,85.10
PLT002,PRT003,2026-07-07,581,394,689,148.80
PLT002,PRT003,2026-07-08,752,358,594,92.20
PLT002,PRT003,2026-07-09,686,141,499,69.70
PLT002,PRT003,2026-07-10,389,451,425,111.40
PLT002,PRT003,2026-07-11,1579,416,430,48.30
PLT002,PRT003,2026-07-12,1274,316,769,22.20
PLT002,PRT003,2026-07-13,1015,186,309,103.00
PLT002,PRT003,2026-07-14,337,406,686,136.90
PLT002,PRT003,2026-07-15,1067,142,490,115.70
PLT002,PRT003,2026-07-16,1892,318,660,37.00
PLT002,PRT003,2026-07-17,761,120,346,100.80
PLT002,PRT003,2026-07-18,2053,102,443,11.10
PLT002,PRT003,2026-07-19,452,411,768,113.10
PLT002,PRT003,2026-07-20,1574,456,332,100.60
PLT002,PRT003,2026-07-21,1324,153,619,104.40
PLT002,PRT003,2026-07-22,1559,478,258,102.50
PLT002,PRT003,2026-07-23,914,288,260,59.90
PLT002,PRT003,2026-07-24,675,489,531,26.80
PLT002,PRT003,2026-07-25,962,107,246,135.50
PLT002,PRT003,2026-07-26,1421,470,330,111.90
PLT002,PRT003,2026-07-27,811,488,523,78.00
PLT002,PRT003,2026-07-28,1713,119,363,46.30
PLT002,PRT003,2026-07-29,1559,414,389,78.00
PLT002,PRT003,2026-07-30,1590,174,756,126.60
PLT002,PRT003,2026-07-31,323,475,488,63.80
PLT002,PRT003,2026-08-01,1159,190,427,36.40
PLT002,PRT003,2026-08-02,2021,232,699,74.70
PLT002,PRT003,2026-08-03,1177,482,763,72.60
PLT002,PRT003,2026-08-04,1752,300,289,137.60
PLT002,PRT003,2026-08-05,421,341,237,83.40
PLT002,PRT003,2026-08-06,1105,456,252,132.90
PLT002,PRT003,2026-08-07,1445,346,624,83.60
PLT002,PRT003,2026-08-08,820,317,618,70.90
PLT002,PRT003,2026-08-09,1983,195,602,74.10
PLT002,PRT003,2026-08-10,199,326,321,134.50
PLT002,PRT003,2026-08-11,146,482,329,129.30
PLT002,PRT003,2026-08-12,1923,332,241,16.00
PLT002,PRT003,2026-08-13,1562,430,335,133.40
PLT002,PRT003,2026-08-14,1800,371,205,127.80
PLT002,PRT003,2026-08-15,1595,275,312,34.10
PLT002,PRT003,2026-08-16,865,191,764,99.10
PLT002,PRT003,2026-08-17,610,107,582,61.80
PLT002,PRT003,2026-08-18,1888,186,687,34.50
PLT002,PRT003,2026-08-19,1502,343,766,138.70
PLT002,PRT003,2026-08-20,474,243,665,136.30
PLT002,PRT003,2026-08-21,1657,115,639,47.20
PLT002,PRT003,2026-08-22,1723,113,679,43.50
PLT002,PRT003,2026-08-23,1257,227,729,141.70
PLT002,PRT003,2026-08-24,304,275,438,76.20
PLT002,PRT003,2026-08-25,1448,152,381,62.00
PLT002,PRT003,2026-08-26,207,168,372,93.80
PLT002,PRT003,2026-08-27,1339,227,242,71.50
PLT002,PRT003,2026-08-28,1791,385,386,127.20
PLT002,PRT003,2026-08-29,1927,490,589,97.30
PLT002,PRT003,2026-08-30,926,120,524,50.00
PLT002,PRT003,2026-08-31,389,186,404,92.10
PLT002,PRT003,2026-09-01,1206,385,797,46.20
PLT002,PRT003,2026-09-02,1907,394,274,61.10
PLT002,PRT003,2026-09-03,188,435,785,120.40
PLT002,PRT003,2026-09-04,109,267,774,72.30
PLT002,PRT003,2026-09-05,955,205,582,23.80
PLT002,PRT003,2026-09-06,590,356,797,45.10
PLT002,PRT003,2026-09-07,1663,489,797,17.30
PLT002,PRT003,2026-09-08,988,164,223,26.10
PLT002,PRT003,2026-09-09,850,314,603,97.80
PLT002,PRT003,2026-09-10,1604,289,210,118.00
PLT002,PRT003,2026-09-11,1664,286,478,132.20
PLT002,PRT003,2026-09-12,1968,279,213,61.30
PLT002,PRT005,2026-06-15,1931,249,608,58.20
PLT002,PRT005,2026-06-16,1679,325,326,122.10
PLT002,PRT005,2026-06-17,741,276,257,33.50
PLT002,PRT005,2026-06-18,1029,267,496,55.60
PLT002,PRT005,2026-06-19,299,100,779,91.40
PLT002,PRT005,2026-06-20,911,439,559,56.20
PLT002,PRT005,2026-06-21,867,256,469,106.30
PLT002,PRT005,2026-06-22,1449,287,456,87.90
PLT002,PRT005,2026-06-23,891,129,613,125.40
PLT002,PRT005,2026-06-24,747,295,507,77.80
PLT002,PRT005,2026-06-25,1341,370,749,132.30
PLT002,PRT005,2026-06-26,165,365,266,71.80
PLT002,PRT005,2026-06-27,336,377,493,25.00
PLT002,PRT005,2026-06-28,973,392,200,93.00
PLT002,PRT005,2026-06-29,1629,424,650,22.30
PLT002,PRT005,2026-06-30,601,348,403,81.80
PLT002,PRT005,2026-07-01,1185,378,289,70.70
PLT002,PRT005,2026-07-02,298,416,799,117.60
PLT002,PRT005,2026-07-03,1580,236,324,85.30
PLT002,PRT005,2026-07-04,778,397,417,117.50
PLT002,PRT005,2026-07-05,305,185,222,110.70
PLT002,PRT005,2026-07-06,1947,229,506,55.60
PLT002,PRT005,2026-07-07,953,177,422,73.90
PLT002,PRT005,2026-07-08,1426,181,758,141.00
PLT002,PRT005,2026-07-09,174,281,228,75.40
PLT002,PRT005,2026-07-10,955,276,310,111.80
PLT002,PRT005,2026-07-11,988,395,487,133.20
PLT002,PRT005,2026-07-12,1742,318,436,102.90
PLT002,PRT005,2026-07-13,1984,116,515,122.90
PLT002,PRT005,2026-07-14,823,163,360,53.80
PLT002,PRT005,2026-07-15,764,232,488,144.30
PLT002,PRT005,2026-07-16,1982,234,591,108.00
PLT002,PRT005,2026-07-17,513,357,768,104.00
PLT002,PRT005,2026-07-18,1732,277,642,11.70
PLT002,PRT005,2026-07-19,1527,156,345,16.00
PLT002,PRT005,2026-07-20,1725,167,495,72.60
PLT002,PRT005,2026-07-21,1275,357,317,126.90
PLT002,PRT005,2026-07-22,101,375,746,95.70
PLT002,PRT005,2026-07-23,1358,415,593,148.50
PLT002,PRT005,2026-07-24,125,193,513,149.80
PLT002,PRT005,2026-07-25,2195,152,680,51.00
PLT002,PRT005,2026-07-26,1852,127,616,97.60
PLT002,PRT005,2026-07-27,1258,252,473,138.00
PLT002,PRT005,2026-07-28,1559,429,612,61.40
PLT002,PRT005,2026-07-29,1865,483,702,67.40
PLT002,PRT005,2026-07-30,384,254,685,144.60
PLT002,PRT005,2026-07-31,903,460,616,57.00
PLT002,PRT005,2026-08-01,1408,229,766,146.70
PLT002,PRT005,2026-08-02,523,362,605,130.80
PLT002,PRT005,2026-08-03,1986,231,380,93.80
PLT002,PRT005,2026-08-04,1256,368,492,137.90
PLT002,PRT005,2026-08-05,1465,205,743,92.20
PLT002,PRT005,2026-08-06,1103,111,738,103.80
PLT002,PRT005,2026-08-07,346,405,633,83.80
PLT002,PRT005,2026-08-08,1936,417,282,28.10
PLT002,PRT005,2026-08-09,1061,354,358,74.40
PLT002,PRT005,2026-08-10,1531,241,335,36.00
PLT002,PRT005,2026-08-11,269,253,722,60.00
PLT002,PRT005,2026-08-12,1681,296,390,75.50
PLT002,PRT005,2026-08-13,268,101,282,82.60
PLT002,PRT005,2026-08-14,1561,423,455,56.90
PLT002,PRT005,2026-08-15,1851,216,455,42.20
PLT002,PRT005,2026-08-16,419,246,257,59.20
PLT002,PRT005,2026-08-17,1789,353,703,82.50
PLT002,PRT005,2026-08-18,659,255,217,121.30
PLT002,PRT005,2026-08-19,1534,339,778,55.70
PLT002,PRT005,2026-08-20,1376,127,451,105.00
PLT002,PRT005,2026-08-21,404,476,359,58.10
PLT002,PRT005,2026-08-22,1759,339,713,22.30
PLT002,PRT005,2026-08-23,841,268,796,137.00
PLT002,PRT005,2026-08-24,1327,487,332,46.50
PLT002,PRT005,2026-08-25,382,404,212,26.40
PLT002,PRT005,2026-08-26,1180,496,626,19.20
PLT002,PRT005,2026-08-27,870,369,262,139.50
PLT002,PRT005,2026-08-28,1607,297,693,109.20
PLT002,PRT005,2026-08-29,264,132,705,110.10
PLT002,PRT005,2026-08-30,579,406,520,90.10
PLT002,PRT005,2026-08-31,1171,270,532,41.50
PLT002,PRT005,2026-09-01,309,123,555,20.70
PLT002,PRT005,2026-09-02,1708,204,549,140.90
PLT002,PRT005,2026-09-03,1281,268,524,42.20
PLT002,PRT005,2026-09-04,548,290,421,46.80
PLT002,PRT005,2026-09-05,1140,440,228,38.20
PLT002,PRT005,2026-09-06,841,286,491,64.60
PLT002,PRT005,2026-09-07,746,216,523,15.60
PLT002,PRT005,2026-09-08,870,481,779,73.10
PLT002,PRT005,2026-09-09,1116,431,599,87.70
PLT002,PRT005,2026-09-10,1496,384,541,116.10
PLT002,PRT005,2026-09-11,1570,235,725,80.80
PLT002,PRT005,2026-09-12,763,412,401,48.50
PLT002,PRT006,2026-06-15,1722,362,710,87.50
PLT002,PRT006,2026-06-16,1130,265,245,35.40
PLT002,PRT006,2026-06-17,1354,231,289,42.50
PLT002,PRT006,2026-06-18,270,149,413,128.40
PLT002,PRT006,2026-06-19,854,290,547,53.30
PLT002,PRT006,2026-06-20,1013,422,241,76.80
PLT002,PRT006,2026-06-21,1710,211,441,114.90
PLT002,PRT006,2026-06-22,1198,213,541,142.10
PLT002,PRT006,2026-06-23,869,102,560,129.80
PLT002,PRT006,2026-06-24,1037,433,504,102.80
PLT002,PRT006,2026-06-25,272,351,702,28.80
PLT002,PRT006,2026-06-26,1679,230,542,83.20
PLT002,PRT006,2026-06-27,520,247,354,79.60
PLT002,PRT006,2026-06-28,1615,498,678,131.80
PLT002,PRT006,2026-06-29,1164,285,441,56.90
PLT002,PRT006,2026-06-30,156,280,687,46.20
PLT002,PRT006,2026-07-01,1264,201,793,53.10
PLT002,PRT006,2026-07-02,1748,143,661,127.50
PLT002,PRT006,2026-07-03,1431,458,262,128.50
PLT002,PRT006,2026-07-04,2060,244,525,100.30
PLT002,PRT006,2026-07-05,1505,375,574,77.10
PLT002,PRT006,2026-07-06,601,424,394,146.90
PLT002,PRT006,2026-07-07,716,217,302,120.80
PLT002,PRT006,2026-07-08,1862,135,626,18.60
PLT002,PRT006,2026-07-09,1840,155,257,136.60
PLT002,PRT006,2026-07-10,569,181,283,94.60
PLT002,PRT006,2026-07-11,1840,495,651,116.60
PLT002,PRT006,2026-07-12,1682,477,544,125.70
PLT002,PRT006,2026-07-13,170,247,359,80.00
PLT002,PRT006,2026-07-14,1018,269,507,100.10
PLT002,PRT006,2026-07-15,762,318,383,62.50
PLT002,PRT006,2026-07-16,240,179,399,107.10
PLT002,PRT006,2026-07-17,1577,470,391,113.90
PLT002,PRT006,2026-07-18,1225,150,274,145.40
PLT002,PRT006,2026-07-19,2080,236,254,66.40
PLT002,PRT006,2026-07-20,512,432,390,74.00
PLT002,PRT006,2026-07-21,742,192,677,141.50
PLT002,PRT006,2026-07-22,1266,334,427,21.00
PLT002,PRT006,2026-07-23,350,189,233,132.40
PLT002,PRT006,2026-07-24,503,493,563,51.40
PLT002,PRT006,2026-07-25,927,275,699,83.50
PLT002,PRT006,2026-07-26,1643,191,629,124.50
PLT002,PRT006,2026-07-27,1373,226,685,145.80
PLT002,PRT006,2026-07-28,1665,282,308,106.40
PLT002,PRT006,2026-07-29,1473,404,220,119.90
PLT002,PRT006,2026-07-30,182,291,715,55.40
PLT002,PRT006,2026-07-31,244,442,276,154.80
PLT002,PRT006,2026-08-01,1996,266,712,140.40
PLT002,PRT006,2026-08-02,701,124,756,151.60
PLT002,PRT006,2026-08-03,1379,361,723,84.30
PLT002,PRT006,2026-08-04,1340,250,560,113.20
PLT002,PRT006,2026-08-05,1339,417,778,89.70
PLT002,PRT006,2026-08-06,1142,267,228,46.50
PLT002,PRT006,2026-08-07,332,346,552,153.60
PLT002,PRT006,2026-08-08,419,440,588,11.60
PLT002,PRT006,2026-08-09,933,390,786,152.40
PLT002,PRT006,2026-08-10,1392,431,628,113.70
PLT002,PRT006,2026-08-11,1241,279,340,110.30
PLT002,PRT006,2026-08-12,1938,167,234,61.80
PLT002,PRT006,2026-08-13,471,373,375,126.60
PLT002,PRT006,2026-08-14,89,106,277,28.10
PLT002,PRT006,2026-08-15,1623,249,280,86.80
PLT002,PRT006,2026-08-16,1895,320,635,98.00
PLT002,PRT006,2026-08-17,317,107,669,56.20
PLT002,PRT006,2026-08-18,143,347,591,80.10
PLT002,PRT006,2026-08-19,136,456,339,150.40
PLT002,PRT006,2026-08-20,1004,283,558,34.60
PLT002,PRT006,2026-08-21,1902,425,233,101.80
PLT002,PRT006,2026-08-22,1223,392,608,52.70
PLT002,PRT006,2026-08-23,565,179,701,99.70
PLT002,PRT006,2026-08-24,947,202,658,120.40
PLT002,PRT006,2026-08-25,454,312,473,79.30
PLT002,PRT006,2026-08-26,139,181,627,100.80
PLT002,PRT006,2026-08-27,1717,365,673,88.10
PLT002,PRT006,2026-08-28,1987,225,326,33.50
PLT002,PRT006,2026-08-29,696,475,741,118.70
PLT002,PRT006,2026-08-30,1601,276,674,90.30
PLT002,PRT006,2026-08-31,1718,131,579,120.60
PLT002,PRT006,2026-09-01,915,281,375,115.90
PLT002,PRT006,2026-09-02,989,155,371,146.60
PLT002,PRT006,2026-09-03,462,429,604,17.70
PLT002,PRT006,2026-09-04,1645,385,339,129.60
PLT002,PRT006,2026-09-05,784,239,479,94.60
PLT002,PRT006,2026-09-06,1781,432,540,96.70
PLT002,PRT006,2026-09-07,368,297,362,31.30
PLT002,PRT006,2026-09-08,1640,185,304,89.80
PLT002,PRT006,2026-09-09,851,215,751,150.40
PLT002,PRT006,2026-09-10,915,391,491,112.00
PLT002,PRT006,2026-09-11,932,261,640,93.90
PLT002,PRT006,2026-09-12,346,397,637,118.50
PLT002,PRT007,2026-06-15,1042,348,343,133.10
PLT002,PRT007,2026-06-16,1958,179,524,22.40
PLT002,PRT007,2026-06-17,885,483,700,149.40
PLT002,PRT007,2026-06-18,219,402,332,116.40
PLT002,PRT007,2026-06-19,278,150,289,129.00
PLT002,PRT007,2026-06-20,1622,173,297,111.90
PLT002,PRT007,2026-06-21,795,140,687,29.10
PLT002,PRT007,2026-06-22,1048,221,476,111.10
PLT002,PRT007,2026-06-23,396,182,398,74.80
PLT002,PRT007,2026-06-24,613,485,248,132.30
PLT002,PRT007,2026-06-25,251,414,285,33.30
PLT002,PRT007,2026-06-26,394,385,468,15.90
PLT002,PRT007,2026-06-27,1869,344,328,95.90
PLT002,PRT007,2026-06-28,1284,356,782,23.40
PLT002,PRT007,2026-06-29,1258,240,657,50.30
PLT002,PRT007,2026-06-30,814,157,673,50.80
PLT002,PRT007,2026-07-01,1888,105,287,122.00
PLT002,PRT007,2026-07-02,1680,267,238,106.10
PLT002,PRT007,2026-07-03,809,344,494,132.00
PLT002,PRT007,2026-07-04,1448,427,456,131.10
PLT002,PRT007,2026-07-05,2095,279,441,96.60
PLT002,PRT007,2026-07-06,545,413,225,132.50
PLT002,PRT007,2026-07-07,1537,435,625,64.50
PLT002,PRT007,2026-07-08,1859,459,239,144.80
PLT002,PRT007,2026-07-09,1398,258,659,149.10
PLT002,PRT007,2026-07-10,814,256,473,132.40
PLT002,PRT007,2026-07-11,305,447,385,57.50
PLT002,PRT007,2026-07-12,1626,497,353,15.20
PLT002,PRT007,2026-07-13,485,483,555,52.90
PLT002,PRT007,2026-07-14,128,203,526,25.80
PLT002,PRT007,2026-07-15,986,353,449,27.10
PLT002,PRT007,2026-07-16,339,425,698,74.80
PLT002,PRT007,2026-07-17,599,486,528,23.40
PLT002,PRT007,2026-07-18,1554,362,785,106.50
PLT002,PRT007,2026-07-19,1859,172,791,120.20
PLT002,PRT007,2026-07-20,1543,451,432,46.90
PLT002,PRT007,2026-07-21,1473,234,725,20.80
PLT002,PRT007,2026-07-22,1770,427,416,70.10
PLT002,PRT007,2026-07-23,541,304,318,45.90
PLT002,PRT007,2026-07-24,1781,316,569,121.70
PLT002,PRT007,2026-07-25,867,339,450,82.00
PLT002,PRT007,2026-07-26,967,218,344,46.60
PLT002,PRT007,2026-07-27,882,170,793,16.20
PLT002,PRT007,2026-07-28,144,160,636,127.90
PLT002,PRT007,2026-07-29,1235,109,216,107.50
PLT002,PRT007,2026-07-30,1800,310,614,65.90
PLT002,PRT007,2026-07-31,765,445,657,128.00
PLT002,PRT007,2026-08-01,1286,495,714,29.80
PLT002,PRT007,2026-08-02,1136,212,320,141.40
PLT002,PRT007,2026-08-03,480,318,489,109.00
PLT002,PRT007,2026-08-04,106,207,612,44.40
PLT002,PRT007,2026-08-05,727,186,441,142.90
PLT002,PRT007,2026-08-06,899,414,348,20.00
PLT002,PRT007,2026-08-07,813,283,284,58.00
PLT002,PRT007,2026-08-08,953,176,403,39.50
PLT002,PRT007,2026-08-09,1385,147,689,131.60
PLT002,PRT007,2026-08-10,340,126,281,148.30
PLT002,PRT007,2026-08-11,1765,214,690,51.30
PLT002,PRT007,2026-08-12,583,440,519,131.20
PLT002,PRT007,2026-08-13,1953,381,209,148.90
PLT002,PRT007,2026-08-14,999,293,222,22.80
PLT002,PRT007,2026-08-15,333,286,717,20.80
PLT002,PRT007,2026-08-16,1059,430,257,86.20
PLT002,PRT007,2026-08-17,1810,226,286,62.20
PLT002,PRT007,2026-08-18,345,259,284,147.20
PLT002,PRT007,2026-08-19,1813,395,273,69.00
PLT002,PRT007,2026-08-20,1273,356,493,99.70
PLT002,PRT007,2026-08-21,397,256,305,72.00
PLT002,PRT007,2026-08-22,1572,114,332,64.30
PLT002,PRT007,2026-08-23,417,206,228,143.00
PLT002,PRT007,2026-08-24,266,200,361,63.20
PLT002,PRT007,2026-08-25,1842,476,699,108.40
PLT002,PRT007,2026-08-26,1981,359,412,98.40
PLT002,PRT007,2026-08-27,1168,328,423,15.50
PLT002,PRT007,2026-08-28,415,325,232,25.90
PLT002,PRT007,2026-08-29,1060,475,556,41.50
PLT002,PRT007,2026-08-30,1943,151,216,16.50
PLT002,PRT007,2026-08-31,904,244,411,113.50
PLT002,PRT007,2026-09-01,911,398,633,118.70
PLT002,PRT007,2026-09-02,202,208,590,72.00
PLT002,PRT007,2026-09-03,951,447,304,131.40
PLT002,PRT007,2026-09-04,1085,133,609,50.90
PLT002,PRT007,2026-09-05,1526,347,664,14.40
PLT002,PRT007,2026-09-06,1747,443,483,121.70
PLT002,PRT007,2026-09-07,622,455,382,140.30
PLT002,PRT007,2026-09-08,648,459,551,107.60
PLT002,PRT007,2026-09-09,1602,484,458,27.60
PLT002,PRT007,2026-09-10,1070,232,627,61.30
PLT002,PRT007,2026-09-11,1599,368,374,26.90
PLT002,PRT007,2026-09-12,369,419,656,110.80
PLT002,PRT008,2026-06-15,1778,493,556,41.70
PLT002,PRT008,2026-06-16,134,117,546,123.00
PLT002,PRT008,2026-06-17,378,158,733,136.40
PLT002,PRT008,2026-06-18,1112,110,240,65.60
PLT002,PRT008,2026-06-19,763,193,769,50.40
PLT002,PRT008,2026-06-20,1520,134,484,93.60
PLT002,PRT008,2026-06-21,2155,312,427,59.70
PLT002,PRT008,2026-06-22,1823,275,593,109.60
PLT002,PRT008,2026-06-23,1785,226,671,110.60
PLT002,PRT008,2026-06-24,1447,181,462,67.70
PLT002,PRT008,2026-06-25,261,213,584,134.40
PLT002,PRT008,2026-06-26,340,164,579,114.40
PLT002,PRT008,2026-06-27,691,299,383,21.50
PLT002,PRT008,2026-06-28,976,302,726,85.20
PLT002,PRT008,2026-06-29,1330,376,674,137.80
PLT002,PRT008,2026-06-30,1116,117,390,49.10
PLT002,PRT008,2026-07-01,903,448,568,90.40
PLT002,PRT008,2026-07-02,1029,276,617,100.10
PLT002,PRT008,2026-07-03,1253,370,446,39.60
PLT002,PRT008,2026-07-04,1688,294,698,60.30
PLT002,PRT008,2026-07-05,590,135,253,107.20
PLT002,PRT008,2026-07-06,622,455,685,64.50
PLT002,PRT008,2026-07-07,1046,450,394,82.40
PLT002,PRT008,2026-07-08,1462,306,715,127.20
PLT002,PRT008,2026-07-09,1066,270,704,115.80
PLT002,PRT008,2026-07-10,1920,290,433,18.50
PLT002,PRT008,2026-07-11,1718,360,539,68.30
PLT002,PRT008,2026-07-12,617,423,211,39.30
PLT002,PRT008,2026-07-13,1870,361,448,110.00
PLT002,PRT008,2026-07-14,1322,423,788,141.40
PLT002,PRT008,2026-07-15,1362,267,471,18.00
PLT002,PRT008,2026-07-16,1236,383,530,68.00
PLT002,PRT008,2026-07-17,1063,449,644,113.70
PLT002,PRT008,2026-07-18,911,492,210,51.20
PLT002,PRT008,2026-07-19,947,300,503,107.10
PLT002,PRT008,2026-07-20,1092,155,581,40.40
PLT002,PRT008,2026-07-21,1134,292,736,115.70
PLT002,PRT008,2026-07-22,368,291,502,113.30
PLT002,PRT008,2026-07-23,965,485,360,76.50
PLT002,PRT008,2026-07-24,824,103,527,11.60
PLT002,PRT008,2026-07-25,482,460,304,127.40
PLT002,PRT008,2026-07-26,640,249,315,44.20
PLT002,PRT008,2026-07-27,1653,174,594,104.10
PLT002,PRT008,2026-07-28,1637,206,258,55.70
PLT002,PRT008,2026-07-29,1652,446,767,27.00
PLT002,PRT008,2026-07-30,292,442,665,80.80
PLT002,PRT008,2026-07-31,655,310,269,92.70
PLT002,PRT008,2026-08-01,1630,139,516,24.50
PLT002,PRT008,2026-08-02,347,348,785,13.10
PLT002,PRT008,2026-08-03,1200,292,353,74.10
PLT002,PRT008,2026-08-04,1342,333,387,118.90
PLT002,PRT008,2026-08-05,605,281,530,111.70
PLT002,PRT008,2026-08-06,1241,206,591,75.50
PLT002,PRT008,2026-08-07,449,105,243,136.80
PLT002,PRT008,2026-08-08,602,390,712,41.90
PLT002,PRT008,2026-08-09,1703,446,733,114.40
PLT002,PRT008,2026-08-10,1766,446,753,31.20
PLT002,PRT008,2026-08-11,1737,369,684,16.90
PLT002,PRT008,2026-08-12,1078,215,566,88.10
PLT002,PRT008,2026-08-13,1412,267,546,105.30
PLT002,PRT008,2026-08-14,585,353,783,129.00
PLT002,PRT008,2026-08-15,1179,166,704,48.70
PLT002,PRT008,2026-08-16,2176,423,261,32.30
PLT002,PRT008,2026-08-17,1523,376,228,109.30
PLT002,PRT008,2026-08-18,1744,360,517,69.70
PLT002,PRT008,2026-08-19,187,242,403,134.90
PLT002,PRT008,2026-08-20,876,236,543,25.90
PLT002,PRT008,2026-08-21,697,290,343,56.10
PLT002,PRT008,2026-08-22,1200,441,796,41.60
PLT002,PRT008,2026-08-23,1171,344,555,117.40
PLT002,PRT008,2026-08-24,1961,105,285,87.30
PLT002,PRT008,2026-08-25,332,106,791,139.80
PLT002,PRT008,2026-08-26,1199,154,223,71.90
PLT002,PRT008,2026-08-27,1265,142,475,67.10
PLT002,PRT008,2026-08-28,1273,434,294,94.20
PLT002,PRT008,2026-08-29,1652,306,636,88.30
PLT002,PRT008,2026-08-30,1133,195,795,129.00
PLT002,PRT008,2026-08-31,1308,130,216,123.80
PLT002,PRT008,2026-09-01,1295,381,749,90.50
PLT002,PRT008,2026-09-02,1517,484,296,33.40
PLT002,PRT008,2026-09-03,690,167,454,14.30
PLT002,PRT008,2026-09-04,1242,200,337,27.70
PLT002,PRT008,2026-09-05,273,146,486,152.30
PLT002,PRT008,2026-09-06,1556,494,459,74.20
PLT002,PRT008,2026-09-07,1960,170,205,80.70
PLT002,PRT008,2026-09-08,1980,390,292,70.20
PLT002,PRT008,2026-09-09,1097,210,785,44.30
PLT002,PRT008,2026-09-10,401,110,270,26.20
PLT002,PRT008,2026-09-11,1700,338,448,109.50
PLT002,PRT008,2026-09-12,1818,143,656,114.10
PLT002,PRT009,2026-06-15,1410,351,239,94.90
PLT002,PRT009,2026-06-16,679,416,298,17.70
PLT002,PRT009,2026-06-17,1910,412,282,69.20
PLT002,PRT009,2026-06-18,574,361,675,110.60
PLT002,PRT009,2026-06-19,361,388,675,82.90
PLT002,PRT009,2026-06-20,1600,171,329,144.90
PLT002,PRT009,2026-06-21,429,238,552,15.10
PLT002,PRT009,2026-06-22,919,392,739,34.70
PLT002,PRT009,2026-06-23,1561,236,684,131.10
PLT002,PRT009,2026-06-24,1590,356,747,140.70
PLT002,PRT009,2026-06-25,730,361,683,120.70
PLT002,PRT009,2026-06-26,1621,403,398,114.10
PLT002,PRT009,2026-06-27,422,166,692,40.20
PLT002,PRT009,2026-06-28,464,292,536,142.90
PLT002,PRT009,2026-06-29,1745,130,695,98.30
PLT002,PRT009,2026-06-30,498,228,261,58.00
PLT002,PRT009,2026-07-01,1033,479,632,18.40
PLT002,PRT009,2026-07-02,859,312,555,146.50
PLT002,PRT009,2026-07-03,1890,187,787,109.60
PLT002,PRT009,2026-07-04,523,472,293,145.80
PLT002,PRT009,2026-07-05,1684,338,405,59.60
PLT002,PRT009,2026-07-06,491,281,420,91.40
PLT002,PRT009,2026-07-07,589,303,205,122.60
PLT002,PRT009,2026-07-08,1081,188,534,98.10
PLT002,PRT009,2026-07-09,634,265,756,16.30
PLT002,PRT009,2026-07-10,1628,286,649,95.00
PLT002,PRT009,2026-07-11,664,406,592,34.40
PLT002,PRT009,2026-07-12,690,135,252,105.00
PLT002,PRT009,2026-07-13,1255,172,633,119.60
PLT002,PRT009,2026-07-14,717,290,548,94.40
PLT002,PRT009,2026-07-15,376,141,799,88.90
PLT002,PRT009,2026-07-16,1755,165,629,13.00
PLT002,PRT009,2026-07-17,216,500,738,30.00
PLT002,PRT009,2026-07-18,1850,227,333,142.80
PLT002,PRT009,2026-07-19,851,188,757,126.10
PLT002,PRT009,2026-07-20,1779,294,451,131.80
PLT002,PRT009,2026-07-21,747,218,610,115.70
PLT002,PRT009,2026-07-22,1783,457,575,120.80
PLT002,PRT009,2026-07-23,1265,137,748,123.20
PLT002,PRT009,2026-07-24,1694,192,587,96.70
PLT002,PRT009,2026-07-25,1916,358,258,105.40
PLT002,PRT009,2026-07-26,1336,370,496,22.60
PLT002,PRT009,2026-07-27,1389,357,359,125.00
PLT002,PRT009,2026-07-28,748,204,333,43.40
PLT002,PRT009,2026-07-29,951,277,593,129.30
PLT002,PRT009,2026-07-30,437,108,772,103.30
PLT002,PRT009,2026-07-31,1997,290,479,64.90
PLT002,PRT009,2026-08-01,811,440,418,56.70
PLT002,PRT009,2026-08-02,2058,117,432,75.90
PLT002,PRT009,2026-08-03,1891,397,429,112.60
PLT002,PRT009,2026-08-04,1786,481,390,82.20
PLT002,PRT009,2026-08-05,236,449,658,139.60
PLT002,PRT009,2026-08-06,1637,151,476,97.90
PLT002,PRT009,2026-08-07,1122,277,775,99.10
PLT002,PRT009,2026-08-08,990,445,624,90.70
PLT002,PRT009,2026-08-09,940,268,269,119.80
PLT002,PRT009,2026-08-10,1597,494,308,59.20
PLT002,PRT009,2026-08-11,554,243,461,62.60
PLT002,PRT009,2026-08-12,865,447,686,80.30
PLT002,PRT009,2026-08-13,1223,458,262,107.90
PLT002,PRT009,2026-08-14,1279,473,322,57.10
PLT002,PRT009,2026-08-15,1435,421,767,102.90
PLT002,PRT009,2026-08-16,2091,173,395,51.80
PLT002,PRT009,2026-08-17,1027,331,506,99.00
PLT002,PRT009,2026-08-18,1571,135,447,126.60
PLT002,PRT009,2026-08-19,1673,242,616,87.20
PLT002,PRT009,2026-08-20,1850,367,263,46.90
PLT002,PRT009,2026-08-21,738,478,505,36.80
PLT002,PRT009,2026-08-22,2083,293,387,34.60
PLT002,PRT009,2026-08-23,753,435,451,37.90
PLT002,PRT009,2026-08-24,207,230,201,109.30
PLT002,PRT009,2026-08-25,398,488,472,20.80
PLT002,PRT009,2026-08-26,1734,469,212,67.90
PLT002,PRT009,2026-08-27,361,422,294,130.80
PLT002,PRT009,2026-08-28,292,170,255,124.80
PLT002,PRT009,2026-08-29,1737,257,388,123.70
PLT002,PRT009,2026-08-30,1955,255,332,112.60
PLT002,PRT009,2026-08-31,445,209,316,98.30
PLT002,PRT009,2026-09-01,1653,303,571,51.70
PLT002,PRT009,2026-09-02,1958,301,479,57.10
PLT002,PRT009,2026-09-03,827,313,272,114.90
PLT002,PRT009,2026-09-04,662,493,398,126.60
PLT002,PRT009,2026-09-05,879,115,715,52.50
PLT002,PRT009,2026-09-06,932,169,775,88.80
PLT002,PRT009,2026-09-07,844,275,577,146.00
PLT002,PRT009,2026-09-08,172,133,667,70.90
PLT002,PRT009,2026-09-09,422,168,641,127.00
PLT002,PRT009,2026-09-10,167,165,443,44.70
PLT002,PRT009,2026-09-11,1284,117,484,115.30
PLT002,PRT009,2026-09-12,1077,127,460,71.50
PLT002,PRT010,2026-06-15,838,226,432,120.50
PLT002,PRT010,2026-06-16,1652,188,717,91.20
PLT002,PRT010,2026-06-17,1647,403,413,24.30
PLT002,PRT010,2026-06-18,437,245,489,126.10
PLT002,PRT010,2026-06-19,567,417,633,79.60
PLT002,PRT010,2026-06-20,1361,238,300,107.50
PLT002,PRT010,2026-06-21,293,351,370,66.00
PLT002,PRT010,2026-06-22,331,266,592,140.70
PLT002,PRT010,2026-06-23,759,119,773,38.00
PLT002,PRT010,2026-06-24,1049,441,470,119.50
PLT002,PRT010,2026-06-25,869,140,566,120.10
PLT002,PRT010,2026-06-26,120,427,606,79.10
PLT002,PRT010,2026-06-27,1597,155,448,97.20
PLT002,PRT010,2026-06-28,495,218,610,137.60
PLT002,PRT010,2026-06-29,123,407,520,122.30
PLT002,PRT010,2026-06-30,1413,327,605,116.10
PLT002,PRT010,2026-07-01,103,488,547,135.90
PLT002,PRT010,2026-07-02,1651,237,545,147.00
PLT002,PRT010,2026-07-03,689,203,453,119.30
PLT002,PRT010,2026-07-04,1222,484,260,147.80
PLT002,PRT010,2026-07-05,1942,348,434,109.00
PLT002,PRT010,2026-07-06,843,220,618,123.90
PLT002,PRT010,2026-07-07,597,159,605,143.90
PLT002,PRT010,2026-07-08,713,134,551,30.40
PLT002,PRT010,2026-07-09,1561,375,470,104.90
PLT002,PRT010,2026-07-10,1857,345,574,30.90
PLT002,PRT010,2026-07-11,1913,434,417,45.80
PLT002,PRT010,2026-07-12,915,127,236,30.80
PLT002,PRT010,2026-07-13,1710,204,354,116.30
PLT002,PRT010,2026-07-14,540,450,375,78.90
PLT002,PRT010,2026-07-15,396,414,491,18.00
PLT002,PRT010,2026-07-16,1498,236,655,137.60
PLT002,PRT010,2026-07-17,1457,165,264,89.90
PLT002,PRT010,2026-07-18,2021,289,321,75.70
PLT002,PRT010,2026-07-19,465,196,288,124.10
PLT002,PRT010,2026-07-20,1570,103,506,104.40
PLT002,PRT010,2026-07-21,1196,445,677,115.90
PLT002,PRT010,2026-07-22,373,341,650,116.30
PLT002,PRT010,2026-07-23,812,185,372,71.40
PLT002,PRT010,2026-07-24,354,336,711,121.40
PLT002,PRT010,2026-07-25,983,496,618,148.60
PLT002,PRT010,2026-07-26,1425,414,642,150.70
PLT002,PRT010,2026-07-27,1886,165,753,26.10
PLT002,PRT010,2026-07-28,228,331,292,16.80
PLT002,PRT010,2026-07-29,1132,220,603,59.20
PLT002,PRT010,2026-07-30,851,497,340,93.90
PLT002,PRT010,2026-07-31,838,148,797,55.40
PLT002,PRT010,2026-08-01,1166,254,237,66.30
PLT002,PRT010,2026-08-02,1021,128,711,99.80
PLT002,PRT010,2026-08-03,426,197,427,123.60
PLT002,PRT010,2026-08-04,121,108,327,149.60
PLT002,PRT010,2026-08-05,1347,144,770,92.00
PLT002,PRT010,2026-08-06,394,120,667,60.40
PLT002,PRT010,2026-08-07,302,146,792,90.80
PLT002,PRT010,2026-08-08,281,175,637,139.20
PLT002,PRT010,2026-08-09,615,101,248,60.60
PLT002,PRT010,2026-08-10,1219,271,408,98.60
PLT002,PRT010,2026-08-11,912,394,724,75.60
PLT002,PRT010,2026-08-12,1757,454,475,26.10
PLT002,PRT010,2026-08-13,204,310,788,107.70
PLT002,PRT010,2026-08-14,1581,291,233,140.00
PLT002,PRT010,2026-08-15,518,415,255,117.40
PLT002,PRT010,2026-08-16,289,402,784,76.10
PLT002,PRT010,2026-08-17,151,444,797,84.60
PLT002,PRT010,2026-08-18,1441,227,388,133.50
PLT002,PRT010,2026-08-19,1522,457,281,113.00
PLT002,PRT010,2026-08-20,417,180,268,108.10
PLT002,PRT010,2026-08-21,861,412,748,53.70
PLT002,PRT010,2026-08-22,1750,348,491,146.50
PLT002,PRT010,2026-08-23,804,489,549,48.40
PLT002,PRT010,2026-08-24,1996,153,277,17.50
PLT002,PRT010,2026-08-25,1652,121,408,37.70
PLT002,PRT010,2026-08-26,963,444,673,93.00
PLT002,PRT010,2026-08-27,327,312,506,81.80
PLT002,PRT010,2026-08-28,247,221,344,124.00
PLT002,PRT010,2026-08-29,1070,489,572,104.40
PLT002,PRT010,2026-08-30,2146,283,214,34.00
PLT002,PRT010,2026-08-31,670,396,368,66.00
PLT002,PRT010,2026-09-01,1562,289,369,72.80
PLT002,PRT010,2026-09-02,716,482,694,138.20
PLT002,PRT010,2026-09-03,1641,260,498,14.80
PLT002,PRT010,2026-09-04,1468,322,662,135.30
PLT002,PRT010,2026-09-05,550,448,545,13.10
PLT002,PRT010,2026-09-06,863,281,274,115.70
PLT002,PRT010,2026-09-07,410,169,637,66.20
PLT002,PRT010,2026-09-08,526,373,385,125.60
PLT002,PRT010,2026-09-09,1496,383,755,122.80
PLT002,PRT010,2026-09-10,1921,484,575,96.50
PLT002,PRT010,2026-09-11,1441,245,693,85.30
PLT002,PRT010,2026-09-12,2172,147,501,125.30
PLT002,PRT011,2026-06-15,1321,426,681,111.00
PLT002,PRT011,2026-06-16,810,215,344,70.80
PLT002,PRT011,2026-06-17,1192,113,598,62.90
PLT002,PRT011,2026-06-18,880,285,458,126.70
PLT002,PRT011,2026-06-19,1545,235,274,19.20
PLT002,PRT011,2026-06-20,1669,195,544,103.50
PLT002,PRT011,2026-06-21,428,330,661,24.90
PLT002,PRT011,2026-06-22,1793,201,431,88.10
PLT002,PRT011,2026-06-23,796,295,624,142.10
PLT002,PRT011,2026-06-24,1808,195,589,15.90
PLT002,PRT011,2026-06-25,125,101,258,71.80
PLT002,PRT011,2026-06-26,1253,283,685,75.10
PLT002,PRT011,2026-06-27,1477,361,597,126.50
PLT002,PRT011,2026-06-28,454,458,492,88.70
PLT002,PRT011,2026-06-29,1154,313,523,30.80
PLT002,PRT011,2026-06-30,979,225,394,65.00
PLT002,PRT011,2026-07-01,1201,228,209,17.40
PLT002,PRT011,2026-07-02,1424,366,445,89.80
PLT002,PRT011,2026-07-03,782,458,321,75.60
PLT002,PRT011,2026-07-04,319,358,340,16.40
PLT002,PRT011,2026-07-05,1414,289,227,149.70
PLT002,PRT011,2026-07-06,393,131,648,57.80
PLT002,PRT011,2026-07-07,1546,493,244,16.50
PLT002,PRT011,2026-07-08,1354,140,668,59.50
PLT002,PRT011,2026-07-09,1387,137,342,125.60
PLT002,PRT011,2026-07-10,964,228,391,35.10
PLT002,PRT011,2026-07-11,1015,407,741,96.80
PLT002,PRT011,2026-07-12,807,126,448,106.00
PLT002,PRT011,2026-07-13,478,499,458,24.50
PLT002,PRT011,2026-07-14,846,154,540,86.70
PLT002,PRT011,2026-07-15,1374,442,572,152.40
PLT002,PRT011,2026-07-16,1935,279,238,139.00
PLT002,PRT011,2026-07-17,174,182,227,66.00
PLT002,PRT011,2026-07-18,318,302,673,75.80
PLT002,PRT011,2026-07-19,2017,483,754,134.10
PLT002,PRT011,2026-07-20,445,119,391,56.70
PLT002,PRT011,2026-07-21,1554,110,718,135.30
PLT002,PRT011,2026-07-22,932,301,777,51.10
PLT002,PRT011,2026-07-23,1885,293,305,82.20
PLT002,PRT011,2026-07-24,292,316,518,87.10
PLT002,PRT011,2026-07-25,752,257,261,58.60
PLT002,PRT011,2026-07-26,2198,221,483,61.50
PLT002,PRT011,2026-07-27,1650,264,753,109.00
PLT002,PRT011,2026-07-28,1366,351,226,82.60
PLT002,PRT011,2026-07-29,1559,346,599,109.70
PLT002,PRT011,2026-07-30,581,476,670,73.70
PLT002,PRT011,2026-07-31,1094,498,385,42.90
PLT002,PRT011,2026-08-01,1979,220,565,152.30
PLT002,PRT011,2026-08-02,551,291,312,27.50
PLT002,PRT011,2026-08-03,967,203,497,114.40
PLT002,PRT011,2026-08-04,1855,435,618,151.40
PLT002,PRT011,2026-08-05,1850,288,496,109.60
PLT002,PRT011,2026-08-06,1578,304,637,22.40
PLT002,PRT011,2026-08-07,829,475,202,133.00
PLT002,PRT011,2026-08-08,595,406,207,83.70
PLT002,PRT011,2026-08-09,1132,421,463,134.40
PLT002,PRT011,2026-08-10,1267,447,357,148.90
PLT002,PRT011,2026-08-11,1550,463,774,64.20
PLT002,PRT011,2026-08-12,1186,129,450,110.70
PLT002,PRT011,2026-08-13,358,288,517,88.90
PLT002,PRT011,2026-08-14,1852,103,461,34.00
PLT002,PRT011,2026-08-15,489,242,560,29.00
PLT002,PRT011,2026-08-16,387,190,438,14.30
PLT002,PRT011,2026-08-17,1999,148,383,76.70
PLT002,PRT011,2026-08-18,1379,160,390,145.60
PLT002,PRT011,2026-08-19,469,227,538,106.60
PLT002,PRT011,2026-08-20,776,294,494,21.40
PLT002,PRT011,2026-08-21,1823,185,723,128.20
PLT002,PRT011,2026-08-22,1286,444,790,24.80
PLT002,PRT011,2026-08-23,1909,391,272,65.40
PLT002,PRT011,2026-08-24,395,175,661,95.00
PLT002,PRT011,2026-08-25,213,456,269,141.30
PLT002,PRT011,2026-08-26,1123,117,318,15.80
PLT002,PRT011,2026-08-27,387,354,573,20.60
PLT002,PRT011,2026-08-28,1873,109,601,132.50
PLT002,PRT011,2026-08-29,2039,150,594,41.20
PLT002,PRT011,2026-08-30,1507,324,599,135.50
PLT002,PRT011,2026-08-31,1979,330,497,94.70
PLT002,PRT011,2026-09-01,1105,472,620,142.30
PLT002,PRT011,2026-09-02,123,203,596,132.90
PLT002,PRT011,2026-09-03,966,488,715,118.10
PLT002,PRT011,2026-09-04,1756,426,739,108.60
PLT002,PRT011,2026-09-05,547,263,729,73.80
PLT002,PRT011,2026-09-06,826,146,710,148.40
PLT002,PRT011,2026-09-07,1839,388,783,53.20
PLT002,PRT011,2026-09-08,704,216,550,137.10
PLT002,PRT011,2026-09-09,1751,319,273,109.00
PLT002,PRT011,2026-09-10,1219,262,745,74.80
PLT002,PRT011,2026-09-11,1535,278,790,59.30
PLT002,PRT011,2026-09-12,1465,129,559,10.30
PLT002,PRT012,2026-06-15,1399,419,704,26.50
PLT002,PRT012,2026-06-16,1520,406,263,142.70
PLT002,PRT012,2026-06-17,1361,110,672,99.90
PLT002,PRT012,2026-06-18,492,375,701,74.10
PLT002,PRT012,2026-06-19,279,235,625,105.60
PLT002,PRT012,2026-06-20,995,500,508,67.20
PLT002,PRT012,2026-06-21,739,422,779,96.10
PLT002,PRT012,2026-06-22,1248,207,292,97.90
PLT002,PRT012,2026-06-23,252,126,680,57.60
PLT002,PRT012,2026-06-24,1418,161,343,144.60
PLT002,PRT012,2026-06-25,1897,464,356,104.90
PLT002,PRT012,2026-06-26,1152,267,334,41.10
PLT002,PRT012,2026-06-27,839,347,618,102.20
PLT002,PRT012,2026-06-28,938,208,357,142.00
PLT002,PRT012,2026-06-29,1965,460,384,120.80
PLT002,PRT012,2026-06-30,1616,460,581,146.30
PLT002,PRT012,2026-07-01,1779,361,657,97.00
PLT002,PRT012,2026-07-02,763,158,425,15.40
PLT002,PRT012,2026-07-03,796,239,214,133.00
PLT002,PRT012,2026-07-04,495,455,743,46.00
PLT002,PRT012,2026-07-05,1766,201,432,33.20
PLT002,PRT012,2026-07-06,940,421,734,47.90
PLT002,PRT012,2026-07-07,317,479,397,48.60
PLT002,PRT012,2026-07-08,696,119,774,115.00
PLT002,PRT012,2026-07-09,1014,445,540,43.50
PLT002,PRT012,2026-07-10,275,243,586,73.30
PLT002,PRT012,2026-07-11,1469,458,749,142.20
PLT002,PRT012,2026-07-12,706,231,446,50.70
PLT002,PRT012,2026-07-13,1997,408,499,47.00
PLT002,PRT012,2026-07-14,1339,390,783,43.60
PLT002,PRT012,2026-07-15,1254,211,268,32.50
PLT002,PRT012,2026-07-16,1341,141,389,15.20
PLT002,PRT012,2026-07-17,281,385,655,86.40
PLT002,PRT012,2026-07-18,1459,499,687,120.60
PLT002,PRT012,2026-07-19,721,198,559,132.40
PLT002,PRT012,2026-07-20,1153,338,294,67.90
PLT002,PRT012,2026-07-21,690,496,547,98.90
PLT002,PRT012,2026-07-22,791,426,512,19.30
PLT002,PRT012,2026-07-23,1916,180,503,82.30
PLT002,PRT012,2026-07-24,901,391,228,134.60
PLT002,PRT012,2026-07-25,820,366,416,136.50
PLT002,PRT012,2026-07-26,977,101,585,33.20
PLT002,PRT012,2026-07-27,811,432,465,115.30
PLT002,PRT012,2026-07-28,1798,228,561,14.10
PLT002,PRT012,2026-07-29,218,269,466,85.40
PLT002,PRT012,2026-07-30,296,143,750,97.50
PLT002,PRT012,2026-07-31,1805,387,494,140.10
PLT002,PRT012,2026-08-01,582,361,690,139.20
PLT002,PRT012,2026-08-02,826,418,694,147.40
PLT002,PRT012,2026-08-03,280,198,777,30.00
PLT002,PRT012,2026-08-04,1880,311,635,118.10
PLT002,PRT012,2026-08-05,744,222,504,65.90
PLT002,PRT012,2026-08-06,630,231,511,32.90
PLT002,PRT012,2026-08-07,1723,288,505,38.90
PLT002,PRT012,2026-08-08,1842,307,694,128.40
PLT002,PRT012,2026-08-09,1310,414,660,100.40
PLT002,PRT012,2026-08-10,1817,228,651,26.80
PLT002,PRT012,2026-08-11,1518,136,338,85.50
PLT002,PRT012,2026-08-12,758,319,731,37.70
PLT002,PRT012,2026-08-13,1887,129,531,128.20
PLT002,PRT012,2026-08-14,131,433,585,67.40
PLT002,PRT012,2026-08-15,268,122,579,87.10
PLT002,PRT012,2026-08-16,1712,448,746,108.50
PLT002,PRT012,2026-08-17,1641,412,704,130.70
PLT002,PRT012,2026-08-18,1531,355,625,47.00
PLT002,PRT012,2026-08-19,1184,465,270,127.70
PLT002,PRT012,2026-08-20,1110,309,481,40.90
PLT002,PRT012,2026-08-21,1564,320,225,65.70
PLT002,PRT012,2026-08-22,1776,378,719,142.00
PLT002,PRT012,2026-08-23,1982,477,286,79.20
PLT002,PRT012,2026-08-24,393,445,675,114.60
PLT002,PRT012,2026-08-25,1698,340,622,38.10
PLT002,PRT012,2026-08-26,184,170,574,40.80
PLT002,PRT012,2026-08-27,242,383,321,64.80
PLT002,PRT012,2026-08-28,503,118,625,46.50
PLT002,PRT012,2026-08-29,297,313,347,132.00
PLT002,PRT012,2026-08-30,312,136,355,52.70
PLT002,PRT012,2026-08-31,1747,138,653,108.50
PLT002,PRT012,2026-09-01,458,492,701,71.10
PLT002,PRT012,2026-09-02,1697,104,757,132.90
PLT002,PRT012,2026-09-03,1741,148,335,38.00
PLT002,PRT012,2026-09-04,1225,333,760,139.60
PLT002,PRT012,2026-09-05,652,178,356,129.70
PLT002,PRT012,2026-09-06,2123,388,546,126.50
PLT002,PRT012,2026-09-07,519,460,699,92.80
PLT002,PRT012,2026-09-08,582,480,606,149.50
PLT002,PRT012,2026-09-09,987,301,603,107.50
PLT002,PRT012,2026-09-10,358,315,682,44.90
PLT002,PRT012,2026-09-11,511,243,231,137.80
PLT002,PRT012,2026-09-12,1897,367,565,121.60
PLT002,PRT013,2026-06-15,346,129,391,41.10
PLT002,PRT013,2026-06-16,847,398,496,36.50
PLT002,PRT013,2026-06-17,1013,255,238,124.00
PLT002,PRT013,2026-06-18,1182,393,232,24.40
PLT002,PRT013,2026-06-19,1558,304,493,122.00
PLT002,PRT013,2026-06-20,1305,209,588,114.00
PLT002,PRT013,2026-06-21,1477,188,579,98.80
PLT002,PRT013,2026-06-22,857,100,262,48.10
PLT002,PRT013,2026-06-23,843,433,536,70.10
PLT002,PRT013,2026-06-24,1357,137,220,18.00
PLT002,PRT013,2026-06-25,201,133,530,26.70
PLT002,PRT013,2026-06-26,646,155,462,141.40
PLT002,PRT013,2026-06-27,511,281,524,37.80
PLT002,PRT013,2026-06-28,1860,333,772,79.60
PLT002,PRT013,2026-06-29,1838,288,458,112.80
PLT002,PRT013,2026-06-30,1970,135,342,59.70
PLT002,PRT013,2026-07-01,1369,408,750,60.20
PLT002,PRT013,2026-07-02,1557,255,475,55.00
PLT002,PRT013,2026-07-03,467,195,490,104.30
PLT002,PRT013,2026-07-04,1687,177,281,100.40
PLT002,PRT013,2026-07-05,1368,305,585,42.30
PLT002,PRT013,2026-07-06,88,103,404,34.00
PLT002,PRT013,2026-07-07,1676,352,320,28.20
PLT002,PRT013,2026-07-08,95,186,543,64.80
PLT002,PRT013,2026-07-09,1769,448,487,84.10
PLT002,PRT013,2026-07-10,706,488,721,93.30
PLT002,PRT013,2026-07-11,1559,105,628,56.00
PLT002,PRT013,2026-07-12,2093,135,779,104.60
PLT002,PRT013,2026-07-13,1137,114,597,81.00
PLT002,PRT013,2026-07-14,702,126,267,72.30
PLT002,PRT013,2026-07-15,695,467,621,97.90
PLT002,PRT013,2026-07-16,1502,340,758,48.20
PLT002,PRT013,2026-07-17,1286,241,296,150.10
PLT002,PRT013,2026-07-18,257,153,712,36.90
PLT002,PRT013,2026-07-19,1128,405,370,34.50
PLT002,PRT013,2026-07-20,101,399,235,98.30
PLT002,PRT013,2026-07-21,1790,180,493,23.10
PLT002,PRT013,2026-07-22,1156,168,206,136.00
PLT002,PRT013,2026-07-23,723,159,502,48.60
PLT002,PRT013,2026-07-24,549,289,239,123.40
PLT002,PRT013,2026-07-25,1206,378,564,99.80
PLT002,PRT013,2026-07-26,702,428,210,83.50
PLT002,PRT013,2026-07-27,783,366,512,35.20
PLT002,PRT013,2026-07-28,1372,286,559,77.90
PLT002,PRT013,2026-07-29,1409,429,785,93.80
PLT002,PRT013,2026-07-30,858,255,663,92.90
PLT002,PRT013,2026-07-31,1600,355,783,78.50
PLT002,PRT013,2026-08-01,1445,256,217,61.60
PLT002,PRT013,2026-08-02,1752,427,456,95.40
PLT002,PRT013,2026-08-03,1211,336,796,87.90
PLT002,PRT013,2026-08-04,138,242,447,154.80
PLT002,PRT013,2026-08-05,1804,120,658,66.20
PLT002,PRT013,2026-08-06,610,234,390,131.80
PLT002,PRT013,2026-08-07,1782,424,787,101.90
PLT002,PRT013,2026-08-08,400,182,780,26.00
PLT002,PRT013,2026-08-09,315,289,310,96.00
PLT002,PRT013,2026-08-10,487,428,309,66.40
PLT002,PRT013,2026-08-11,1949,479,235,20.30
PLT002,PRT013,2026-08-12,1554,324,540,101.00
PLT002,PRT013,2026-08-13,1936,396,652,72.70
PLT002,PRT013,2026-08-14,1368,227,777,129.30
PLT002,PRT013,2026-08-15,930,446,265,98.00
PLT002,PRT013,2026-08-16,486,130,623,36.10
PLT002,PRT013,2026-08-17,885,448,284,64.60
PLT002,PRT013,2026-08-18,257,273,638,104.60
PLT002,PRT013,2026-08-19,626,245,392,129.20
PLT002,PRT013,2026-08-20,1785,484,590,129.10
PLT002,PRT013,2026-08-21,449,291,562,69.30
PLT002,PRT013,2026-08-22,790,258,418,12.70
PLT002,PRT013,2026-08-23,295,399,271,123.20
PLT002,PRT013,2026-08-24,644,429,566,54.00
PLT002,PRT013,2026-08-25,344,133,515,74.00
PLT002,PRT013,2026-08-26,597,340,268,152.90
PLT002,PRT013,2026-08-27,996,183,597,141.60
PLT002,PRT013,2026-08-28,1477,180,538,29.20
PLT002,PRT013,2026-08-29,2022,341,448,17.40
PLT002,PRT013,2026-08-30,1875,305,211,142.90
PLT002,PRT013,2026-08-31,899,262,337,64.90
PLT002,PRT013,2026-09-01,533,254,359,61.70
PLT002,PRT013,2026-09-02,1482,400,431,136.90
PLT002,PRT013,2026-09-03,1501,249,667,137.40
PLT002,PRT013,2026-09-04,347,320,648,112.10
PLT002,PRT013,2026-09-05,1857,493,796,152.90
PLT002,PRT013,2026-09-06,2020,424,203,122.90
PLT002,PRT013,2026-09-07,1547,126,498,122.60
PLT002,PRT013,2026-09-08,688,412,626,51.00
PLT002,PRT013,2026-09-09,854,485,297,121.10
PLT002,PRT013,2026-09-10,1893,313,551,22.50
PLT002,PRT013,2026-09-11,1507,424,479,78.50
PLT002,PRT013,2026-09-12,690,365,430,39.50
PLT002,PRT014,2026-06-15,670,487,721,142.20
PLT002,PRT014,2026-06-16,1131,366,666,144.90
PLT002,PRT014,2026-06-17,712,267,329,76.10
PLT002,PRT014,2026-06-18,1340,377,320,107.70
PLT002,PRT014,2026-06-19,1991,135,255,20.60
PLT002,PRT014,2026-06-20,1862,218,688,108.10
PLT002,PRT014,2026-06-21,1214,439,506,100.90
PLT002,PRT014,2026-06-22,725,106,705,28.80
PLT002,PRT014,2026-06-23,1644,134,573,32.80
PLT002,PRT014,2026-06-24,345,391,350,125.50
PLT002,PRT014,2026-06-25,508,334,583,114.80
PLT002,PRT014,2026-06-26,1336,274,351,15.00
PLT002,PRT014,2026-06-27,712,438,256,117.50
PLT002,PRT014,2026-06-28,1460,499,514,64.30
PLT002,PRT014,2026-06-29,1978,164,501,126.40
PLT002,PRT014,2026-06-30,1611,289,767,101.90
PLT002,PRT014,2026-07-01,1003,462,762,126.90
PLT002,PRT014,2026-07-02,1671,184,252,15.60
PLT002,PRT014,2026-07-03,1435,400,376,79.50
PLT002,PRT014,2026-07-04,1970,165,312,142.90
PLT002,PRT014,2026-07-05,1620,324,255,16.20
PLT002,PRT014,2026-07-06,1944,362,632,80.90
PLT002,PRT014,2026-07-07,418,371,519,138.40
PLT002,PRT014,2026-07-08,172,309,719,75.10
PLT002,PRT014,2026-07-09,708,166,391,40.10
PLT002,PRT014,2026-07-10,565,353,686,31.20
PLT002,PRT014,2026-07-11,2079,137,304,123.80
PLT002,PRT014,2026-07-12,1873,291,788,104.70
PLT002,PRT014,2026-07-13,1341,150,640,146.40
PLT002,PRT014,2026-07-14,1764,124,218,147.50
PLT002,PRT014,2026-07-15,1708,111,585,132.70
PLT002,PRT014,2026-07-16,700,304,586,93.80
PLT002,PRT014,2026-07-17,1030,356,764,35.40
PLT002,PRT014,2026-07-18,1731,133,447,27.80
PLT002,PRT014,2026-07-19,1331,232,762,94.40
PLT002,PRT014,2026-07-20,1751,166,322,79.00
PLT002,PRT014,2026-07-21,1151,252,771,136.80
PLT002,PRT014,2026-07-22,1730,286,312,61.10
PLT002,PRT014,2026-07-23,1258,293,741,140.00
PLT002,PRT014,2026-07-24,1014,304,729,119.50
PLT002,PRT014,2026-07-25,833,215,441,91.30
PLT002,PRT014,2026-07-26,1634,324,453,133.10
PLT002,PRT014,2026-07-27,650,171,352,37.80
PLT002,PRT014,2026-07-28,440,307,684,150.10
PLT002,PRT014,2026-07-29,568,244,470,115.90
PLT002,PRT014,2026-07-30,1734,416,320,25.30
PLT002,PRT014,2026-07-31,1110,458,592,32.00
PLT002,PRT014,2026-08-01,1906,247,632,73.70
PLT002,PRT014,2026-08-02,1942,265,342,107.80
PLT002,PRT014,2026-08-03,119,285,388,33.50
PLT002,PRT014,2026-08-04,1947,158,642,107.30
PLT002,PRT014,2026-08-05,88,143,718,89.40
PLT002,PRT014,2026-08-06,452,484,699,120.00
PLT002,PRT014,2026-08-07,708,474,629,29.70
PLT002,PRT014,2026-08-08,1008,424,759,21.20
PLT002,PRT014,2026-08-09,1116,390,741,98.80
PLT002,PRT014,2026-08-10,1096,364,696,59.50
PLT002,PRT014,2026-08-11,1873,500,516,135.10
PLT002,PRT014,2026-08-12,1408,282,618,119.40
PLT002,PRT014,2026-08-13,1335,389,715,122.40
PLT002,PRT014,2026-08-14,993,332,301,67.40
PLT002,PRT014,2026-08-15,2059,425,339,142.00
PLT002,PRT014,2026-08-16,2097,376,208,139.10
PLT002,PRT014,2026-08-17,893,335,513,58.90
PLT002,PRT014,2026-08-18,808,425,505,94.60
PLT002,PRT014,2026-08-19,1034,107,273,119.10
PLT002,PRT014,2026-08-20,830,250,328,104.90
PLT002,PRT014,2026-08-21,1221,333,336,45.60
PLT002,PRT014,2026-08-22,2078,290,229,134.30
PLT002,PRT014,2026-08-23,1609,337,630,21.50
PLT002,PRT014,2026-08-24,436,299,466,35.70
PLT002,PRT014,2026-08-25,1067,436,669,117.50
PLT002,PRT014,2026-08-26,1830,499,619,88.10
PLT002,PRT014,2026-08-27,1091,161,630,19.70
PLT002,PRT014,2026-08-28,1868,166,420,37.00
PLT002,PRT014,2026-08-29,1447,277,750,105.80
PLT002,PRT014,2026-08-30,1667,295,609,54.70
PLT002,PRT014,2026-08-31,1059,200,274,33.00
PLT002,PRT014,2026-09-01,1382,385,771,103.80
PLT002,PRT014,2026-09-02,1754,410,715,19.60
PLT002,PRT014,2026-09-03,1738,209,235,23.30
PLT002,PRT014,2026-09-04,298,433,573,143.40
PLT002,PRT014,2026-09-05,2017,239,606,52.20
PLT002,PRT014,2026-09-06,681,483,458,16.20
PLT002,PRT014,2026-09-07,1395,396,277,94.10
PLT002,PRT014,2026-09-08,818,454,664,147.60
PLT002,PRT014,2026-09-09,1354,269,225,147.90
PLT002,PRT014,2026-09-10,205,277,244,28.10
PLT002,PRT014,2026-09-11,1185,173,626,85.70
PLT002,PRT014,2026-09-12,1371,101,344,65.30
PLT002,PRT015,2026-06-15,1553,131,204,78.40
PLT002,PRT015,2026-06-16,1654,482,506,95.50
PLT002,PRT015,2026-06-17,1088,491,731,127.90
PLT002,PRT015,2026-06-18,633,485,777,75.00
PLT002,PRT015,2026-06-19,775,333,646,150.30
PLT002,PRT015,2026-06-20,697,285,249,137.50
PLT002,PRT015,2026-06-21,341,225,722,71.70
PLT002,PRT015,2026-06-22,1499,438,331,29.10
PLT002,PRT015,2026-06-23,814,474,595,138.50
PLT002,PRT015,2026-06-24,269,189,766,117.10
PLT002,PRT015,2026-06-25,699,470,366,123.10
PLT002,PRT015,2026-06-26,163,310,723,116.90
PLT002,PRT015,2026-06-27,306,302,465,109.10
PLT002,PRT015,2026-06-28,270,173,238,141.50
PLT002,PRT015,2026-06-29,158,224,301,110.70
PLT002,PRT015,2026-06-30,1440,203,791,101.60
PLT002,PRT015,2026-07-01,1799,497,756,132.80
PLT002,PRT015,2026-07-02,1546,291,599,22.80
PLT002,PRT015,2026-07-03,1425,349,723,58.60
PLT002,PRT015,2026-07-04,2129,385,319,39.20
PLT002,PRT015,2026-07-05,831,184,313,46.50
PLT002,PRT015,2026-07-06,904,151,287,40.30
PLT002,PRT015,2026-07-07,714,485,565,25.20
PLT002,PRT015,2026-07-08,1853,160,617,37.30
PLT002,PRT015,2026-07-09,130,309,286,64.90
PLT002,PRT015,2026-07-10,88,378,786,98.80
PLT002,PRT015,2026-07-11,835,307,478,48.70
PLT002,PRT015,2026-07-12,926,186,608,51.00
PLT002,PRT015,2026-07-13,611,425,490,14.50
PLT002,PRT015,2026-07-14,1434,304,542,95.20
PLT002,PRT015,2026-07-15,755,150,720,116.40
PLT002,PRT015,2026-07-16,339,404,573,15.80
PLT002,PRT015,2026-07-17,1626,429,488,102.40
PLT002,PRT015,2026-07-18,356,110,276,60.00
PLT002,PRT015,2026-07-19,599,392,259,15.30
PLT002,PRT015,2026-07-20,1848,273,457,69.30
PLT002,PRT015,2026-07-21,1144,268,271,139.30
PLT002,PRT015,2026-07-22,1075,215,532,134.30
PLT002,PRT015,2026-07-23,846,447,398,21.40
PLT002,PRT015,2026-07-24,1438,109,431,101.70
PLT002,PRT015,2026-07-25,1811,461,740,136.20
PLT002,PRT015,2026-07-26,1421,163,332,147.10
PLT002,PRT015,2026-07-27,901,304,612,30.00
PLT002,PRT015,2026-07-28,1452,277,391,29.90
PLT002,PRT015,2026-07-29,1371,362,646,48.60
PLT002,PRT015,2026-07-30,61,350,658,61.20
PLT002,PRT015,2026-07-31,1670,126,357,72.80
PLT002,PRT015,2026-08-01,1840,410,798,54.00
PLT002,PRT015,2026-08-02,434,352,465,125.00
PLT002,PRT015,2026-08-03,1699,207,567,139.60
PLT002,PRT015,2026-08-04,1707,140,780,115.60
PLT002,PRT015,2026-08-05,1849,473,785,106.80
PLT002,PRT015,2026-08-06,1281,271,794,145.20
PLT002,PRT015,2026-08-07,423,193,321,114.40
PLT002,PRT015,2026-08-08,1461,391,588,75.40
PLT002,PRT015,2026-08-09,912,173,393,101.00
PLT002,PRT015,2026-08-10,1020,192,755,75.70
PLT002,PRT015,2026-08-11,93,342,402,39.70
PLT002,PRT015,2026-08-12,1884,357,795,69.00
PLT002,PRT015,2026-08-13,490,457,340,63.10
PLT002,PRT015,2026-08-14,76,129,291,106.10
PLT002,PRT015,2026-08-15,1056,360,581,66.00
PLT002,PRT015,2026-08-16,1183,374,358,69.10
PLT002,PRT015,2026-08-17,1352,176,582,76.20
PLT002,PRT015,2026-08-18,1102,328,244,39.00
PLT002,PRT015,2026-08-19,896,396,579,24.70
PLT002,PRT015,2026-08-20,1686,159,749,80.00
PLT002,PRT015,2026-08-21,1479,233,595,12.70
PLT002,PRT015,2026-08-22,1542,395,716,43.50
PLT002,PRT015,2026-08-23,1984,187,619,141.00
PLT002,PRT015,2026-08-24,1049,196,770,138.20
PLT002,PRT015,2026-08-25,1220,305,392,104.40
PLT002,PRT015,2026-08-26,1587,434,723,64.50
PLT002,PRT015,2026-08-27,1264,471,702,88.20
PLT002,PRT015,2026-08-28,1612,167,322,47.70
PLT002,PRT015,2026-08-29,928,126,385,58.90
PLT002,PRT015,2026-08-30,1578,238,567,70.70
PLT002,PRT015,2026-08-31,545,364,323,35.60
PLT002,PRT015,2026-09-01,1335,448,642,40.70
PLT002,PRT015,2026-09-02,1956,139,528,64.20
PLT002,PRT015,2026-09-03,1741,105,637,133.40
PLT002,PRT015,2026-09-04,1803,174,545,125.90
PLT002,PRT015,2026-09-05,732,458,567,102.80
PLT002,PRT015,2026-09-06,1535,455,691,128.20
PLT002,PRT015,2026-09-07,137,266,676,132.80
PLT002,PRT015,2026-09-08,619,285,372,151.10
PLT002,PRT015,2026-09-09,1589,489,791,86.50
PLT002,PRT015,2026-09-10,1759,164,515,133.70
PLT002,PRT015,2026-09-11,1601,500,785,46.30
PLT002,PRT015,2026-09-12,2154,438,369,147.70
PLT002,PRT016,2026-06-15,858,103,433,66.80
PLT002,PRT016,2026-06-16,1411,339,752,16.70
PLT002,PRT016,2026-06-17,126,445,319,14.50
PLT002,PRT016,2026-06-18,925,372,439,95.60
PLT002,PRT016,2026-06-19,1234,303,580,108.00
PLT002,PRT016,2026-06-20,981,357,413,133.20
PLT002,PRT016,2026-06-21,1156,139,409,127.20
PLT002,PRT016,2026-06-22,357,131,560,72.80
PLT002,PRT016,2026-06-23,1186,478,421,124.80
PLT002,PRT016,2026-06-24,531,428,616,123.40
PLT002,PRT016,2026-06-25,781,383,380,68.80
PLT002,PRT016,2026-06-26,785,475,687,80.30
PLT002,PRT016,2026-06-27,1219,390,261,94.00
PLT002,PRT016,2026-06-28,1849,174,248,89.30
PLT002,PRT016,2026-06-29,1183,399,562,46.10
PLT002,PRT016,2026-06-30,1905,269,398,99.00
PLT002,PRT016,2026-07-01,1365,286,289,38.90
PLT002,PRT016,2026-07-02,113,118,416,135.10
PLT002,PRT016,2026-07-03,1745,373,758,14.80
PLT002,PRT016,2026-07-04,2004,354,306,76.40
PLT002,PRT016,2026-07-05,1576,154,760,100.20
PLT002,PRT016,2026-07-06,1842,219,609,14.90
PLT002,PRT016,2026-07-07,689,223,251,80.00
PLT002,PRT016,2026-07-08,1322,135,469,108.30
PLT002,PRT016,2026-07-09,829,398,750,34.50
PLT002,PRT016,2026-07-10,952,484,389,17.20
PLT002,PRT016,2026-07-11,1205,252,757,107.20
PLT002,PRT016,2026-07-12,548,263,778,100.40
PLT002,PRT016,2026-07-13,1945,146,557,92.50
PLT002,PRT016,2026-07-14,1649,276,550,97.00
PLT002,PRT016,2026-07-15,1514,300,463,36.70
PLT002,PRT016,2026-07-16,1514,122,457,143.00
PLT002,PRT016,2026-07-17,1090,281,593,84.10
PLT002,PRT016,2026-07-18,1847,113,373,48.50
PLT002,PRT016,2026-07-19,1229,286,363,132.40
PLT002,PRT016,2026-07-20,247,411,200,70.40
PLT002,PRT016,2026-07-21,242,426,217,48.40
PLT002,PRT016,2026-07-22,1925,461,311,80.20
PLT002,PRT016,2026-07-23,1273,438,649,149.10
PLT002,PRT016,2026-07-24,1153,275,610,49.90
PLT002,PRT016,2026-07-25,819,240,644,105.50
PLT002,PRT016,2026-07-26,808,177,766,43.40
PLT002,PRT016,2026-07-27,581,383,299,97.20
PLT002,PRT016,2026-07-28,1599,132,693,76.60
PLT002,PRT016,2026-07-29,210,227,456,13.30
PLT002,PRT016,2026-07-30,1970,230,642,17.70
PLT002,PRT016,2026-07-31,482,308,686,90.30
PLT002,PRT016,2026-08-01,664,114,329,43.80
PLT002,PRT016,2026-08-02,1928,312,549,44.50
PLT002,PRT016,2026-08-03,1459,376,375,89.10
PLT002,PRT016,2026-08-04,657,114,771,118.50
PLT002,PRT016,2026-08-05,867,260,384,97.90
PLT002,PRT016,2026-08-06,1383,162,774,84.20
PLT002,PRT016,2026-08-07,1328,335,318,91.70
PLT002,PRT016,2026-08-08,1456,259,751,89.00
PLT002,PRT016,2026-08-09,1380,296,728,35.80
PLT002,PRT016,2026-08-10,1093,209,767,79.80
PLT002,PRT016,2026-08-11,1185,330,744,71.00
PLT002,PRT016,2026-08-12,700,240,420,149.60
PLT002,PRT016,2026-08-13,80,384,510,82.50
PLT002,PRT016,2026-08-14,295,222,519,68.60
PLT002,PRT016,2026-08-15,1117,320,423,118.40
PLT002,PRT016,2026-08-16,1587,130,315,105.70
PLT002,PRT016,2026-08-17,1339,332,345,134.00
PLT002,PRT016,2026-08-18,1329,496,532,68.30
PLT002,PRT016,2026-08-19,553,414,474,122.80
PLT002,PRT016,2026-08-20,794,382,479,108.10
PLT002,PRT016,2026-08-21,113,318,620,20.20
PLT002,PRT016,2026-08-22,411,220,482,14.70
PLT002,PRT016,2026-08-23,1857,230,318,31.30
PLT002,PRT016,2026-08-24,1249,456,485,72.80
PLT002,PRT016,2026-08-25,1698,316,578,148.50
PLT002,PRT016,2026-08-26,1135,359,400,63.50
PLT002,PRT016,2026-08-27,203,307,300,84.20
PLT002,PRT016,2026-08-28,1187,173,245,125.20
PLT002,PRT016,2026-08-29,1132,402,492,100.70
PLT002,PRT016,2026-08-30,1982,373,524,33.90
PLT002,PRT016,2026-08-31,1703,299,612,64.60
PLT002,PRT016,2026-09-01,1677,277,583,37.40
PLT002,PRT016,2026-09-02,1800,421,349,72.20
PLT002,PRT016,2026-09-03,1891,130,672,41.60
PLT002,PRT016,2026-09-04,1453,435,548,51.10
PLT002,PRT016,2026-09-05,961,500,403,84.90
PLT002,PRT016,2026-09-06,1318,101,735,59.10
PLT002,PRT016,2026-09-07,52,324,653,98.70
PLT002,PRT016,2026-09-08,1891,109,567,32.40
PLT002,PRT016,2026-09-09,133,366,704,153.60
PLT002,PRT016,2026-09-10,1102,212,461,20.50
PLT002,PRT016,2026-09-11,891,105,500,90.70
PLT002,PRT016,2026-09-12,392,464,768,114.40
PLT002,PRT017,2026-06-15,1814,204,367,105.90
PLT002,PRT017,2026-06-16,319,202,769,43.00
PLT002,PRT017,2026-06-17,1356,257,344,96.00
PLT002,PRT017,2026-06-18,430,361,433,38.50
PLT002,PRT017,2026-06-19,1651,137,495,70.60
PLT002,PRT017,2026-06-20,1928,156,551,100.20
PLT002,PRT017,2026-06-21,1119,464,665,154.40
PLT002,PRT017,2026-06-22,850,405,750,76.80
PLT002,PRT017,2026-06-23,145,327,449,39.40
PLT002,PRT017,2026-06-24,141,390,462,137.80
PLT002,PRT017,2026-06-25,701,325,574,85.50
PLT002,PRT017,2026-06-26,824,490,697,47.20
PLT002,PRT017,2026-06-27,269,196,643,110.30
PLT002,PRT017,2026-06-28,406,256,762,73.20
PLT002,PRT017,2026-06-29,352,225,295,109.00
PLT002,PRT017,2026-06-30,1531,406,601,25.00
PLT002,PRT017,2026-07-01,170,386,429,22.90
PLT002,PRT017,2026-07-02,416,261,618,18.50
PLT002,PRT017,2026-07-03,1455,400,650,69.20
PLT002,PRT017,2026-07-04,1855,386,205,144.40
PLT002,PRT017,2026-07-05,1034,153,732,143.30
PLT002,PRT017,2026-07-06,1359,331,549,102.00
PLT002,PRT017,2026-07-07,287,176,200,23.40
PLT002,PRT017,2026-07-08,1930,223,343,39.30
PLT002,PRT017,2026-07-09,1338,278,756,83.20
PLT002,PRT017,2026-07-10,849,170,633,93.50
PLT002,PRT017,2026-07-11,1040,334,410,71.00
PLT002,PRT017,2026-07-12,863,456,570,99.40
PLT002,PRT017,2026-07-13,1389,265,322,103.10
PLT002,PRT017,2026-07-14,1397,100,624,92.80
PLT002,PRT017,2026-07-15,1124,357,316,47.70
PLT002,PRT017,2026-07-16,1074,381,673,103.00
PLT002,PRT017,2026-07-17,379,349,205,62.70
PLT002,PRT017,2026-07-18,415,320,208,134.40
PLT002,PRT017,2026-07-19,2086,171,491,60.60
PLT002,PRT017,2026-07-20,444,221,415,52.60
PLT002,PRT017,2026-07-21,1765,383,675,41.10
PLT002,PRT017,2026-07-22,819,107,205,135.40
PLT002,PRT017,2026-07-23,336,423,554,51.40
PLT002,PRT017,2026-07-24,1612,399,476,147.70
PLT002,PRT017,2026-07-25,1177,156,665,36.60
PLT002,PRT017,2026-07-26,430,346,628,31.90
PLT002,PRT017,2026-07-27,1323,203,364,40.30
PLT002,PRT017,2026-07-28,1096,336,616,47.30
PLT002,PRT017,2026-07-29,506,417,275,133.00
PLT002,PRT017,2026-07-30,1232,445,455,102.90
PLT002,PRT017,2026-07-31,694,369,304,51.00
PLT002,PRT017,2026-08-01,547,463,411,19.70
PLT002,PRT017,2026-08-02,1812,183,215,39.20
PLT002,PRT017,2026-08-03,159,109,453,45.60
PLT002,PRT017,2026-08-04,1079,285,239,64.00
PLT002,PRT017,2026-08-05,403,323,624,143.50
PLT002,PRT017,2026-08-06,1971,201,651,35.30
PLT002,PRT017,2026-08-07,486,335,523,63.50
PLT002,PRT017,2026-08-08,2122,250,214,21.50
PLT002,PRT017,2026-08-09,1958,353,208,97.00
PLT002,PRT017,2026-08-10,385,137,557,42.10
PLT002,PRT017,2026-08-11,1276,391,368,50.80
PLT002,PRT017,2026-08-12,369,401,520,46.60
PLT002,PRT017,2026-08-13,1765,464,299,55.80
PLT002,PRT017,2026-08-14,581,352,409,120.90
PLT002,PRT017,2026-08-15,1388,180,430,87.80
PLT002,PRT017,2026-08-16,2047,211,607,53.30
PLT002,PRT017,2026-08-17,1496,123,288,125.80
PLT002,PRT017,2026-08-18,1949,278,765,152.30
PLT002,PRT017,2026-08-19,1202,304,785,134.20
PLT002,PRT017,2026-08-20,670,192,604,95.80
PLT002,PRT017,2026-08-21,1712,323,783,17.00
PLT002,PRT017,2026-08-22,2005,431,676,133.80
PLT002,PRT017,2026-08-23,1246,380,621,106.90
PLT002,PRT017,2026-08-24,1551,108,383,38.40
PLT002,PRT017,2026-08-25,1283,225,315,37.30
PLT002,PRT017,2026-08-26,884,351,505,62.90
PLT002,PRT017,2026-08-27,939,388,256,33.90
PLT002,PRT017,2026-08-28,755,300,450,131.30
PLT002,PRT017,2026-08-29,252,246,729,137.80
PLT002,PRT017,2026-08-30,805,269,426,152.10
PLT002,PRT017,2026-08-31,708,379,724,27.70
PLT002,PRT017,2026-09-01,874,107,491,143.20
PLT002,PRT017,2026-09-02,404,314,609,86.40
PLT002,PRT017,2026-09-03,1605,486,699,66.30
PLT002,PRT017,2026-09-04,1280,381,203,71.30
PLT002,PRT017,2026-09-05,407,282,713,95.50
PLT002,PRT017,2026-09-06,1329,335,354,72.80
PLT002,PRT017,2026-09-07,1687,460,712,12.40
PLT002,PRT017,2026-09-08,1367,211,715,125.20
PLT002,PRT017,2026-09-09,331,297,683,61.50
PLT002,PRT017,2026-09-10,628,200,714,86.70
PLT002,PRT017,2026-09-11,1847,461,533,104.00
PLT002,PRT017,2026-09-12,692,462,649,47.70
PLT002,PRT019,2026-06-15,376,474,211,129.20
PLT002,PRT019,2026-06-16,615,452,238,55.20
PLT002,PRT019,2026-06-17,1477,443,471,79.40
PLT002,PRT019,2026-06-18,694,367,484,94.10
PLT002,PRT019,2026-06-19,372,146,343,74.70
PLT002,PRT019,2026-06-20,1980,418,531,44.50
PLT002,PRT019,2026-06-21,1968,178,575,34.10
PLT002,PRT019,2026-06-22,1254,112,705,119.10
PLT002,PRT019,2026-06-23,1945,289,239,32.30
PLT002,PRT019,2026-06-24,127,434,254,151.40
PLT002,PRT019,2026-06-25,1983,293,795,26.60
PLT002,PRT019,2026-06-26,756,234,682,76.90
PLT002,PRT019,2026-06-27,849,135,497,107.30
PLT002,PRT019,2026-06-28,1164,450,572,38.20
PLT002,PRT019,2026-06-29,600,445,726,54.00
PLT002,PRT019,2026-06-30,951,286,674,35.30
PLT002,PRT019,2026-07-01,1585,158,443,82.40
PLT002,PRT019,2026-07-02,1319,146,552,82.00
PLT002,PRT019,2026-07-03,689,452,493,144.00
PLT002,PRT019,2026-07-04,1017,358,739,42.40
PLT002,PRT019,2026-07-05,450,490,332,57.40
PLT002,PRT019,2026-07-06,1229,330,353,136.30
PLT002,PRT019,2026-07-07,800,439,287,19.80
PLT002,PRT019,2026-07-08,860,257,237,41.90
PLT002,PRT019,2026-07-09,1741,361,686,122.60
PLT002,PRT019,2026-07-10,1991,395,791,131.00
PLT002,PRT019,2026-07-11,344,136,383,38.30
PLT002,PRT019,2026-07-12,1799,441,691,92.20
PLT002,PRT019,2026-07-13,366,482,321,124.60
PLT002,PRT019,2026-07-14,1908,170,777,60.10
PLT002,PRT019,2026-07-15,1199,149,558,130.00
PLT002,PRT019,2026-07-16,235,238,651,130.60
PLT002,PRT019,2026-07-17,67,329,651,19.10
PLT002,PRT019,2026-07-18,588,111,205,43.90
PLT002,PRT019,2026-07-19,1902,261,539,151.50
PLT002,PRT019,2026-07-20,1881,258,608,57.80
PLT002,PRT019,2026-07-21,1023,159,772,25.30
PLT002,PRT019,2026-07-22,1911,126,247,85.90
PLT002,PRT019,2026-07-23,294,197,573,57.00
PLT002,PRT019,2026-07-24,1734,213,597,84.80
PLT002,PRT019,2026-07-25,1324,113,596,49.10
PLT002,PRT019,2026-07-26,687,228,631,142.50
PLT002,PRT019,2026-07-27,1396,289,578,81.30
PLT002,PRT019,2026-07-28,1416,345,768,120.90
PLT002,PRT019,2026-07-29,1061,145,640,136.20
PLT002,PRT019,2026-07-30,1454,400,758,36.10
PLT002,PRT019,2026-07-31,1666,321,232,67.00
PLT002,PRT019,2026-08-01,1663,119,262,83.60
PLT002,PRT019,2026-08-02,1998,228,732,64.70
PLT002,PRT019,2026-08-03,1781,336,285,132.70
PLT002,PRT019,2026-08-04,358,361,458,121.20
PLT002,PRT019,2026-08-05,545,454,789,28.20
PLT002,PRT019,2026-08-06,1186,330,392,15.10
PLT002,PRT019,2026-08-07,741,268,449,57.50
PLT002,PRT019,2026-08-08,611,192,467,83.50
PLT002,PRT019,2026-08-09,1526,317,361,27.60
PLT002,PRT019,2026-08-10,133,312,227,100.80
PLT002,PRT019,2026-08-11,673,194,782,142.00
PLT002,PRT019,2026-08-12,1524,448,392,30.10
PLT002,PRT019,2026-08-13,691,408,766,74.70
PLT002,PRT019,2026-08-14,585,481,232,144.80
PLT002,PRT019,2026-08-15,320,333,699,54.30
PLT002,PRT019,2026-08-16,617,310,757,28.20
PLT002,PRT019,2026-08-17,813,358,527,123.20
PLT002,PRT019,2026-08-18,1813,317,641,93.00
PLT002,PRT019,2026-08-19,1169,371,724,114.40
PLT002,PRT019,2026-08-20,345,366,422,150.40
PLT002,PRT019,2026-08-21,1953,210,638,42.60
PLT002,PRT019,2026-08-22,661,236,296,37.70
PLT002,PRT019,2026-08-23,1986,447,442,22.70
PLT002,PRT019,2026-08-24,1673,343,789,124.00
PLT002,PRT019,2026-08-25,518,312,582,130.30
PLT002,PRT019,2026-08-26,176,336,744,25.80
PLT002,PRT019,2026-08-27,1578,243,310,106.80
PLT002,PRT019,2026-08-28,969,263,755,115.90
PLT002,PRT019,2026-08-29,1151,365,408,15.00
PLT002,PRT019,2026-08-30,2020,419,596,145.40
PLT002,PRT019,2026-08-31,268,134,667,100.60
PLT002,PRT019,2026-09-01,682,462,218,146.80
PLT002,PRT019,2026-09-02,579,440,317,124.20
PLT002,PRT019,2026-09-03,268,388,363,103.00
PLT002,PRT019,2026-09-04,569,274,554,69.60
PLT002,PRT019,2026-09-05,515,386,281,52.30
PLT002,PRT019,2026-09-06,839,487,736,136.30
PLT002,PRT019,2026-09-07,1578,341,446,152.20
PLT002,PRT019,2026-09-08,730,275,727,82.60
PLT002,PRT019,2026-09-09,136,143,493,71.20
PLT002,PRT019,2026-09-10,937,172,483,42.00
PLT002,PRT019,2026-09-11,413,136,510,121.90
PLT002,PRT019,2026-09-12,1767,358,586,123.70
PLT002,PRT020,2026-06-15,137,304,450,138.10
PLT002,PRT020,2026-06-16,1031,163,693,60.40
PLT002,PRT020,2026-06-17,526,493,472,107.00
PLT002,PRT020,2026-06-18,743,226,394,83.90
PLT002,PRT020,2026-06-19,545,396,332,41.60
PLT002,PRT020,2026-06-20,1242,149,720,75.70
PLT002,PRT020,2026-06-21,1652,262,423,60.60
PLT002,PRT020,2026-06-22,1296,208,703,127.90
PLT002,PRT020,2026-06-23,237,242,205,31.00
PLT002,PRT020,2026-06-24,1093,408,762,137.70
PLT002,PRT020,2026-06-25,1242,389,682,79.00
PLT002,PRT020,2026-06-26,1918,280,411,150.90
PLT002,PRT020,2026-06-27,2149,113,574,45.60
PLT002,PRT020,2026-06-28,2086,321,729,49.00
PLT002,PRT020,2026-06-29,1678,147,481,57.50
PLT002,PRT020,2026-06-30,1640,453,783,49.60
PLT002,PRT020,2026-07-01,609,291,580,107.00
PLT002,PRT020,2026-07-02,1224,427,210,110.90
PLT002,PRT020,2026-07-03,522,195,396,25.20
PLT002,PRT020,2026-07-04,678,260,566,102.50
PLT002,PRT020,2026-07-05,1643,297,378,28.40
PLT002,PRT020,2026-07-06,1482,276,690,96.30
PLT002,PRT020,2026-07-07,1620,170,664,50.80
PLT002,PRT020,2026-07-08,160,250,616,98.80
PLT002,PRT020,2026-07-09,1018,360,606,140.10
PLT002,PRT020,2026-07-10,153,202,427,121.80
PLT002,PRT020,2026-07-11,251,455,591,121.80
PLT002,PRT020,2026-07-12,636,164,482,45.50
PLT002,PRT020,2026-07-13,509,367,722,61.40
PLT002,PRT020,2026-07-14,444,329,261,126.90
PLT002,PRT020,2026-07-15,685,192,714,82.30
PLT002,PRT020,2026-07-16,1996,463,702,34.10
PLT002,PRT020,2026-07-17,1496,225,485,95.90
PLT002,PRT020,2026-07-18,2152,229,602,10.50
PLT002,PRT020,2026-07-19,324,334,563,77.50
PLT002,PRT020,2026-07-20,1766,145,274,123.00
PLT002,PRT020,2026-07-21,492,252,552,80.90
PLT002,PRT020,2026-07-22,1979,450,478,117.20
PLT002,PRT020,2026-07-23,236,305,513,44.30
PLT002,PRT020,2026-07-24,959,372,374,137.00
PLT002,PRT020,2026-07-25,1154,338,220,66.40
PLT002,PRT020,2026-07-26,884,443,431,35.30
PLT002,PRT020,2026-07-27,1686,106,688,78.80
PLT002,PRT020,2026-07-28,299,165,572,40.10
PLT002,PRT020,2026-07-29,663,155,340,102.70
PLT002,PRT020,2026-07-30,201,350,625,80.30
PLT002,PRT020,2026-07-31,1308,184,537,110.10
PLT002,PRT020,2026-08-01,750,133,688,124.30
PLT002,PRT020,2026-08-02,1232,159,570,100.10
PLT002,PRT020,2026-08-03,289,356,751,139.20
PLT002,PRT020,2026-08-04,1217,489,539,124.60
PLT002,PRT020,2026-08-05,1473,251,636,108.00
PLT002,PRT020,2026-08-06,56,242,229,143.20
PLT002,PRT020,2026-08-07,1185,291,416,119.20
PLT002,PRT020,2026-08-08,551,374,200,140.90
PLT002,PRT020,2026-08-09,620,356,767,127.20
PLT002,PRT020,2026-08-10,620,356,606,117.00
PLT002,PRT020,2026-08-11,191,235,440,24.90
PLT002,PRT020,2026-08-12,263,287,329,47.10
PLT002,PRT020,2026-08-13,455,460,358,120.30
PLT002,PRT020,2026-08-14,539,145,662,51.30
PLT002,PRT020,2026-08-15,2123,135,510,120.40
PLT002,PRT020,2026-08-16,1457,462,537,153.80
PLT002,PRT020,2026-08-17,1028,207,610,108.30
PLT002,PRT020,2026-08-18,309,364,232,95.80
PLT002,PRT020,2026-08-19,207,341,356,53.90
PLT002,PRT020,2026-08-20,932,183,724,64.40
PLT002,PRT020,2026-08-21,397,467,301,65.10
PLT002,PRT020,2026-08-22,1549,183,749,26.60
PLT002,PRT020,2026-08-23,368,347,732,101.80
PLT002,PRT020,2026-08-24,1152,103,227,15.30
PLT002,PRT020,2026-08-25,411,122,675,85.70
PLT002,PRT020,2026-08-26,119,184,372,48.20
PLT002,PRT020,2026-08-27,1585,177,417,143.20
PLT002,PRT020,2026-08-28,253,301,727,35.00
PLT002,PRT020,2026-08-29,1325,277,410,74.90
PLT002,PRT020,2026-08-30,2122,324,359,141.10
PLT002,PRT020,2026-08-31,1501,207,779,116.00
PLT002,PRT020,2026-09-01,140,271,447,121.60
PLT002,PRT020,2026-09-02,1262,446,631,112.00
PLT002,PRT020,2026-09-03,236,452,318,99.00
PLT002,PRT020,2026-09-04,316,452,223,109.20
PLT002,PRT020,2026-09-05,519,214,254,14.40
PLT002,PRT020,2026-09-06,1697,132,610,78.60
PLT002,PRT020,2026-09-07,850,413,431,88.30
PLT002,PRT020,2026-09-08,1310,384,438,102.60
PLT002,PRT020,2026-09-09,1201,246,650,143.90
PLT002,PRT020,2026-09-10,1351,410,523,82.10
PLT002,PRT020,2026-09-11,1343,130,507,62.00
PLT002,PRT020,2026-09-12,539,373,621,45.00
PLT003,PRT002,2026-06-15,1508,201,609,115.50
PLT003,PRT002,2026-06-16,1787,452,408,131.10
PLT003,PRT002,2026-06-17,1650,145,674,145.20
PLT003,PRT002,2026-06-18,126,439,686,85.60
PLT003,PRT002,2026-06-19,1258,133,664,115.90
PLT003,PRT002,2026-06-20,652,466,388,53.60
PLT003,PRT002,2026-06-21,560,176,370,75.20
PLT003,PRT002,2026-06-22,738,225,448,74.70
PLT003,PRT002,2026-06-23,910,178,216,89.90
PLT003,PRT002,2026-06-24,484,156,284,140.70
PLT003,PRT002,2026-06-25,307,441,243,77.70
PLT003,PRT002,2026-06-26,695,149,603,38.70
PLT003,PRT002,2026-06-27,1709,372,337,65.70
PLT003,PRT002,2026-06-28,968,117,494,53.20
PLT003,PRT002,2026-06-29,138,412,205,68.60
PLT003,PRT002,2026-06-30,1671,263,201,117.30
PLT003,PRT002,2026-07-01,398,343,717,118.20
PLT003,PRT002,2026-07-02,1440,269,443,28.70
PLT003,PRT002,2026-07-03,644,434,580,103.20
PLT003,PRT002,2026-07-04,391,498,331,116.70
PLT003,PRT002,2026-07-05,947,417,741,10.40
PLT003,PRT002,2026-07-06,233,130,302,100.60
PLT003,PRT002,2026-07-07,1138,139,478,138.10
PLT003,PRT002,2026-07-08,681,133,301,143.10
PLT003,PRT002,2026-07-09,984,425,289,143.80
PLT003,PRT002,2026-07-10,967,413,512,87.40
PLT003,PRT002,2026-07-11,1645,328,312,27.40
PLT003,PRT002,2026-07-12,1558,142,515,58.90
PLT003,PRT002,2026-07-13,1686,463,701,43.00
PLT003,PRT002,2026-07-14,1685,188,550,21.10
PLT003,PRT002,2026-07-15,1492,465,343,61.60
PLT003,PRT002,2026-07-16,174,184,572,62.40
PLT003,PRT002,2026-07-17,1768,399,470,132.10
PLT003,PRT002,2026-07-18,1986,500,506,117.40
PLT003,PRT002,2026-07-19,1959,268,487,26.50
PLT003,PRT002,2026-07-20,305,439,527,76.20
PLT003,PRT002,2026-07-21,829,461,449,143.80
PLT003,PRT002,2026-07-22,1334,116,385,45.20
PLT003,PRT002,2026-07-23,1563,203,774,136.80
PLT003,PRT002,2026-07-24,655,190,600,21.60
PLT003,PRT002,2026-07-25,1514,112,393,137.00
PLT003,PRT002,2026-07-26,1995,219,684,19.10
PLT003,PRT002,2026-07-27,539,338,757,60.50
PLT003,PRT002,2026-07-28,1271,378,224,73.40
PLT003,PRT002,2026-07-29,965,260,442,16.10
PLT003,PRT002,2026-07-30,549,387,711,40.30
PLT003,PRT002,2026-07-31,1091,485,248,129.10
PLT003,PRT002,2026-08-01,1470,361,491,118.20
PLT003,PRT002,2026-08-02,1334,292,799,137.50
PLT003,PRT002,2026-08-03,1460,284,666,137.60
PLT003,PRT002,2026-08-04,266,326,461,101.90
PLT003,PRT002,2026-08-05,1466,477,713,81.40
PLT003,PRT002,2026-08-06,197,500,509,71.40
PLT003,PRT002,2026-08-07,695,478,526,128.80
PLT003,PRT002,2026-08-08,1036,353,458,86.50
PLT003,PRT002,2026-08-09,709,387,701,63.10
PLT003,PRT002,2026-08-10,975,241,273,79.90
PLT003,PRT002,2026-08-11,1563,301,279,22.50
PLT003,PRT002,2026-08-12,1145,234,238,151.60
PLT003,PRT002,2026-08-13,179,393,789,95.00
PLT003,PRT002,2026-08-14,488,442,671,135.90
PLT003,PRT002,2026-08-15,1171,164,674,70.30
PLT003,PRT002,2026-08-16,494,187,439,82.10
PLT003,PRT002,2026-08-17,284,218,350,118.30
PLT003,PRT002,2026-08-18,299,316,491,116.70
PLT003,PRT002,2026-08-19,1913,246,512,107.40
PLT003,PRT002,2026-08-20,1185,205,339,68.10
PLT003,PRT002,2026-08-21,1671,338,210,59.50
PLT003,PRT002,2026-08-22,318,113,447,26.50
PLT003,PRT002,2026-08-23,769,484,246,50.80
PLT003,PRT002,2026-08-24,1604,281,223,29.20
PLT003,PRT002,2026-08-25,1004,385,799,113.00
PLT003,PRT002,2026-08-26,994,409,449,54.30
PLT003,PRT002,2026-08-27,1257,445,378,85.50
PLT003,PRT002,2026-08-28,297,388,553,74.00
PLT003,PRT002,2026-08-29,2028,372,671,65.30
PLT003,PRT002,2026-08-30,1335,181,472,111.30
PLT003,PRT002,2026-08-31,1894,242,209,17.60
PLT003,PRT002,2026-09-01,1606,178,588,22.70
PLT003,PRT002,2026-09-02,1713,283,567,88.60
PLT003,PRT002,2026-09-03,992,202,756,52.50
PLT003,PRT002,2026-09-04,1081,263,549,66.10
PLT003,PRT002,2026-09-05,1946,464,386,95.20
PLT003,PRT002,2026-09-06,607,202,761,52.80
PLT003,PRT002,2026-09-07,590,151,592,92.70
PLT003,PRT002,2026-09-08,1750,411,444,130.60
PLT003,PRT002,2026-09-09,1411,300,509,119.90
PLT003,PRT002,2026-09-10,1335,230,445,29.10
PLT003,PRT002,2026-09-11,1902,409,555,11.20
PLT003,PRT002,2026-09-12,1213,218,638,72.60
PLT003,PRT003,2026-06-15,1350,487,670,46.50
PLT003,PRT003,2026-06-16,1157,221,560,41.90
PLT003,PRT003,2026-06-17,67,469,601,91.80
PLT003,PRT003,2026-06-18,123,406,798,37.80
PLT003,PRT003,2026-06-19,1512,285,541,91.80
PLT003,PRT003,2026-06-20,2090,189,693,75.70
PLT003,PRT003,2026-06-21,492,358,395,133.10
PLT003,PRT003,2026-06-22,83,147,567,42.10
PLT003,PRT003,2026-06-23,1721,325,222,48.00
PLT003,PRT003,2026-06-24,655,167,747,116.70
PLT003,PRT003,2026-06-25,1117,330,439,61.30
PLT003,PRT003,2026-06-26,1389,332,251,100.50
PLT003,PRT003,2026-06-27,1793,328,390,83.10
PLT003,PRT003,2026-06-28,422,449,551,48.00
PLT003,PRT003,2026-06-29,1903,253,426,132.20
PLT003,PRT003,2026-06-30,1078,122,698,150.60
PLT003,PRT003,2026-07-01,1005,205,671,57.60
PLT003,PRT003,2026-07-02,962,136,270,65.00
PLT003,PRT003,2026-07-03,962,180,268,65.10
PLT003,PRT003,2026-07-04,1328,429,366,94.10
PLT003,PRT003,2026-07-05,1601,141,547,73.00
PLT003,PRT003,2026-07-06,200,350,215,147.50
PLT003,PRT003,2026-07-07,927,424,712,72.10
PLT003,PRT003,2026-07-08,379,417,403,67.80
PLT003,PRT003,2026-07-09,150,240,443,13.20
PLT003,PRT003,2026-07-10,1341,410,210,151.00
PLT003,PRT003,2026-07-11,1837,223,549,28.70
PLT003,PRT003,2026-07-12,1522,118,645,77.70
PLT003,PRT003,2026-07-13,118,396,711,102.60
PLT003,PRT003,2026-07-14,208,381,397,102.70
PLT003,PRT003,2026-07-15,791,406,527,87.50
PLT003,PRT003,2026-07-16,953,361,251,138.20
PLT003,PRT003,2026-07-17,1582,449,471,91.00
PLT003,PRT003,2026-07-18,692,324,210,24.60
PLT003,PRT003,2026-07-19,746,174,420,141.90
PLT003,PRT003,2026-07-20,165,320,511,129.00
PLT003,PRT003,2026-07-21,861,229,344,10.20
PLT003,PRT003,2026-07-22,1395,452,403,92.50
PLT003,PRT003,2026-07-23,517,161,356,147.30
PLT003,PRT003,2026-07-24,603,374,412,134.60
PLT003,PRT003,2026-07-25,1682,429,301,17.60
PLT003,PRT003,2026-07-26,349,152,620,123.80
PLT003,PRT003,2026-07-27,776,431,516,48.70
PLT003,PRT003,2026-07-28,950,217,349,36.70
PLT003,PRT003,2026-07-29,835,469,596,97.00
PLT003,PRT003,2026-07-30,413,387,394,104.90
PLT003,PRT003,2026-07-31,407,432,712,116.00
PLT003,PRT003,2026-08-01,1184,158,292,46.60
PLT003,PRT003,2026-08-02,548,423,598,77.30
PLT003,PRT003,2026-08-03,269,461,605,155.00
PLT003,PRT003,2026-08-04,281,103,409,96.00
PLT003,PRT003,2026-08-05,1168,171,628,62.60
PLT003,PRT003,2026-08-06,1158,244,578,74.10
PLT003,PRT003,2026-08-07,1192,193,402,117.60
PLT003,PRT003,2026-08-08,1291,194,408,22.50
PLT003,PRT003,2026-08-09,1642,390,745,17.00
PLT003,PRT003,2026-08-10,1473,260,681,115.80
PLT003,PRT003,2026-08-11,1762,371,510,20.90
PLT003,PRT003,2026-08-12,954,459,393,67.80
PLT003,PRT003,2026-08-13,746,363,606,147.10
PLT003,PRT003,2026-08-14,941,456,458,81.00
PLT003,PRT003,2026-08-15,544,454,322,25.90
PLT003,PRT003,2026-08-16,1083,255,638,112.10
PLT003,PRT003,2026-08-17,1122,125,247,127.20
PLT003,PRT003,2026-08-18,1159,291,499,46.40
PLT003,PRT003,2026-08-19,593,237,241,87.00
PLT003,PRT003,2026-08-20,998,274,244,146.70
PLT003,PRT003,2026-08-21,1377,492,222,144.60
PLT003,PRT003,2026-08-22,705,438,499,58.10
PLT003,PRT003,2026-08-23,1436,389,597,96.90
PLT003,PRT003,2026-08-24,1205,324,455,44.10
PLT003,PRT003,2026-08-25,1454,274,250,150.90
PLT003,PRT003,2026-08-26,1880,159,461,64.80
PLT003,PRT003,2026-08-27,1444,285,262,30.40
PLT003,PRT003,2026-08-28,1309,295,683,148.90
PLT003,PRT003,2026-08-29,1951,372,334,100.90
PLT003,PRT003,2026-08-30,413,385,432,69.70
PLT003,PRT003,2026-08-31,1374,498,437,81.60
PLT003,PRT003,2026-09-01,1899,222,320,124.00
PLT003,PRT003,2026-09-02,633,305,462,36.60
PLT003,PRT003,2026-09-03,549,258,374,27.90
PLT003,PRT003,2026-09-04,92,228,471,15.10
PLT003,PRT003,2026-09-05,954,375,228,142.70
PLT003,PRT003,2026-09-06,1867,129,261,96.30
PLT003,PRT003,2026-09-07,1984,182,447,23.30
PLT003,PRT003,2026-09-08,1786,266,422,116.10
PLT003,PRT003,2026-09-09,926,176,370,125.60
PLT003,PRT003,2026-09-10,840,153,219,22.90
PLT003,PRT003,2026-09-11,1365,492,490,79.50
PLT003,PRT003,2026-09-12,494,166,497,147.80
PLT003,PRT004,2026-06-15,1164,493,243,39.50
PLT003,PRT004,2026-06-16,875,369,292,59.90
PLT003,PRT004,2026-06-17,314,468,232,84.50
PLT003,PRT004,2026-06-18,1761,462,752,125.90
PLT003,PRT004,2026-06-19,289,425,296,27.60
PLT003,PRT004,2026-06-20,608,347,491,33.60
PLT003,PRT004,2026-06-21,831,252,648,46.90
PLT003,PRT004,2026-06-22,263,463,443,16.70
PLT003,PRT004,2026-06-23,1352,438,300,79.00
PLT003,PRT004,2026-06-24,1870,383,304,94.60
PLT003,PRT004,2026-06-25,1445,223,274,118.90
PLT003,PRT004,2026-06-26,1160,120,664,32.00
PLT003,PRT004,2026-06-27,1594,368,223,35.40
PLT003,PRT004,2026-06-28,389,421,252,21.60
PLT003,PRT004,2026-06-29,1953,274,360,64.40
PLT003,PRT004,2026-06-30,1912,496,752,152.60
PLT003,PRT004,2026-07-01,1118,296,347,41.60
PLT003,PRT004,2026-07-02,1102,316,329,79.00
PLT003,PRT004,2026-07-03,220,353,288,81.60
PLT003,PRT004,2026-07-04,1576,371,436,37.20
PLT003,PRT004,2026-07-05,1898,481,602,141.00
PLT003,PRT004,2026-07-06,1917,133,617,18.90
PLT003,PRT004,2026-07-07,972,356,510,150.90
PLT003,PRT004,2026-07-08,833,259,566,12.70
PLT003,PRT004,2026-07-09,92,113,329,49.70
PLT003,PRT004,2026-07-10,165,329,316,41.40
PLT003,PRT004,2026-07-11,1315,126,575,114.80
PLT003,PRT004,2026-07-12,1502,229,309,63.80
PLT003,PRT004,2026-07-13,1992,304,787,15.80
PLT003,PRT004,2026-07-14,853,191,798,85.80
PLT003,PRT004,2026-07-15,1341,151,780,71.70
PLT003,PRT004,2026-07-16,1353,466,691,93.00
PLT003,PRT004,2026-07-17,1795,189,474,105.80
PLT003,PRT004,2026-07-18,1129,386,561,144.30
PLT003,PRT004,2026-07-19,1675,295,729,35.60
PLT003,PRT004,2026-07-20,505,398,495,43.60
PLT003,PRT004,2026-07-21,1461,107,584,83.10
PLT003,PRT004,2026-07-22,1342,306,735,32.40
PLT003,PRT004,2026-07-23,1047,295,656,123.40
PLT003,PRT004,2026-07-24,1539,424,672,41.90
PLT003,PRT004,2026-07-25,498,366,252,88.50
PLT003,PRT004,2026-07-26,482,479,320,41.50
PLT003,PRT004,2026-07-27,1180,338,764,126.00
PLT003,PRT004,2026-07-28,407,212,770,146.30
PLT003,PRT004,2026-07-29,733,294,351,126.10
PLT003,PRT004,2026-07-30,153,372,498,19.30
PLT003,PRT004,2026-07-31,1273,185,289,21.50
PLT003,PRT004,2026-08-01,1322,254,716,97.90
PLT003,PRT004,2026-08-02,1636,202,283,70.20
PLT003,PRT004,2026-08-03,1410,279,289,123.20
PLT003,PRT004,2026-08-04,736,108,683,144.50
PLT003,PRT004,2026-08-05,1857,317,354,56.40
PLT003,PRT004,2026-08-06,919,379,510,53.60
PLT003,PRT004,2026-08-07,283,493,329,53.00
PLT003,PRT004,2026-08-08,743,143,672,147.60
PLT003,PRT004,2026-08-09,883,205,366,117.30
PLT003,PRT004,2026-08-10,1832,361,258,12.80
PLT003,PRT004,2026-08-11,1499,496,259,117.60
PLT003,PRT004,2026-08-12,1233,449,296,65.60
PLT003,PRT004,2026-08-13,66,189,647,112.30
PLT003,PRT004,2026-08-14,897,227,710,144.50
PLT003,PRT004,2026-08-15,1480,359,294,50.00
PLT003,PRT004,2026-08-16,2094,472,498,101.40
PLT003,PRT004,2026-08-17,717,496,445,122.40
PLT003,PRT004,2026-08-18,1074,426,315,13.10
PLT003,PRT004,2026-08-19,1234,346,369,25.60
PLT003,PRT004,2026-08-20,1423,486,697,27.90
PLT003,PRT004,2026-08-21,1053,125,768,75.70
PLT003,PRT004,2026-08-22,1140,378,350,100.20
PLT003,PRT004,2026-08-23,1699,322,587,25.80
PLT003,PRT004,2026-08-24,1732,207,617,150.50
PLT003,PRT004,2026-08-25,263,396,781,36.30
PLT003,PRT004,2026-08-26,1031,302,667,90.40
PLT003,PRT004,2026-08-27,1280,175,265,77.50
PLT003,PRT004,2026-08-28,1536,269,710,56.00
PLT003,PRT004,2026-08-29,621,408,605,112.80
PLT003,PRT004,2026-08-30,1744,368,289,75.30
PLT003,PRT004,2026-08-31,1229,341,586,16.00
PLT003,PRT004,2026-09-01,117,335,594,123.80
PLT003,PRT004,2026-09-02,1882,445,423,113.50
PLT003,PRT004,2026-09-03,1337,446,738,114.40
PLT003,PRT004,2026-09-04,626,274,352,95.60
PLT003,PRT004,2026-09-05,838,251,421,116.30
PLT003,PRT004,2026-09-06,936,300,469,40.10
PLT003,PRT004,2026-09-07,1884,207,214,65.70
PLT003,PRT004,2026-09-08,692,390,658,135.00
PLT003,PRT004,2026-09-09,1653,363,640,16.00
PLT003,PRT004,2026-09-10,737,204,463,50.00
PLT003,PRT004,2026-09-11,1108,489,728,58.70
PLT003,PRT004,2026-09-12,1744,191,210,76.10
PLT003,PRT005,2026-06-15,1170,413,623,97.90
PLT003,PRT005,2026-06-16,573,327,551,51.20
PLT003,PRT005,2026-06-17,1076,343,488,128.90
PLT003,PRT005,2026-06-18,1067,441,374,86.10
PLT003,PRT005,2026-06-19,694,280,724,110.80
PLT003,PRT005,2026-06-20,1375,386,772,128.20
PLT003,PRT005,2026-06-21,627,175,307,64.60
PLT003,PRT005,2026-06-22,725,446,606,109.70
PLT003,PRT005,2026-06-23,1642,393,208,140.50
PLT003,PRT005,2026-06-24,1678,219,423,59.30
PLT003,PRT005,2026-06-25,1339,449,700,153.70
PLT003,PRT005,2026-06-26,1845,179,616,47.60
PLT003,PRT005,2026-06-27,2032,264,740,96.00
PLT003,PRT005,2026-06-28,1238,284,416,14.20
PLT003,PRT005,2026-06-29,1583,131,615,78.00
PLT003,PRT005,2026-06-30,210,490,607,116.00
PLT003,PRT005,2026-07-01,252,122,534,111.70
PLT003,PRT005,2026-07-02,303,360,392,30.70
PLT003,PRT005,2026-07-03,179,421,366,62.80
PLT003,PRT005,2026-07-04,1437,361,565,148.40
PLT003,PRT005,2026-07-05,2061,167,662,115.40
PLT003,PRT005,2026-07-06,1508,305,749,78.30
PLT003,PRT005,2026-07-07,807,252,525,119.80
PLT003,PRT005,2026-07-08,670,270,513,49.80
PLT003,PRT005,2026-07-09,380,313,260,150.40
PLT003,PRT005,2026-07-10,285,274,225,134.00
PLT003,PRT005,2026-07-11,1313,252,722,153.90
PLT003,PRT005,2026-07-12,790,387,554,118.40
PLT003,PRT005,2026-07-13,346,185,270,58.10
PLT003,PRT005,2026-07-14,337,468,752,17.70
PLT003,PRT005,2026-07-15,848,414,460,72.30
PLT003,PRT005,2026-07-16,1811,290,621,127.10
PLT003,PRT005,2026-07-17,1880,130,730,105.40
PLT003,PRT005,2026-07-18,418,482,245,54.20
PLT003,PRT005,2026-07-19,1406,282,363,58.20
PLT003,PRT005,2026-07-20,1741,211,568,79.90
PLT003,PRT005,2026-07-21,1199,112,211,24.90
PLT003,PRT005,2026-07-22,1495,161,407,141.50
PLT003,PRT005,2026-07-23,1148,190,753,73.10
PLT003,PRT005,2026-07-24,415,263,375,143.20
PLT003,PRT005,2026-07-25,946,306,553,110.10
PLT003,PRT005,2026-07-26,1615,479,646,134.80
PLT003,PRT005,2026-07-27,1830,362,776,26.30
PLT003,PRT005,2026-07-28,378,222,247,19.00
PLT003,PRT005,2026-07-29,681,322,449,112.10
PLT003,PRT005,2026-07-30,1613,200,494,77.10
PLT003,PRT005,2026-07-31,140,374,571,120.70
PLT003,PRT005,2026-08-01,1939,275,446,114.80
PLT003,PRT005,2026-08-02,273,489,644,82.20
PLT003,PRT005,2026-08-03,1337,441,222,142.50
PLT003,PRT005,2026-08-04,638,402,495,19.80
PLT003,PRT005,2026-08-05,1254,477,235,103.30
PLT003,PRT005,2026-08-06,1686,485,255,147.90
PLT003,PRT005,2026-08-07,1416,117,428,139.60
PLT003,PRT005,2026-08-08,702,235,387,78.10
PLT003,PRT005,2026-08-09,615,474,350,37.80
PLT003,PRT005,2026-08-10,1095,289,438,15.20
PLT003,PRT005,2026-08-11,1060,263,536,26.40
PLT003,PRT005,2026-08-12,1093,225,323,85.00
PLT003,PRT005,2026-08-13,167,448,519,124.70
PLT003,PRT005,2026-08-14,1317,375,262,32.90
PLT003,PRT005,2026-08-15,1002,160,436,38.20
PLT003,PRT005,2026-08-16,330,286,478,55.10
PLT003,PRT005,2026-08-17,1673,460,667,99.70
PLT003,PRT005,2026-08-18,1983,351,424,135.60
PLT003,PRT005,2026-08-19,1589,130,440,55.60
PLT003,PRT005,2026-08-20,1419,243,676,106.70
PLT003,PRT005,2026-08-21,1458,363,348,37.10
PLT003,PRT005,2026-08-22,1023,337,349,110.20
PLT003,PRT005,2026-08-23,537,117,516,33.10
PLT003,PRT005,2026-08-24,1377,248,608,151.10
PLT003,PRT005,2026-08-25,1240,301,230,22.00
PLT003,PRT005,2026-08-26,1176,318,540,52.20
PLT003,PRT005,2026-08-27,1992,257,619,15.40
PLT003,PRT005,2026-08-28,772,122,371,59.30
PLT003,PRT005,2026-08-29,2157,134,238,46.00
PLT003,PRT005,2026-08-30,2004,309,451,105.80
PLT003,PRT005,2026-08-31,1897,206,450,92.90
PLT003,PRT005,2026-09-01,288,131,709,21.40
PLT003,PRT005,2026-09-02,1015,184,659,28.70
PLT003,PRT005,2026-09-03,1699,367,681,64.60
PLT003,PRT005,2026-09-04,608,152,481,58.20
PLT003,PRT005,2026-09-05,379,177,363,148.40
PLT003,PRT005,2026-09-06,620,465,500,114.00
PLT003,PRT005,2026-09-07,1260,323,486,48.00
PLT003,PRT005,2026-09-08,638,201,611,65.00
PLT003,PRT005,2026-09-09,1605,325,663,40.40
PLT003,PRT005,2026-09-10,826,329,623,52.70
PLT003,PRT005,2026-09-11,468,134,750,72.10
PLT003,PRT005,2026-09-12,1044,104,455,138.90
PLT003,PRT006,2026-06-15,1191,207,552,147.40
PLT003,PRT006,2026-06-16,1181,118,285,148.90
PLT003,PRT006,2026-06-17,1059,479,471,24.10
PLT003,PRT006,2026-06-18,95,235,680,148.60
PLT003,PRT006,2026-06-19,1079,338,712,58.00
PLT003,PRT006,2026-06-20,1765,257,544,142.00
PLT003,PRT006,2026-06-21,1684,255,621,74.80
PLT003,PRT006,2026-06-22,819,367,257,22.70
PLT003,PRT006,2026-06-23,1856,461,476,52.90
PLT003,PRT006,2026-06-24,1058,430,230,140.70
PLT003,PRT006,2026-06-25,994,432,280,19.20
PLT003,PRT006,2026-06-26,400,409,343,66.00
PLT003,PRT006,2026-06-27,1025,461,342,54.50
PLT003,PRT006,2026-06-28,1009,442,458,134.20
PLT003,PRT006,2026-06-29,842,247,387,137.70
PLT003,PRT006,2026-06-30,808,262,747,52.50
PLT003,PRT006,2026-07-01,944,455,611,102.20
PLT003,PRT006,2026-07-02,250,369,717,146.50
PLT003,PRT006,2026-07-03,556,107,567,103.30
PLT003,PRT006,2026-07-04,264,158,681,88.00
PLT003,PRT006,2026-07-05,1583,459,626,11.90
PLT003,PRT006,2026-07-06,1660,112,583,148.70
PLT003,PRT006,2026-07-07,1487,490,336,145.00
PLT003,PRT006,2026-07-08,1802,206,665,15.90
PLT003,PRT006,2026-07-09,448,263,276,39.90
PLT003,PRT006,2026-07-10,403,244,258,50.70
PLT003,PRT006,2026-07-11,1297,158,323,127.40
PLT003,PRT006,2026-07-12,1971,300,771,74.70
PLT003,PRT006,2026-07-13,1246,446,387,72.40
PLT003,PRT006,2026-07-14,1103,419,581,51.70
PLT003,PRT006,2026-07-15,1305,225,369,95.60
PLT003,PRT006,2026-07-16,833,259,458,74.90
PLT003,PRT006,2026-07-17,113,265,769,106.20
PLT003,PRT006,2026-07-18,1480,219,405,58.00
PLT003,PRT006,2026-07-19,1748,420,592,152.50
PLT003,PRT006,2026-07-20,1038,412,396,126.00
PLT003,PRT006,2026-07-21,1512,486,782,40.50
PLT003,PRT006,2026-07-22,1476,350,675,119.80
PLT003,PRT006,2026-07-23,1032,178,678,22.70
PLT003,PRT006,2026-07-24,173,335,671,55.50
PLT003,PRT006,2026-07-25,1189,493,271,83.10
PLT003,PRT006,2026-07-26,925,275,278,114.80
PLT003,PRT006,2026-07-27,1725,439,387,27.40
PLT003,PRT006,2026-07-28,1835,245,536,123.90
PLT003,PRT006,2026-07-29,1184,301,349,121.00
PLT003,PRT006,2026-07-30,1987,183,381,106.30
PLT003,PRT006,2026-07-31,349,153,562,132.50
PLT003,PRT006,2026-08-01,592,153,383,93.50
PLT003,PRT006,2026-08-02,291,402,579,84.60
PLT003,PRT006,2026-08-03,1104,209,357,63.40
PLT003,PRT006,2026-08-04,2000,113,685,57.40
PLT003,PRT006,2026-08-05,1598,271,607,46.00
PLT003,PRT006,2026-08-06,1769,407,295,95.00
PLT003,PRT006,2026-08-07,1440,120,249,89.60
PLT003,PRT006,2026-08-08,968,358,373,109.80
PLT003,PRT006,2026-08-09,326,473,213,110.00
PLT003,PRT006,2026-08-10,1711,337,360,120.90
PLT003,PRT006,2026-08-11,999,121,488,96.70
PLT003,PRT006,2026-08-12,114,360,748,48.40
PLT003,PRT006,2026-08-13,194,492,592,45.00
PLT003,PRT006,2026-08-14,1420,343,325,38.30
PLT003,PRT006,2026-08-15,2190,309,492,14.30
PLT003,PRT006,2026-08-16,621,407,476,79.80
PLT003,PRT006,2026-08-17,1942,103,705,89.20
PLT003,PRT006,2026-08-18,193,457,230,132.90
PLT003,PRT006,2026-08-19,1571,123,622,46.30
PLT003,PRT006,2026-08-20,1932,275,527,69.00
PLT003,PRT006,2026-08-21,943,188,659,82.00
PLT003,PRT006,2026-08-22,1032,216,613,132.10
PLT003,PRT006,2026-08-23,1571,259,792,35.80
PLT003,PRT006,2026-08-24,842,152,541,86.30
PLT003,PRT006,2026-08-25,1873,376,691,116.60
PLT003,PRT006,2026-08-26,910,304,450,128.10
PLT003,PRT006,2026-08-27,519,173,230,135.00
PLT003,PRT006,2026-08-28,450,161,330,68.20
PLT003,PRT006,2026-08-29,716,194,415,39.30
PLT003,PRT006,2026-08-30,683,289,365,82.90
PLT003,PRT006,2026-08-31,1676,432,787,145.60
PLT003,PRT006,2026-09-01,327,199,204,133.30
PLT003,PRT006,2026-09-02,462,326,470,34.50
PLT003,PRT006,2026-09-03,510,150,658,145.00
PLT003,PRT006,2026-09-04,155,423,221,136.90
PLT003,PRT006,2026-09-05,874,352,352,95.80
PLT003,PRT006,2026-09-06,1704,345,286,27.00
PLT003,PRT006,2026-09-07,1098,412,537,38.70
PLT003,PRT006,2026-09-08,1574,168,303,75.90
PLT003,PRT006,2026-09-09,1169,111,617,67.30
PLT003,PRT006,2026-09-10,1284,370,233,89.70
PLT003,PRT006,2026-09-11,595,495,205,72.00
PLT003,PRT006,2026-09-12,522,302,215,138.30
PLT003,PRT007,2026-06-15,306,194,780,100.10
PLT003,PRT007,2026-06-16,77,206,509,140.80
PLT003,PRT007,2026-06-17,130,231,226,80.90
PLT003,PRT007,2026-06-18,1593,123,474,94.40
PLT003,PRT007,2026-06-19,1868,138,275,73.90
PLT003,PRT007,2026-06-20,1459,206,569,11.00
PLT003,PRT007,2026-06-21,2191,284,270,100.00
PLT003,PRT007,2026-06-22,1441,141,366,95.80
PLT003,PRT007,2026-06-23,1825,482,751,96.40
PLT003,PRT007,2026-06-24,1098,129,565,124.40
PLT003,PRT007,2026-06-25,701,171,665,25.20
PLT003,PRT007,2026-06-26,1329,438,525,90.90
PLT003,PRT007,2026-06-27,375,486,422,90.60
PLT003,PRT007,2026-06-28,322,473,703,57.80
PLT003,PRT007,2026-06-29,1291,447,314,150.80
PLT003,PRT007,2026-06-30,635,403,581,50.40
PLT003,PRT007,2026-07-01,298,127,795,135.00
PLT003,PRT007,2026-07-02,617,233,496,150.30
PLT003,PRT007,2026-07-03,1010,453,469,29.60
PLT003,PRT007,2026-07-04,1836,362,719,40.10
PLT003,PRT007,2026-07-05,2192,233,261,30.80
PLT003,PRT007,2026-07-06,493,189,766,65.70
PLT003,PRT007,2026-07-07,1416,381,688,31.20
PLT003,PRT007,2026-07-08,85,131,298,140.70
PLT003,PRT007,2026-07-09,535,234,708,48.60
PLT003,PRT007,2026-07-10,1323,204,474,34.20
PLT003,PRT007,2026-07-11,1681,214,568,61.40
PLT003,PRT007,2026-07-12,1453,339,373,103.80
PLT003,PRT007,2026-07-13,1963,162,654,89.40
PLT003,PRT007,2026-07-14,1331,392,567,150.60
PLT003,PRT007,2026-07-15,699,482,752,141.30
PLT003,PRT007,2026-07-16,645,173,649,52.30
PLT003,PRT007,2026-07-17,1433,155,679,110.70
PLT003,PRT007,2026-07-18,1745,210,442,101.90
PLT003,PRT007,2026-07-19,411,198,778,57.40
PLT003,PRT007,2026-07-20,1094,451,399,14.80
PLT003,PRT007,2026-07-21,1484,249,653,63.30
PLT003,PRT007,2026-07-22,772,283,386,15.50
PLT003,PRT007,2026-07-23,398,149,204,120.10
PLT003,PRT007,2026-07-24,1490,384,504,62.70
PLT003,PRT007,2026-07-25,488,356,302,40.20
PLT003,PRT007,2026-07-26,1783,490,545,102.50
PLT003,PRT007,2026-07-27,424,253,600,120.00
PLT003,PRT007,2026-07-28,207,260,434,104.80
PLT003,PRT007,2026-07-29,1155,141,640,70.80
PLT003,PRT007,2026-07-30,665,127,228,51.80
PLT003,PRT007,2026-07-31,470,167,657,56.10
PLT003,PRT007,2026-08-01,1780,405,313,60.90
PLT003,PRT007,2026-08-02,1773,314,754,56.70
PLT003,PRT007,2026-08-03,1161,384,396,109.50
PLT003,PRT007,2026-08-04,1495,231,308,134.80
PLT003,PRT007,2026-08-05,1843,460,436,115.20
PLT003,PRT007,2026-08-06,1757,395,232,128.40
PLT003,PRT007,2026-08-07,694,374,544,107.30
PLT003,PRT007,2026-08-08,342,204,759,150.90
PLT003,PRT007,2026-08-09,282,336,725,22.30
PLT003,PRT007,2026-08-10,1439,344,478,70.70
PLT003,PRT007,2026-08-11,473,234,500,77.30
PLT003,PRT007,2026-08-12,1521,280,588,151.80
PLT003,PRT007,2026-08-13,852,465,765,99.30
PLT003,PRT007,2026-08-14,480,436,205,125.00
PLT003,PRT007,2026-08-15,960,229,744,117.80
PLT003,PRT007,2026-08-16,1987,474,461,115.30
PLT003,PRT007,2026-08-17,683,243,434,67.20
PLT003,PRT007,2026-08-18,171,272,708,16.00
PLT003,PRT007,2026-08-19,1254,445,242,45.70
PLT003,PRT007,2026-08-20,1632,401,447,150.90
PLT003,PRT007,2026-08-21,1023,293,764,105.00
PLT003,PRT007,2026-08-22,806,139,632,92.00
PLT003,PRT007,2026-08-23,997,250,508,129.50
PLT003,PRT007,2026-08-24,272,403,434,122.90
PLT003,PRT007,2026-08-25,1389,471,351,21.10
PLT003,PRT007,2026-08-26,612,273,338,10.70
PLT003,PRT007,2026-08-27,1464,293,428,106.10
PLT003,PRT007,2026-08-28,91,295,544,154.10
PLT003,PRT007,2026-08-29,1117,312,714,75.10
PLT003,PRT007,2026-08-30,2012,130,715,50.50
PLT003,PRT007,2026-08-31,1550,343,448,105.10
PLT003,PRT007,2026-09-01,686,155,494,20.40
PLT003,PRT007,2026-09-02,1028,351,297,57.40
PLT003,PRT007,2026-09-03,1337,471,564,21.80
PLT003,PRT007,2026-09-04,211,461,217,88.10
PLT003,PRT007,2026-09-05,618,189,665,44.90
PLT003,PRT007,2026-09-06,949,222,572,125.40
PLT003,PRT007,2026-09-07,354,358,455,20.10
PLT003,PRT007,2026-09-08,437,430,439,75.80
PLT003,PRT007,2026-09-09,1492,125,609,40.40
PLT003,PRT007,2026-09-10,1751,266,209,15.30
PLT003,PRT007,2026-09-11,1338,396,660,94.30
PLT003,PRT007,2026-09-12,2113,188,476,72.60
PLT003,PRT010,2026-06-15,1817,197,603,62.60
PLT003,PRT010,2026-06-16,458,343,235,94.60
PLT003,PRT010,2026-06-17,980,459,464,90.00
PLT003,PRT010,2026-06-18,1099,313,764,99.20
PLT003,PRT010,2026-06-19,361,346,402,145.90
PLT003,PRT010,2026-06-20,821,361,609,123.40
PLT003,PRT010,2026-06-21,739,290,570,72.50
PLT003,PRT010,2026-06-22,1617,341,537,151.50
PLT003,PRT010,2026-06-23,828,351,532,43.00
PLT003,PRT010,2026-06-24,738,440,540,18.30
PLT003,PRT010,2026-06-25,747,220,646,46.90
PLT003,PRT010,2026-06-26,1852,149,737,106.00
PLT003,PRT010,2026-06-27,771,139,657,99.70
PLT003,PRT010,2026-06-28,844,488,540,114.90
PLT003,PRT010,2026-06-29,1247,282,366,37.60
PLT003,PRT010,2026-06-30,1156,380,638,94.30
PLT003,PRT010,2026-07-01,286,158,615,70.10
PLT003,PRT010,2026-07-02,712,176,426,107.70
PLT003,PRT010,2026-07-03,1167,250,751,75.50
PLT003,PRT010,2026-07-04,414,154,665,139.00
PLT003,PRT010,2026-07-05,787,223,521,80.10
PLT003,PRT010,2026-07-06,1056,443,321,54.70
PLT003,PRT010,2026-07-07,1196,144,755,61.20
PLT003,PRT010,2026-07-08,996,121,573,123.50
PLT003,PRT010,2026-07-09,1081,482,593,111.90
PLT003,PRT010,2026-07-10,1868,282,545,45.80
PLT003,PRT010,2026-07-11,2062,452,794,30.60
PLT003,PRT010,2026-07-12,332,378,727,81.80
PLT003,PRT010,2026-07-13,745,345,452,99.30
PLT003,PRT010,2026-07-14,778,223,417,17.90
PLT003,PRT010,2026-07-15,611,379,568,61.30
PLT003,PRT010,2026-07-16,1664,309,610,99.40
PLT003,PRT010,2026-07-17,234,223,418,54.50
PLT003,PRT010,2026-07-18,1554,300,797,139.00
PLT003,PRT010,2026-07-19,2015,415,664,130.30
PLT003,PRT010,2026-07-20,533,111,397,39.10
PLT003,PRT010,2026-07-21,1269,423,544,13.90
PLT003,PRT010,2026-07-22,1343,153,780,44.30
PLT003,PRT010,2026-07-23,1095,277,209,131.30
PLT003,PRT010,2026-07-24,1970,397,561,64.90
PLT003,PRT010,2026-07-25,1785,320,681,64.80
PLT003,PRT010,2026-07-26,2158,172,792,74.30
PLT003,PRT010,2026-07-27,813,119,514,11.20
PLT003,PRT010,2026-07-28,648,146,573,43.80
PLT003,PRT010,2026-07-29,1444,425,657,74.50
PLT003,PRT010,2026-07-30,433,296,353,81.70
PLT003,PRT010,2026-07-31,1488,466,360,88.90
PLT003,PRT010,2026-08-01,556,265,272,62.20
PLT003,PRT010,2026-08-02,1643,153,465,53.30
PLT003,PRT010,2026-08-03,1266,119,656,46.40
PLT003,PRT010,2026-08-04,1380,335,484,18.70
PLT003,PRT010,2026-08-05,1153,189,666,17.40
PLT003,PRT010,2026-08-06,815,460,597,72.30
PLT003,PRT010,2026-08-07,1152,310,598,63.30
PLT003,PRT010,2026-08-08,1797,297,503,137.80
PLT003,PRT010,2026-08-09,2104,246,440,17.50
PLT003,PRT010,2026-08-10,1100,393,786,131.70
PLT003,PRT010,2026-08-11,1123,207,372,119.30
PLT003,PRT010,2026-08-12,1894,174,671,119.50
PLT003,PRT010,2026-08-13,1009,240,250,113.00
PLT003,PRT010,2026-08-14,896,226,222,127.80
PLT003,PRT010,2026-08-15,481,465,550,78.80
PLT003,PRT010,2026-08-16,698,257,654,77.10
PLT003,PRT010,2026-08-17,1662,149,798,48.80
PLT003,PRT010,2026-08-18,327,227,248,26.30
PLT003,PRT010,2026-08-19,1111,203,264,25.80
PLT003,PRT010,2026-08-20,1639,481,386,75.50
PLT003,PRT010,2026-08-21,413,361,504,53.90
PLT003,PRT010,2026-08-22,660,292,327,89.00
PLT003,PRT010,2026-08-23,1207,419,678,74.60
PLT003,PRT010,2026-08-24,526,464,212,81.20
PLT003,PRT010,2026-08-25,1506,346,567,57.70
PLT003,PRT010,2026-08-26,614,449,442,134.60
PLT003,PRT010,2026-08-27,1246,285,463,33.50
PLT003,PRT010,2026-08-28,1457,486,780,86.00
PLT003,PRT010,2026-08-29,377,171,608,14.00
PLT003,PRT010,2026-08-30,2082,140,615,29.50
PLT003,PRT010,2026-08-31,196,233,343,41.00
PLT003,PRT010,2026-09-01,1959,446,288,26.00
PLT003,PRT010,2026-09-02,1288,446,506,142.50
PLT003,PRT010,2026-09-03,899,423,631,21.30
PLT003,PRT010,2026-09-04,1246,259,221,146.20
PLT003,PRT010,2026-09-05,1458,295,479,116.60
PLT003,PRT010,2026-09-06,1662,472,369,93.20
PLT003,PRT010,2026-09-07,1602,159,215,120.50
PLT003,PRT010,2026-09-08,1196,409,668,43.00
PLT003,PRT010,2026-09-09,1166,479,728,79.80
PLT003,PRT010,2026-09-10,1535,111,613,119.50
PLT003,PRT010,2026-09-11,1008,127,307,121.30
PLT003,PRT010,2026-09-12,1071,137,378,53.70
PLT003,PRT011,2026-06-15,577,493,542,56.80
PLT003,PRT011,2026-06-16,122,177,297,79.60
PLT003,PRT011,2026-06-17,296,136,539,58.60
PLT003,PRT011,2026-06-18,797,194,205,121.00
PLT003,PRT011,2026-06-19,1319,271,495,88.70
PLT003,PRT011,2026-06-20,927,101,437,141.40
PLT003,PRT011,2026-06-21,1004,359,336,42.00
PLT003,PRT011,2026-06-22,824,321,799,66.60
PLT003,PRT011,2026-06-23,1709,343,210,47.90
PLT003,PRT011,2026-06-24,232,434,435,75.30
PLT003,PRT011,2026-06-25,1288,452,461,94.10
PLT003,PRT011,2026-06-26,1485,407,598,26.00
PLT003,PRT011,2026-06-27,1871,310,322,65.20
PLT003,PRT011,2026-06-28,1585,279,703,59.20
PLT003,PRT011,2026-06-29,1334,496,357,50.30
PLT003,PRT011,2026-06-30,1121,492,552,111.30
PLT003,PRT011,2026-07-01,1952,305,293,15.00
PLT003,PRT011,2026-07-02,418,165,667,51.70
PLT003,PRT011,2026-07-03,1518,120,245,35.90
PLT003,PRT011,2026-07-04,520,337,636,80.80
PLT003,PRT011,2026-07-05,1061,249,607,36.50
PLT003,PRT011,2026-07-06,1785,428,598,125.10
PLT003,PRT011,2026-07-07,437,476,278,70.20
PLT003,PRT011,2026-07-08,94,192,585,22.20
PLT003,PRT011,2026-07-09,754,333,614,121.50
PLT003,PRT011,2026-07-10,1043,490,588,139.00
PLT003,PRT011,2026-07-11,971,351,390,39.20
PLT003,PRT011,2026-07-12,970,202,530,126.00
PLT003,PRT011,2026-07-13,595,114,614,139.80
PLT003,PRT011,2026-07-14,726,157,459,108.80
PLT003,PRT011,2026-07-15,1381,484,529,14.60
PLT003,PRT011,2026-07-16,580,165,576,120.00
PLT003,PRT011,2026-07-17,1045,433,227,133.10
PLT003,PRT011,2026-07-18,2041,347,339,73.10
PLT003,PRT011,2026-07-19,1480,182,739,69.60
PLT003,PRT011,2026-07-20,751,259,561,59.70
PLT003,PRT011,2026-07-21,1614,315,534,51.10
PLT003,PRT011,2026-07-22,522,332,306,118.70
PLT003,PRT011,2026-07-23,1906,428,444,142.50
PLT003,PRT011,2026-07-24,149,155,716,32.70
PLT003,PRT011,2026-07-25,1666,475,272,29.20
PLT003,PRT011,2026-07-26,548,440,485,109.10
PLT003,PRT011,2026-07-27,1996,390,357,62.10
PLT003,PRT011,2026-07-28,1336,128,208,18.00
PLT003,PRT011,2026-07-29,1769,394,657,50.00
PLT003,PRT011,2026-07-30,762,203,800,105.90
PLT003,PRT011,2026-07-31,630,196,511,42.30
PLT003,PRT011,2026-08-01,840,427,562,99.70
PLT003,PRT011,2026-08-02,1290,388,366,99.60
PLT003,PRT011,2026-08-03,1051,268,467,143.20
PLT003,PRT011,2026-08-04,1849,184,786,64.40
PLT003,PRT011,2026-08-05,141,398,223,38.90
PLT003,PRT011,2026-08-06,1975,481,390,61.00
PLT003,PRT011,2026-08-07,548,463,294,44.50
PLT003,PRT011,2026-08-08,1007,257,320,20.90
PLT003,PRT011,2026-08-09,765,176,469,69.40
PLT003,PRT011,2026-08-10,1396,278,229,127.60
PLT003,PRT011,2026-08-11,698,321,558,20.90
PLT003,PRT011,2026-08-12,1731,255,797,148.10
PLT003,PRT011,2026-08-13,1934,318,423,28.70
PLT003,PRT011,2026-08-14,738,369,561,67.70
PLT003,PRT011,2026-08-15,536,297,565,99.50
PLT003,PRT011,2026-08-16,251,286,579,46.60
PLT003,PRT011,2026-08-17,500,286,481,104.90
PLT003,PRT011,2026-08-18,1701,399,361,103.80
PLT003,PRT011,2026-08-19,1597,163,398,30.20
PLT003,PRT011,2026-08-20,414,160,704,85.40
PLT003,PRT011,2026-08-21,190,270,291,99.90
PLT003,PRT011,2026-08-22,774,192,726,134.20
PLT003,PRT011,2026-08-23,1143,301,761,24.00
PLT003,PRT011,2026-08-24,167,491,398,106.20
PLT003,PRT011,2026-08-25,304,455,741,64.90
PLT003,PRT011,2026-08-26,507,101,523,128.60
PLT003,PRT011,2026-08-27,1909,224,718,109.20
PLT003,PRT011,2026-08-28,1971,341,229,62.80
PLT003,PRT011,2026-08-29,377,146,414,49.40
PLT003,PRT011,2026-08-30,1730,438,418,79.80
PLT003,PRT011,2026-08-31,651,134,733,11.30
PLT003,PRT011,2026-09-01,1614,442,320,51.70
PLT003,PRT011,2026-09-02,564,191,218,91.80
PLT003,PRT011,2026-09-03,1151,295,388,85.30
PLT003,PRT011,2026-09-04,1485,425,675,28.00
PLT003,PRT011,2026-09-05,263,331,419,143.40
PLT003,PRT011,2026-09-06,1508,213,464,131.70
PLT003,PRT011,2026-09-07,1954,190,386,66.60
PLT003,PRT011,2026-09-08,1576,318,751,62.20
PLT003,PRT011,2026-09-09,1069,110,666,108.90
PLT003,PRT011,2026-09-10,1820,322,252,93.10
PLT003,PRT011,2026-09-11,176,262,401,20.30
PLT003,PRT011,2026-09-12,1591,429,316,58.70
PLT003,PRT013,2026-06-15,739,314,672,69.70
PLT003,PRT013,2026-06-16,1666,243,736,111.50
PLT003,PRT013,2026-06-17,895,189,329,31.60
PLT003,PRT013,2026-06-18,592,338,579,105.10
PLT003,PRT013,2026-06-19,123,107,770,128.00
PLT003,PRT013,2026-06-20,274,324,411,34.60
PLT003,PRT013,2026-06-21,1965,275,515,143.30
PLT003,PRT013,2026-06-22,984,269,440,64.20
PLT003,PRT013,2026-06-23,305,342,595,114.10
PLT003,PRT013,2026-06-24,708,327,691,57.00
PLT003,PRT013,2026-06-25,403,174,239,38.40
PLT003,PRT013,2026-06-26,771,302,528,102.30
PLT003,PRT013,2026-06-27,1525,292,687,96.00
PLT003,PRT013,2026-06-28,1047,391,290,131.80
PLT003,PRT013,2026-06-29,1607,211,558,62.60
PLT003,PRT013,2026-06-30,1223,427,365,125.50
PLT003,PRT013,2026-07-01,1275,425,488,146.50
PLT003,PRT013,2026-07-02,1864,268,741,117.80
PLT003,PRT013,2026-07-03,382,233,332,75.30
PLT003,PRT013,2026-07-04,1878,409,696,16.30
PLT003,PRT013,2026-07-05,1017,226,286,67.50
PLT003,PRT013,2026-07-06,420,103,327,16.50
PLT003,PRT013,2026-07-07,1284,148,210,99.10
PLT003,PRT013,2026-07-08,293,261,477,108.10
PLT003,PRT013,2026-07-09,1745,360,554,58.80
PLT003,PRT013,2026-07-10,849,234,783,126.30
PLT003,PRT013,2026-07-11,1366,152,717,44.20
PLT003,PRT013,2026-07-12,2118,252,294,33.70
PLT003,PRT013,2026-07-13,85,459,251,45.80
PLT003,PRT013,2026-07-14,1729,492,724,144.30
PLT003,PRT013,2026-07-15,308,271,755,76.80
PLT003,PRT013,2026-07-16,921,189,407,35.00
PLT003,PRT013,2026-07-17,1017,370,307,131.60
PLT003,PRT013,2026-07-18,450,489,573,41.60
PLT003,PRT013,2026-07-19,1289,339,667,26.60
PLT003,PRT013,2026-07-20,1012,218,317,147.90
PLT003,PRT013,2026-07-21,1623,150,793,50.20
PLT003,PRT013,2026-07-22,688,399,226,126.30
PLT003,PRT013,2026-07-23,1719,307,588,75.10
PLT003,PRT013,2026-07-24,1240,150,759,56.90
PLT003,PRT013,2026-07-25,1786,176,301,138.50
PLT003,PRT013,2026-07-26,491,104,322,114.80
PLT003,PRT013,2026-07-27,1694,486,280,136.30
PLT003,PRT013,2026-07-28,1488,404,562,102.20
PLT003,PRT013,2026-07-29,268,205,278,34.10
PLT003,PRT013,2026-07-30,1016,434,430,135.50
PLT003,PRT013,2026-07-31,1140,381,534,14.80
PLT003,PRT013,2026-08-01,1364,295,257,64.90
PLT003,PRT013,2026-08-02,1249,279,760,24.60
PLT003,PRT013,2026-08-03,1139,173,619,17.70
PLT003,PRT013,2026-08-04,1803,382,709,126.80
PLT003,PRT013,2026-08-05,1580,347,482,32.20
PLT003,PRT013,2026-08-06,1678,277,591,62.40
PLT003,PRT013,2026-08-07,835,465,715,16.70
PLT003,PRT013,2026-08-08,1608,318,380,107.60
PLT003,PRT013,2026-08-09,901,412,778,19.40
PLT003,PRT013,2026-08-10,319,127,756,124.60
PLT003,PRT013,2026-08-11,1520,360,354,56.40
PLT003,PRT013,2026-08-12,1521,136,336,110.60
PLT003,PRT013,2026-08-13,1482,402,292,19.30
PLT003,PRT013,2026-08-14,577,339,588,111.00
PLT003,PRT013,2026-08-15,716,269,681,49.40
PLT003,PRT013,2026-08-16,279,401,459,141.00
PLT003,PRT013,2026-08-17,1617,368,612,132.20
PLT003,PRT013,2026-08-18,970,418,394,39.50
PLT003,PRT013,2026-08-19,1243,151,466,29.30
PLT003,PRT013,2026-08-20,1517,187,482,76.80
PLT003,PRT013,2026-08-21,1810,465,313,40.00
PLT003,PRT013,2026-08-22,1248,178,245,83.40
PLT003,PRT013,2026-08-23,1824,146,323,105.60
PLT003,PRT013,2026-08-24,572,343,784,71.20
PLT003,PRT013,2026-08-25,588,299,637,126.00
PLT003,PRT013,2026-08-26,172,201,793,97.10
PLT003,PRT013,2026-08-27,1161,491,678,67.70
PLT003,PRT013,2026-08-28,1898,436,212,132.90
PLT003,PRT013,2026-08-29,1025,270,556,69.20
PLT003,PRT013,2026-08-30,1960,220,585,41.00
PLT003,PRT013,2026-08-31,134,220,448,50.40
PLT003,PRT013,2026-09-01,1319,399,591,61.60
PLT003,PRT013,2026-09-02,552,194,541,52.60
PLT003,PRT013,2026-09-03,1697,294,391,121.40
PLT003,PRT013,2026-09-04,1806,390,628,101.60
PLT003,PRT013,2026-09-05,1540,443,751,129.50
PLT003,PRT013,2026-09-06,582,420,683,24.60
PLT003,PRT013,2026-09-07,620,332,766,22.40
PLT003,PRT013,2026-09-08,332,393,353,38.90
PLT003,PRT013,2026-09-09,1890,463,486,61.00
PLT003,PRT013,2026-09-10,1506,193,446,76.30
PLT003,PRT013,2026-09-11,699,466,628,33.10
PLT003,PRT013,2026-09-12,404,475,627,146.80
PLT003,PRT014,2026-06-15,139,104,605,48.80
PLT003,PRT014,2026-06-16,1458,146,526,27.80
PLT003,PRT014,2026-06-17,1263,258,540,111.70
PLT003,PRT014,2026-06-18,1351,159,378,22.60
PLT003,PRT014,2026-06-19,424,371,351,74.90
PLT003,PRT014,2026-06-20,1592,305,319,99.00
PLT003,PRT014,2026-06-21,1438,285,258,113.30
PLT003,PRT014,2026-06-22,292,255,528,107.40
PLT003,PRT014,2026-06-23,711,329,279,56.60
PLT003,PRT014,2026-06-24,1240,145,262,59.60
PLT003,PRT014,2026-06-25,1081,460,771,41.20
PLT003,PRT014,2026-06-26,1727,398,483,117.10
PLT003,PRT014,2026-06-27,1288,274,333,138.10
PLT003,PRT014,2026-06-28,1468,396,228,54.20
PLT003,PRT014,2026-06-29,745,116,491,45.50
PLT003,PRT014,2026-06-30,1828,393,376,138.10
PLT003,PRT014,2026-07-01,555,181,282,128.10
PLT003,PRT014,2026-07-02,684,144,527,153.00
PLT003,PRT014,2026-07-03,1810,442,469,108.60
PLT003,PRT014,2026-07-04,721,179,686,117.10
PLT003,PRT014,2026-07-05,1663,406,282,72.60
PLT003,PRT014,2026-07-06,742,220,250,19.00
PLT003,PRT014,2026-07-07,689,471,611,57.10
PLT003,PRT014,2026-07-08,1732,152,369,35.50
PLT003,PRT014,2026-07-09,1260,406,743,130.10
PLT003,PRT014,2026-07-10,1946,100,391,87.90
PLT003,PRT014,2026-07-11,1001,493,520,27.40
PLT003,PRT014,2026-07-12,639,131,763,102.20
PLT003,PRT014,2026-07-13,1485,170,255,107.20
PLT003,PRT014,2026-07-14,1646,165,208,88.30
PLT003,PRT014,2026-07-15,776,228,543,43.90
PLT003,PRT014,2026-07-16,484,201,300,73.00
PLT003,PRT014,2026-07-17,568,462,321,94.20
PLT003,PRT014,2026-07-18,778,231,487,111.00
PLT003,PRT014,2026-07-19,1776,128,555,132.50
PLT003,PRT014,2026-07-20,980,329,450,17.90
PLT003,PRT014,2026-07-21,1918,378,352,32.40
PLT003,PRT014,2026-07-22,1235,185,349,65.30
PLT003,PRT014,2026-07-23,789,118,670,43.70
PLT003,PRT014,2026-07-24,1961,143,520,76.70
PLT003,PRT014,2026-07-25,635,360,202,27.50
PLT003,PRT014,2026-07-26,1382,149,740,77.50
PLT003,PRT014,2026-07-27,1202,459,442,110.50
PLT003,PRT014,2026-07-28,566,354,729,129.70
PLT003,PRT014,2026-07-29,1686,248,402,26.20
PLT003,PRT014,2026-07-30,1670,497,707,92.50
PLT003,PRT014,2026-07-31,1622,216,299,147.10
PLT003,PRT014,2026-08-01,383,200,388,50.10
PLT003,PRT014,2026-08-02,1582,483,444,135.00
PLT003,PRT014,2026-08-03,1398,198,659,140.60
PLT003,PRT014,2026-08-04,1918,174,448,119.10
PLT003,PRT014,2026-08-05,157,248,203,73.70
PLT003,PRT014,2026-08-06,1352,355,530,86.30
PLT003,PRT014,2026-08-07,1080,485,241,15.70
PLT003,PRT014,2026-08-08,1224,220,299,78.80
PLT003,PRT014,2026-08-09,2111,377,619,62.20
PLT003,PRT014,2026-08-10,1974,136,352,35.00
PLT003,PRT014,2026-08-11,1319,128,320,111.00
PLT003,PRT014,2026-08-12,1476,498,275,144.80
PLT003,PRT014,2026-08-13,1937,366,329,131.20
PLT003,PRT014,2026-08-14,1571,179,559,98.90
PLT003,PRT014,2026-08-15,1183,499,393,60.50
PLT003,PRT014,2026-08-16,278,453,783,79.60
PLT003,PRT014,2026-08-17,1882,166,333,60.90
PLT003,PRT014,2026-08-18,1718,355,385,119.50
PLT003,PRT014,2026-08-19,1024,496,563,113.80
PLT003,PRT014,2026-08-20,855,391,200,69.70
PLT003,PRT014,2026-08-21,1957,415,424,150.20
PLT003,PRT014,2026-08-22,1447,389,443,131.40
PLT003,PRT014,2026-08-23,931,436,457,19.30
PLT003,PRT014,2026-08-24,540,436,602,88.00
PLT003,PRT014,2026-08-25,743,465,589,56.30
PLT003,PRT014,2026-08-26,1413,407,747,109.20
PLT003,PRT014,2026-08-27,966,299,388,139.80
PLT003,PRT014,2026-08-28,229,480,360,72.00
PLT003,PRT014,2026-08-29,1692,430,381,27.80
PLT003,PRT014,2026-08-30,1621,364,295,64.70
PLT003,PRT014,2026-08-31,1002,340,696,97.90
PLT003,PRT014,2026-09-01,680,133,458,116.10
PLT003,PRT014,2026-09-02,566,471,667,99.80
PLT003,PRT014,2026-09-03,1035,424,589,56.80
PLT003,PRT014,2026-09-04,927,399,714,145.20
PLT003,PRT014,2026-09-05,1834,454,599,147.60
PLT003,PRT014,2026-09-06,1740,205,673,101.90
PLT003,PRT014,2026-09-07,970,186,338,50.20
PLT003,PRT014,2026-09-08,809,104,250,36.70
PLT003,PRT014,2026-09-09,779,264,607,121.40
PLT003,PRT014,2026-09-10,134,236,471,40.60
PLT003,PRT014,2026-09-11,893,119,360,145.20
PLT003,PRT014,2026-09-12,345,475,317,100.50
PLT003,PRT016,2026-06-15,1284,194,202,93.70
PLT003,PRT016,2026-06-16,445,285,236,152.00
PLT003,PRT016,2026-06-17,1706,106,725,103.50
PLT003,PRT016,2026-06-18,1814,189,211,135.20
PLT003,PRT016,2026-06-19,1530,136,516,134.60
PLT003,PRT016,2026-06-20,1430,478,370,89.20
PLT003,PRT016,2026-06-21,1902,273,524,91.80
PLT003,PRT016,2026-06-22,550,160,619,105.50
PLT003,PRT016,2026-06-23,1618,463,269,150.80
PLT003,PRT016,2026-06-24,1719,303,250,65.40
PLT003,PRT016,2026-06-25,503,154,382,55.10
PLT003,PRT016,2026-06-26,306,384,330,124.20
PLT003,PRT016,2026-06-27,979,488,323,141.30
PLT003,PRT016,2026-06-28,1760,315,555,142.90
PLT003,PRT016,2026-06-29,1435,391,634,78.30
PLT003,PRT016,2026-06-30,659,152,627,20.30
PLT003,PRT016,2026-07-01,769,316,324,136.90
PLT003,PRT016,2026-07-02,496,416,728,23.10
PLT003,PRT016,2026-07-03,1650,391,672,21.90
PLT003,PRT016,2026-07-04,390,418,264,40.90
PLT003,PRT016,2026-07-05,1851,322,797,74.70
PLT003,PRT016,2026-07-06,101,222,450,145.10
PLT003,PRT016,2026-07-07,1237,443,680,32.40
PLT003,PRT016,2026-07-08,162,392,541,138.00
PLT003,PRT016,2026-07-09,755,495,693,31.00
PLT003,PRT016,2026-07-10,872,214,778,71.60
PLT003,PRT016,2026-07-11,2098,186,589,130.60
PLT003,PRT016,2026-07-12,1650,110,284,129.40
PLT003,PRT016,2026-07-13,1394,380,398,60.60
PLT003,PRT016,2026-07-14,118,132,671,130.10
PLT003,PRT016,2026-07-15,1989,158,633,14.30
PLT003,PRT016,2026-07-16,733,462,228,114.60
PLT003,PRT016,2026-07-17,620,275,413,112.20
PLT003,PRT016,2026-07-18,2154,416,591,98.50
PLT003,PRT016,2026-07-19,1397,148,777,124.30
PLT003,PRT016,2026-07-20,350,143,457,140.10
PLT003,PRT016,2026-07-21,646,467,310,63.10
PLT003,PRT016,2026-07-22,415,446,662,77.30
PLT003,PRT016,2026-07-23,422,349,300,50.20
PLT003,PRT016,2026-07-24,878,313,641,141.20
PLT003,PRT016,2026-07-25,584,321,219,12.20
PLT003,PRT016,2026-07-26,2066,305,634,98.20
PLT003,PRT016,2026-07-27,978,498,505,105.50
PLT003,PRT016,2026-07-28,1831,374,493,33.70
PLT003,PRT016,2026-07-29,907,297,574,101.70
PLT003,PRT016,2026-07-30,1519,209,799,63.90
PLT003,PRT016,2026-07-31,1451,358,682,47.30
PLT003,PRT016,2026-08-01,1668,137,558,30.10
PLT003,PRT016,2026-08-02,381,218,375,48.80
PLT003,PRT016,2026-08-03,1800,138,632,109.20
PLT003,PRT016,2026-08-04,842,132,216,108.90
PLT003,PRT016,2026-08-05,1052,208,635,21.00
PLT003,PRT016,2026-08-06,1378,308,728,146.20
PLT003,PRT016,2026-08-07,291,104,232,120.10
PLT003,PRT016,2026-08-08,1077,153,631,44.70
PLT003,PRT016,2026-08-09,1080,138,635,72.50
PLT003,PRT016,2026-08-10,1233,264,211,146.70
PLT003,PRT016,2026-08-11,791,115,522,19.30
PLT003,PRT016,2026-08-12,1224,470,455,65.70
PLT003,PRT016,2026-08-13,700,229,215,108.30
PLT003,PRT016,2026-08-14,1313,237,440,134.20
PLT003,PRT016,2026-08-15,1378,454,344,120.90
PLT003,PRT016,2026-08-16,857,481,608,20.80
PLT003,PRT016,2026-08-17,487,398,542,86.30
PLT003,PRT016,2026-08-18,883,142,244,15.20
PLT003,PRT016,2026-08-19,570,141,796,70.60
PLT003,PRT016,2026-08-20,91,473,329,97.60
PLT003,PRT016,2026-08-21,1720,217,530,96.00
PLT003,PRT016,2026-08-22,1383,280,591,36.90
PLT003,PRT016,2026-08-23,527,211,275,26.20
PLT003,PRT016,2026-08-24,1510,395,271,149.70
PLT003,PRT016,2026-08-25,138,302,373,47.40
PLT003,PRT016,2026-08-26,912,321,290,149.00
PLT003,PRT016,2026-08-27,301,334,465,26.80
PLT003,PRT016,2026-08-28,1190,433,311,81.00
PLT003,PRT016,2026-08-29,1538,186,341,153.70
PLT003,PRT016,2026-08-30,2178,167,447,139.70
PLT003,PRT016,2026-08-31,393,437,371,85.60
PLT003,PRT016,2026-09-01,104,292,613,81.10
PLT003,PRT016,2026-09-02,1752,291,309,146.90
PLT003,PRT016,2026-09-03,407,278,355,43.60
PLT003,PRT016,2026-09-04,1731,449,524,48.00
PLT003,PRT016,2026-09-05,1976,215,663,15.00
PLT003,PRT016,2026-09-06,1175,420,251,55.30
PLT003,PRT016,2026-09-07,999,446,498,40.10
PLT003,PRT016,2026-09-08,785,244,218,99.70
PLT003,PRT016,2026-09-09,1476,172,366,143.70
PLT003,PRT016,2026-09-10,1803,159,231,46.40
PLT003,PRT016,2026-09-11,387,151,646,129.30
PLT003,PRT016,2026-09-12,419,129,540,102.20
PLT003,PRT018,2026-06-15,1654,275,468,62.10
PLT003,PRT018,2026-06-16,249,488,782,110.90
PLT003,PRT018,2026-06-17,1169,380,576,90.10
PLT003,PRT018,2026-06-18,930,206,384,40.30
PLT003,PRT018,2026-06-19,366,349,739,32.30
PLT003,PRT018,2026-06-20,1888,457,741,138.50
PLT003,PRT018,2026-06-21,1988,246,402,11.00
PLT003,PRT018,2026-06-22,1543,160,387,108.60
PLT003,PRT018,2026-06-23,1456,352,304,98.80
PLT003,PRT018,2026-06-24,1402,172,238,127.30
PLT003,PRT018,2026-06-25,1911,403,200,54.00
PLT003,PRT018,2026-06-26,658,237,274,94.30
PLT003,PRT018,2026-06-27,793,468,256,149.70
PLT003,PRT018,2026-06-28,2101,332,561,133.60
PLT003,PRT018,2026-06-29,1083,417,620,90.50
PLT003,PRT018,2026-06-30,757,425,660,96.20
PLT003,PRT018,2026-07-01,649,461,519,122.90
PLT003,PRT018,2026-07-02,1771,381,608,142.90
PLT003,PRT018,2026-07-03,1209,424,533,79.50
PLT003,PRT018,2026-07-04,1729,273,606,22.40
PLT003,PRT018,2026-07-05,1289,372,657,126.90
PLT003,PRT018,2026-07-06,264,149,666,76.10
PLT003,PRT018,2026-07-07,1229,229,423,65.50
PLT003,PRT018,2026-07-08,1536,200,746,116.60
PLT003,PRT018,2026-07-09,994,477,691,111.00
PLT003,PRT018,2026-07-10,914,176,681,124.20
PLT003,PRT018,2026-07-11,447,153,470,60.80
PLT003,PRT018,2026-07-12,1946,186,628,67.10
PLT003,PRT018,2026-07-13,241,290,360,96.90
PLT003,PRT018,2026-07-14,835,371,235,39.10
PLT003,PRT018,2026-07-15,1308,422,648,39.60
PLT003,PRT018,2026-07-16,611,224,437,99.30
PLT003,PRT018,2026-07-17,1701,455,699,136.70
PLT003,PRT018,2026-07-18,870,121,799,119.60
PLT003,PRT018,2026-07-19,2054,431,552,127.30
PLT003,PRT018,2026-07-20,708,159,730,50.80
PLT003,PRT018,2026-07-21,1374,372,472,86.50
PLT003,PRT018,2026-07-22,317,326,220,97.10
PLT003,PRT018,2026-07-23,477,161,224,78.50
PLT003,PRT018,2026-07-24,732,267,555,83.50
PLT003,PRT018,2026-07-25,1860,430,648,126.10
PLT003,PRT018,2026-07-26,850,438,521,145.10
PLT003,PRT018,2026-07-27,1849,118,702,123.30
PLT003,PRT018,2026-07-28,1824,445,445,104.30
PLT003,PRT018,2026-07-29,439,344,447,21.60
PLT003,PRT018,2026-07-30,405,298,636,14.80
PLT003,PRT018,2026-07-31,703,161,661,84.00
PLT003,PRT018,2026-08-01,1740,498,425,82.70
PLT003,PRT018,2026-08-02,1199,255,641,19.80
PLT003,PRT018,2026-08-03,1462,457,375,66.60
PLT003,PRT018,2026-08-04,1194,305,556,76.70
PLT003,PRT018,2026-08-05,1421,175,359,131.50
PLT003,PRT018,2026-08-06,1159,285,638,137.70
PLT003,PRT018,2026-08-07,184,268,401,33.80
PLT003,PRT018,2026-08-08,2064,482,651,123.20
PLT003,PRT018,2026-08-09,366,427,436,49.90
PLT003,PRT018,2026-08-10,645,138,757,130.70
PLT003,PRT018,2026-08-11,1188,239,630,71.00
PLT003,PRT018,2026-08-12,1125,169,489,72.30
PLT003,PRT018,2026-08-13,472,164,760,105.00
PLT003,PRT018,2026-08-14,1741,322,401,25.60
PLT003,PRT018,2026-08-15,1812,118,669,28.00
PLT003,PRT018,2026-08-16,857,161,681,138.70
PLT003,PRT018,2026-08-17,489,418,221,73.10
PLT003,PRT018,2026-08-18,656,339,519,76.20
PLT003,PRT018,2026-08-19,1254,350,485,30.50
PLT003,PRT018,2026-08-20,423,451,312,141.90
PLT003,PRT018,2026-08-21,204,247,464,66.00
PLT003,PRT018,2026-08-22,410,326,526,17.50
PLT003,PRT018,2026-08-23,1136,329,352,13.10
PLT003,PRT018,2026-08-24,282,133,283,70.00
PLT003,PRT018,2026-08-25,1751,190,768,72.70
PLT003,PRT018,2026-08-26,1807,413,703,32.50
PLT003,PRT018,2026-08-27,1488,460,673,17.20
PLT003,PRT018,2026-08-28,1343,161,238,138.50
PLT003,PRT018,2026-08-29,2088,344,522,144.80
PLT003,PRT018,2026-08-30,1206,392,456,70.30
PLT003,PRT018,2026-08-31,1362,394,744,90.40
PLT003,PRT018,2026-09-01,1712,453,663,69.10
PLT003,PRT018,2026-09-02,1956,302,339,16.70
PLT003,PRT018,2026-09-03,916,231,706,117.40
PLT003,PRT018,2026-09-04,861,414,611,47.00
PLT003,PRT018,2026-09-05,1464,236,414,65.00
PLT003,PRT018,2026-09-06,1676,493,274,82.70
PLT003,PRT018,2026-09-07,1090,175,800,94.40
PLT003,PRT018,2026-09-08,1844,297,588,137.60
PLT003,PRT018,2026-09-09,1907,396,458,52.40
PLT003,PRT018,2026-09-10,558,356,641,28.30
PLT003,PRT018,2026-09-11,996,488,432,89.70
PLT003,PRT018,2026-09-12,1232,295,251,73.20
PLT003,PRT019,2026-06-15,1353,479,438,67.90
PLT003,PRT019,2026-06-16,1488,354,320,121.60
PLT003,PRT019,2026-06-17,660,430,719,140.10
PLT003,PRT019,2026-06-18,291,266,342,20.50
PLT003,PRT019,2026-06-19,996,324,433,138.20
PLT003,PRT019,2026-06-20,1061,183,543,32.60
PLT003,PRT019,2026-06-21,1018,389,263,149.20
PLT003,PRT019,2026-06-22,1876,169,566,102.80
PLT003,PRT019,2026-06-23,1325,295,625,36.90
PLT003,PRT019,2026-06-24,1811,500,510,114.90
PLT003,PRT019,2026-06-25,1224,225,723,112.80
PLT003,PRT019,2026-06-26,1923,152,342,99.80
PLT003,PRT019,2026-06-27,514,405,613,44.30
PLT003,PRT019,2026-06-28,471,327,797,47.40
PLT003,PRT019,2026-06-29,284,125,589,17.80
PLT003,PRT019,2026-06-30,471,347,259,38.60
PLT003,PRT019,2026-07-01,616,381,572,28.70
PLT003,PRT019,2026-07-02,1993,439,486,22.80
PLT003,PRT019,2026-07-03,866,306,343,143.50
PLT003,PRT019,2026-07-04,1643,380,213,138.90
PLT003,PRT019,2026-07-05,1139,389,316,110.80
PLT003,PRT019,2026-07-06,1211,191,334,63.40
PLT003,PRT019,2026-07-07,1165,119,704,20.80
PLT003,PRT019,2026-07-08,995,413,621,96.30
PLT003,PRT019,2026-07-09,1019,354,468,67.80
PLT003,PRT019,2026-07-10,296,179,718,67.40
PLT003,PRT019,2026-07-11,1317,200,351,124.20
PLT003,PRT019,2026-07-12,263,162,463,86.30
PLT003,PRT019,2026-07-13,706,440,600,112.90
PLT003,PRT019,2026-07-14,1719,142,743,119.10
PLT003,PRT019,2026-07-15,1406,397,227,105.20
PLT003,PRT019,2026-07-16,1112,393,762,101.90
PLT003,PRT019,2026-07-17,1341,365,350,100.40
PLT003,PRT019,2026-07-18,681,415,474,145.10
PLT003,PRT019,2026-07-19,1262,387,515,87.60
PLT003,PRT019,2026-07-20,741,116,309,38.30
PLT003,PRT019,2026-07-21,1764,223,661,65.10
PLT003,PRT019,2026-07-22,1523,416,631,40.60
PLT003,PRT019,2026-07-23,272,324,318,133.80
PLT003,PRT019,2026-07-24,848,278,221,62.10
PLT003,PRT019,2026-07-25,1720,424,337,136.20
PLT003,PRT019,2026-07-26,813,112,782,17.40
PLT003,PRT019,2026-07-27,1001,242,708,87.70
PLT003,PRT019,2026-07-28,1748,364,542,85.20
PLT003,PRT019,2026-07-29,1282,246,301,77.20
PLT003,PRT019,2026-07-30,1148,224,203,64.30
PLT003,PRT019,2026-07-31,588,276,308,129.50
PLT003,PRT019,2026-08-01,1453,438,714,54.70
PLT003,PRT019,2026-08-02,1818,407,561,45.00
PLT003,PRT019,2026-08-03,1681,356,309,82.40
PLT003,PRT019,2026-08-04,943,254,486,33.00
PLT003,PRT019,2026-08-05,1251,467,677,38.00
PLT003,PRT019,2026-08-06,284,474,435,108.10
PLT003,PRT019,2026-08-07,1672,413,687,31.00
PLT003,PRT019,2026-08-08,250,390,641,72.30
PLT003,PRT019,2026-08-09,1442,238,320,31.70
PLT003,PRT019,2026-08-10,979,360,630,122.60
PLT003,PRT019,2026-08-11,276,275,655,14.10
PLT003,PRT019,2026-08-12,174,471,412,61.40
PLT003,PRT019,2026-08-13,221,409,658,37.50
PLT003,PRT019,2026-08-14,249,372,473,35.20
PLT003,PRT019,2026-08-15,1025,486,557,115.20
PLT003,PRT019,2026-08-16,1903,310,735,19.80
PLT003,PRT019,2026-08-17,704,466,779,79.10
PLT003,PRT019,2026-08-18,194,364,276,81.70
PLT003,PRT019,2026-08-19,1383,286,261,145.40
PLT003,PRT019,2026-08-20,570,331,298,110.10
PLT003,PRT019,2026-08-21,1138,356,658,57.90
PLT003,PRT019,2026-08-22,945,197,644,89.10
PLT003,PRT019,2026-08-23,1329,430,755,29.60
PLT003,PRT019,2026-08-24,1782,276,589,19.20
PLT003,PRT019,2026-08-25,1856,239,628,72.90
PLT003,PRT019,2026-08-26,647,289,359,116.70
PLT003,PRT019,2026-08-27,657,419,789,128.60
PLT003,PRT019,2026-08-28,1193,479,321,69.10
PLT003,PRT019,2026-08-29,1859,318,546,78.60
PLT003,PRT019,2026-08-30,867,294,596,141.00
PLT003,PRT019,2026-08-31,997,232,528,69.90
PLT003,PRT019,2026-09-01,58,266,798,128.10
PLT003,PRT019,2026-09-02,1103,234,363,67.00
PLT003,PRT019,2026-09-03,1802,401,481,119.50
PLT003,PRT019,2026-09-04,353,412,466,45.30
PLT003,PRT019,2026-09-05,593,433,246,69.60
PLT003,PRT019,2026-09-06,655,390,244,39.90
PLT003,PRT019,2026-09-07,1242,288,435,14.60
PLT003,PRT019,2026-09-08,145,324,525,146.00
PLT003,PRT019,2026-09-09,859,122,363,25.00
PLT003,PRT019,2026-09-10,1918,495,396,96.20
PLT003,PRT019,2026-09-11,1183,267,723,45.00
PLT003,PRT019,2026-09-12,395,227,597,58.20
PLT004,PRT001,2026-06-15,1680,231,598,49.50
PLT004,PRT001,2026-06-16,1448,312,474,58.10
PLT004,PRT001,2026-06-17,1764,194,704,149.10
PLT004,PRT001,2026-06-18,598,261,584,68.30
PLT004,PRT001,2026-06-19,1542,491,726,66.70
PLT004,PRT001,2026-06-20,1836,232,203,118.60
PLT004,PRT001,2026-06-21,2005,331,641,133.00
PLT004,PRT001,2026-06-22,1019,128,787,69.40
PLT004,PRT001,2026-06-23,445,469,311,35.70
PLT004,PRT001,2026-06-24,1082,496,314,138.80
PLT004,PRT001,2026-06-25,308,385,392,121.70
PLT004,PRT001,2026-06-26,1521,348,215,68.00
PLT004,PRT001,2026-06-27,1581,411,249,41.70
PLT004,PRT001,2026-06-28,668,356,349,49.20
PLT004,PRT001,2026-06-29,1598,143,656,131.40
PLT004,PRT001,2026-06-30,1375,119,264,80.80
PLT004,PRT001,2026-07-01,617,351,419,50.70
PLT004,PRT001,2026-07-02,668,458,716,47.60
PLT004,PRT001,2026-07-03,298,354,331,12.40
PLT004,PRT001,2026-07-04,984,170,420,130.40
PLT004,PRT001,2026-07-05,1256,406,218,140.30
PLT004,PRT001,2026-07-06,136,292,273,77.80
PLT004,PRT001,2026-07-07,677,357,709,59.40
PLT004,PRT001,2026-07-08,1723,190,665,141.60
PLT004,PRT001,2026-07-09,321,105,649,37.40
PLT004,PRT001,2026-07-10,929,341,426,44.50
PLT004,PRT001,2026-07-11,321,479,502,69.00
PLT004,PRT001,2026-07-12,1820,296,458,117.00
PLT004,PRT001,2026-07-13,618,167,786,109.40
PLT004,PRT001,2026-07-14,1753,111,322,51.40
PLT004,PRT001,2026-07-15,1194,145,336,58.80
PLT004,PRT001,2026-07-16,1721,307,488,80.40
PLT004,PRT001,2026-07-17,1939,269,703,149.60
PLT004,PRT001,2026-07-18,1097,268,211,128.00
PLT004,PRT001,2026-07-19,1760,328,722,27.50
PLT004,PRT001,2026-07-20,723,120,320,71.20
PLT004,PRT001,2026-07-21,976,455,740,134.40
PLT004,PRT001,2026-07-22,1984,228,452,51.70
PLT004,PRT001,2026-07-23,184,410,432,58.20
PLT004,PRT001,2026-07-24,581,500,487,55.70
PLT004,PRT001,2026-07-25,1609,395,424,21.30
PLT004,PRT001,2026-07-26,1058,184,316,129.40
PLT004,PRT001,2026-07-27,1911,212,759,114.10
PLT004,PRT001,2026-07-28,1127,370,765,144.10
PLT004,PRT001,2026-07-29,1012,231,547,99.60
PLT004,PRT001,2026-07-30,1105,187,255,69.60
PLT004,PRT001,2026-07-31,1258,392,635,86.90
PLT004,PRT001,2026-08-01,1783,474,251,68.30
PLT004,PRT001,2026-08-02,1732,490,559,79.90
PLT004,PRT001,2026-08-03,1948,183,345,100.60
PLT004,PRT001,2026-08-04,1470,174,286,82.60
PLT004,PRT001,2026-08-05,1408,201,510,36.30
PLT004,PRT001,2026-08-06,342,112,635,107.60
PLT004,PRT001,2026-08-07,812,414,605,43.00
PLT004,PRT001,2026-08-08,733,203,562,140.50
PLT004,PRT001,2026-08-09,2164,336,781,87.20
PLT004,PRT001,2026-08-10,1895,257,231,49.30
PLT004,PRT001,2026-08-11,88,356,507,78.30
PLT004,PRT001,2026-08-12,1687,490,740,29.20
PLT004,PRT001,2026-08-13,1251,109,278,147.80
PLT004,PRT001,2026-08-14,1348,193,684,62.10
PLT004,PRT001,2026-08-15,1275,411,608,15.90
PLT004,PRT001,2026-08-16,1978,237,332,49.10
PLT004,PRT001,2026-08-17,542,274,202,123.60
PLT004,PRT001,2026-08-18,535,315,380,64.20
PLT004,PRT001,2026-08-19,1306,240,212,13.00
PLT004,PRT001,2026-08-20,1321,282,477,141.70
PLT004,PRT001,2026-08-21,1480,278,447,141.40
PLT004,PRT001,2026-08-22,520,392,598,39.00
PLT004,PRT001,2026-08-23,1029,273,209,89.80
PLT004,PRT001,2026-08-24,1078,220,798,151.10
PLT004,PRT001,2026-08-25,452,498,632,22.10
PLT004,PRT001,2026-08-26,1018,269,798,86.30
PLT004,PRT001,2026-08-27,1110,164,652,78.30
PLT004,PRT001,2026-08-28,558,319,791,28.70
PLT004,PRT001,2026-08-29,534,205,776,64.20
PLT004,PRT001,2026-08-30,1682,156,602,119.30
PLT004,PRT001,2026-08-31,666,253,442,35.90
PLT004,PRT001,2026-09-01,876,149,424,33.10
PLT004,PRT001,2026-09-02,1143,185,385,27.00
PLT004,PRT001,2026-09-03,1329,282,257,58.70
PLT004,PRT001,2026-09-04,861,174,405,51.10
PLT004,PRT001,2026-09-05,471,451,634,47.20
PLT004,PRT001,2026-09-06,1329,341,407,71.30
PLT004,PRT001,2026-09-07,1138,488,645,60.60
PLT004,PRT001,2026-09-08,1004,134,205,39.40
PLT004,PRT001,2026-09-09,692,499,314,97.80
PLT004,PRT001,2026-09-10,1708,170,708,44.90
PLT004,PRT001,2026-09-11,1067,479,375,76.80
PLT004,PRT001,2026-09-12,1677,450,663,46.40
PLT004,PRT002,2026-06-15,392,426,605,76.30
PLT004,PRT002,2026-06-16,683,276,721,130.00
PLT004,PRT002,2026-06-17,497,180,657,18.20
PLT004,PRT002,2026-06-18,613,377,700,55.70
PLT004,PRT002,2026-06-19,1383,463,555,75.60
PLT004,PRT002,2026-06-20,1132,360,433,53.60
PLT004,PRT002,2026-06-21,1357,305,552,79.00
PLT004,PRT002,2026-06-22,1489,464,731,113.90
PLT004,PRT002,2026-06-23,1173,245,308,52.40
PLT004,PRT002,2026-06-24,1311,199,771,151.10
PLT004,PRT002,2026-06-25,1434,209,588,57.40
PLT004,PRT002,2026-06-26,503,330,408,62.40
PLT004,PRT002,2026-06-27,390,254,273,130.20
PLT004,PRT002,2026-06-28,1750,227,567,151.00
PLT004,PRT002,2026-06-29,724,125,706,24.50
PLT004,PRT002,2026-06-30,661,135,417,19.50
PLT004,PRT002,2026-07-01,975,423,416,29.80
PLT004,PRT002,2026-07-02,1726,326,667,42.90
PLT004,PRT002,2026-07-03,148,402,523,21.00
PLT004,PRT002,2026-07-04,551,233,596,120.40
PLT004,PRT002,2026-07-05,2060,150,351,146.00
PLT004,PRT002,2026-07-06,1123,377,323,92.70
PLT004,PRT002,2026-07-07,323,305,608,27.00
PLT004,PRT002,2026-07-08,1506,419,743,63.20
PLT004,PRT002,2026-07-09,1367,372,435,45.00
PLT004,PRT002,2026-07-10,765,463,766,58.00
PLT004,PRT002,2026-07-11,1136,128,616,22.40
PLT004,PRT002,2026-07-12,1309,234,669,74.50
PLT004,PRT002,2026-07-13,1999,339,208,127.70
PLT004,PRT002,2026-07-14,479,216,756,77.40
PLT004,PRT002,2026-07-15,569,250,231,56.10
PLT004,PRT002,2026-07-16,242,170,262,67.60
PLT004,PRT002,2026-07-17,674,395,219,137.40
PLT004,PRT002,2026-07-18,392,330,722,108.40
PLT004,PRT002,2026-07-19,1144,481,451,66.00
PLT004,PRT002,2026-07-20,1452,157,389,138.90
PLT004,PRT002,2026-07-21,1645,389,322,89.40
PLT004,PRT002,2026-07-22,641,332,424,120.70
PLT004,PRT002,2026-07-23,1727,296,438,48.30
PLT004,PRT002,2026-07-24,804,476,750,43.20
PLT004,PRT002,2026-07-25,1114,495,430,27.10
PLT004,PRT002,2026-07-26,451,399,555,40.40
PLT004,PRT002,2026-07-27,1679,436,462,16.50
PLT004,PRT002,2026-07-28,1346,223,730,91.90
PLT004,PRT002,2026-07-29,1915,450,209,59.00
PLT004,PRT002,2026-07-30,579,452,412,13.70
PLT004,PRT002,2026-07-31,1889,355,729,32.90
PLT004,PRT002,2026-08-01,690,247,360,81.80
PLT004,PRT002,2026-08-02,1115,182,770,86.50
PLT004,PRT002,2026-08-03,1679,106,794,96.30
PLT004,PRT002,2026-08-04,1480,357,214,66.00
PLT004,PRT002,2026-08-05,517,272,337,127.60
PLT004,PRT002,2026-08-06,369,320,775,145.40
PLT004,PRT002,2026-08-07,1947,430,594,39.70
PLT004,PRT002,2026-08-08,1772,439,493,64.70
PLT004,PRT002,2026-08-09,1493,128,519,122.30
PLT004,PRT002,2026-08-10,294,146,461,91.80
PLT004,PRT002,2026-08-11,67,289,640,74.50
PLT004,PRT002,2026-08-12,341,237,557,137.70
PLT004,PRT002,2026-08-13,301,229,748,71.60
PLT004,PRT002,2026-08-14,1286,109,704,62.20
PLT004,PRT002,2026-08-15,794,111,732,18.50
PLT004,PRT002,2026-08-16,2176,324,384,76.50
PLT004,PRT002,2026-08-17,916,196,566,128.10
PLT004,PRT002,2026-08-18,1887,258,295,127.30
PLT004,PRT002,2026-08-19,1623,451,659,96.40
PLT004,PRT002,2026-08-20,425,113,668,81.30
PLT004,PRT002,2026-08-21,1678,431,715,46.10
PLT004,PRT002,2026-08-22,333,164,334,153.20
PLT004,PRT002,2026-08-23,2006,396,358,74.40
PLT004,PRT002,2026-08-24,429,199,381,96.40
PLT004,PRT002,2026-08-25,1193,239,217,97.80
PLT004,PRT002,2026-08-26,1468,433,673,110.80
PLT004,PRT002,2026-08-27,1748,220,796,104.30
PLT004,PRT002,2026-08-28,1517,438,771,113.70
PLT004,PRT002,2026-08-29,713,364,654,136.70
PLT004,PRT002,2026-08-30,1709,150,588,75.40
PLT004,PRT002,2026-08-31,1213,404,534,19.80
PLT004,PRT002,2026-09-01,1832,308,492,19.40
PLT004,PRT002,2026-09-02,1394,242,585,24.80
PLT004,PRT002,2026-09-03,1244,475,660,130.20
PLT004,PRT002,2026-09-04,1299,143,403,64.10
PLT004,PRT002,2026-09-05,766,369,573,20.60
PLT004,PRT002,2026-09-06,2114,180,322,36.60
PLT004,PRT002,2026-09-07,1974,229,696,85.60
PLT004,PRT002,2026-09-08,1199,329,503,85.90
PLT004,PRT002,2026-09-09,990,454,440,118.10
PLT004,PRT002,2026-09-10,275,380,755,30.30
PLT004,PRT002,2026-09-11,1182,143,684,125.00
PLT004,PRT002,2026-09-12,395,201,400,12.70
PLT004,PRT003,2026-06-15,1818,419,365,74.10
PLT004,PRT003,2026-06-16,380,328,577,25.40
PLT004,PRT003,2026-06-17,635,383,300,84.90
PLT004,PRT003,2026-06-18,1950,186,499,57.00
PLT004,PRT003,2026-06-19,1146,235,306,79.60
PLT004,PRT003,2026-06-20,1985,103,779,66.10
PLT004,PRT003,2026-06-21,1039,118,292,96.10
PLT004,PRT003,2026-06-22,1062,147,269,136.80
PLT004,PRT003,2026-06-23,153,435,434,96.40
PLT004,PRT003,2026-06-24,1214,177,244,76.80
PLT004,PRT003,2026-06-25,371,382,482,31.30
PLT004,PRT003,2026-06-26,147,442,702,108.30
PLT004,PRT003,2026-06-27,1365,110,762,77.00
PLT004,PRT003,2026-06-28,2149,401,527,125.00
PLT004,PRT003,2026-06-29,1033,156,637,109.10
PLT004,PRT003,2026-06-30,1407,252,275,115.90
PLT004,PRT003,2026-07-01,1663,314,233,87.40
PLT004,PRT003,2026-07-02,501,417,580,140.00
PLT004,PRT003,2026-07-03,1398,123,367,148.70
PLT004,PRT003,2026-07-04,446,255,373,113.20
PLT004,PRT003,2026-07-05,1417,295,613,16.50
PLT004,PRT003,2026-07-06,153,382,586,67.40
PLT004,PRT003,2026-07-07,980,317,470,68.10
PLT004,PRT003,2026-07-08,1538,193,640,93.80
PLT004,PRT003,2026-07-09,1179,231,630,146.00
PLT004,PRT003,2026-07-10,1588,212,353,72.30
PLT004,PRT003,2026-07-11,706,210,425,26.40
PLT004,PRT003,2026-07-12,1810,163,584,138.90
PLT004,PRT003,2026-07-13,1343,315,450,33.00
PLT004,PRT003,2026-07-14,574,181,247,33.40
PLT004,PRT003,2026-07-15,425,324,744,82.80
PLT004,PRT003,2026-07-16,603,430,587,19.40
PLT004,PRT003,2026-07-17,1842,302,535,61.40
PLT004,PRT003,2026-07-18,596,366,651,34.70
PLT004,PRT003,2026-07-19,627,254,520,145.70
PLT004,PRT003,2026-07-20,1545,123,642,45.20
PLT004,PRT003,2026-07-21,996,235,370,116.00
PLT004,PRT003,2026-07-22,134,460,396,40.10
PLT004,PRT003,2026-07-23,1728,471,698,112.90
PLT004,PRT003,2026-07-24,1651,341,282,119.90
PLT004,PRT003,2026-07-25,379,435,612,31.70
PLT004,PRT003,2026-07-26,1052,336,239,86.20
PLT004,PRT003,2026-07-27,229,216,639,49.70
PLT004,PRT003,2026-07-28,1988,382,761,89.50
PLT004,PRT003,2026-07-29,651,383,487,45.20
PLT004,PRT003,2026-07-30,1056,422,591,126.00
PLT004,PRT003,2026-07-31,222,468,564,119.90
PLT004,PRT003,2026-08-01,258,150,569,128.50
PLT004,PRT003,2026-08-02,2089,147,452,28.90
PLT004,PRT003,2026-08-03,132,319,763,147.70
PLT004,PRT003,2026-08-04,1467,312,226,135.50
PLT004,PRT003,2026-08-05,1700,393,205,101.20
PLT004,PRT003,2026-08-06,1412,114,394,128.00
PLT004,PRT003,2026-08-07,106,463,666,100.40
PLT004,PRT003,2026-08-08,1347,401,424,73.50
PLT004,PRT003,2026-08-09,1597,484,531,139.10
PLT004,PRT003,2026-08-10,1697,253,213,145.70
PLT004,PRT003,2026-08-11,1159,150,770,122.30
PLT004,PRT003,2026-08-12,1775,288,682,89.60
PLT004,PRT003,2026-08-13,1716,404,412,144.40
PLT004,PRT003,2026-08-14,525,213,757,37.90
PLT004,PRT003,2026-08-15,1881,118,467,39.80
PLT004,PRT003,2026-08-16,718,100,221,12.90
PLT004,PRT003,2026-08-17,1678,155,627,103.20
PLT004,PRT003,2026-08-18,1872,310,287,39.60
PLT004,PRT003,2026-08-19,620,407,635,48.10
PLT004,PRT003,2026-08-20,675,458,387,52.10
PLT004,PRT003,2026-08-21,434,389,769,56.40
PLT004,PRT003,2026-08-22,290,238,595,14.00
PLT004,PRT003,2026-08-23,1947,264,607,22.40
PLT004,PRT003,2026-08-24,736,340,494,41.70
PLT004,PRT003,2026-08-25,745,440,714,60.00
PLT004,PRT003,2026-08-26,1686,451,335,30.90
PLT004,PRT003,2026-08-27,900,384,300,51.80
PLT004,PRT003,2026-08-28,1906,398,583,63.60
PLT004,PRT003,2026-08-29,1415,129,502,117.50
PLT004,PRT003,2026-08-30,1495,351,513,93.90
PLT004,PRT003,2026-08-31,1088,240,377,94.10
PLT004,PRT003,2026-09-01,357,196,288,150.50
PLT004,PRT003,2026-09-02,1958,444,524,30.30
PLT004,PRT003,2026-09-03,1480,413,231,33.90
PLT004,PRT003,2026-09-04,685,283,238,57.20
PLT004,PRT003,2026-09-05,1350,458,326,101.10
PLT004,PRT003,2026-09-06,992,327,723,24.90
PLT004,PRT003,2026-09-07,53,471,462,144.40
PLT004,PRT003,2026-09-08,1548,232,673,132.20
PLT004,PRT003,2026-09-09,514,288,250,126.30
PLT004,PRT003,2026-09-10,1839,153,501,132.20
PLT004,PRT003,2026-09-11,1699,300,528,129.50
PLT004,PRT003,2026-09-12,1418,397,305,147.70
PLT004,PRT005,2026-06-15,1698,268,400,102.00
PLT004,PRT005,2026-06-16,622,236,440,108.10
PLT004,PRT005,2026-06-17,1239,131,286,71.20
PLT004,PRT005,2026-06-18,148,444,596,81.70
PLT004,PRT005,2026-06-19,1840,365,733,13.80
PLT004,PRT005,2026-06-20,1731,455,489,53.60
PLT004,PRT005,2026-06-21,964,363,359,60.10
PLT004,PRT005,2026-06-22,1660,359,432,130.40
PLT004,PRT005,2026-06-23,624,177,314,101.70
PLT004,PRT005,2026-06-24,913,399,546,119.40
PLT004,PRT005,2026-06-25,1330,232,331,51.20
PLT004,PRT005,2026-06-26,1148,418,399,101.00
PLT004,PRT005,2026-06-27,306,155,742,94.40
PLT004,PRT005,2026-06-28,1296,410,693,54.00
PLT004,PRT005,2026-06-29,1477,186,769,24.40
PLT004,PRT005,2026-06-30,396,333,285,129.30
PLT004,PRT005,2026-07-01,345,487,385,133.40
PLT004,PRT005,2026-07-02,1826,108,449,54.50
PLT004,PRT005,2026-07-03,1441,417,245,39.60
PLT004,PRT005,2026-07-04,784,444,603,20.70
PLT004,PRT005,2026-07-05,1533,437,530,113.20
PLT004,PRT005,2026-07-06,779,324,443,113.90
PLT004,PRT005,2026-07-07,1111,362,760,122.20
PLT004,PRT005,2026-07-08,1260,360,749,37.70
PLT004,PRT005,2026-07-09,1709,476,263,17.20
PLT004,PRT005,2026-07-10,1045,339,222,146.60
PLT004,PRT005,2026-07-11,499,397,606,113.40
PLT004,PRT005,2026-07-12,1413,176,580,110.10
PLT004,PRT005,2026-07-13,1577,477,763,93.90
PLT004,PRT005,2026-07-14,694,165,416,75.40
PLT004,PRT005,2026-07-15,1121,498,213,103.20
PLT004,PRT005,2026-07-16,1077,173,423,30.90
PLT004,PRT005,2026-07-17,1758,388,668,27.10
PLT004,PRT005,2026-07-18,1252,379,484,58.20
PLT004,PRT005,2026-07-19,1084,481,412,58.20
PLT004,PRT005,2026-07-20,1528,350,729,87.20
PLT004,PRT005,2026-07-21,1148,454,706,55.30
PLT004,PRT005,2026-07-22,1804,384,458,39.40
PLT004,PRT005,2026-07-23,752,225,763,107.00
PLT004,PRT005,2026-07-24,95,165,755,122.80
PLT004,PRT005,2026-07-25,402,471,540,72.10
PLT004,PRT005,2026-07-26,2135,224,351,99.50
PLT004,PRT005,2026-07-27,1707,385,251,58.70
PLT004,PRT005,2026-07-28,52,130,743,46.30
PLT004,PRT005,2026-07-29,1422,464,798,83.20
PLT004,PRT005,2026-07-30,820,379,429,149.00
PLT004,PRT005,2026-07-31,91,392,386,12.10
PLT004,PRT005,2026-08-01,765,452,433,125.60
PLT004,PRT005,2026-08-02,1739,115,225,115.70
PLT004,PRT005,2026-08-03,1188,216,465,105.90
PLT004,PRT005,2026-08-04,189,384,268,16.80
PLT004,PRT005,2026-08-05,1914,117,304,95.80
PLT004,PRT005,2026-08-06,1483,190,227,53.20
PLT004,PRT005,2026-08-07,1381,304,710,77.80
PLT004,PRT005,2026-08-08,1775,449,585,45.80
PLT004,PRT005,2026-08-09,1725,484,679,102.30
PLT004,PRT005,2026-08-10,1789,142,497,55.20
PLT004,PRT005,2026-08-11,1220,373,471,109.30
PLT004,PRT005,2026-08-12,102,345,789,60.30
PLT004,PRT005,2026-08-13,371,397,757,39.30
PLT004,PRT005,2026-08-14,399,273,371,53.10
PLT004,PRT005,2026-08-15,332,153,602,13.30
PLT004,PRT005,2026-08-16,406,319,405,134.10
PLT004,PRT005,2026-08-17,1819,306,666,125.50
PLT004,PRT005,2026-08-18,763,279,335,16.60
PLT004,PRT005,2026-08-19,805,102,397,124.70
PLT004,PRT005,2026-08-20,170,357,600,30.40
PLT004,PRT005,2026-08-21,114,147,209,18.90
PLT004,PRT005,2026-08-22,1993,486,576,142.00
PLT004,PRT005,2026-08-23,2129,209,272,107.80
PLT004,PRT005,2026-08-24,1461,183,380,119.80
PLT004,PRT005,2026-08-25,76,362,428,148.90
PLT004,PRT005,2026-08-26,1727,477,367,99.00
PLT004,PRT005,2026-08-27,286,463,508,93.20
PLT004,PRT005,2026-08-28,737,342,650,102.50
PLT004,PRT005,2026-08-29,558,353,594,78.40
PLT004,PRT005,2026-08-30,1497,234,489,87.40
PLT004,PRT005,2026-08-31,775,109,696,99.80
PLT004,PRT005,2026-09-01,513,477,594,97.40
PLT004,PRT005,2026-09-02,1473,138,485,50.80
PLT004,PRT005,2026-09-03,1721,224,779,103.50
PLT004,PRT005,2026-09-04,662,160,233,34.70
PLT004,PRT005,2026-09-05,1666,307,690,23.40
PLT004,PRT005,2026-09-06,1959,109,227,109.40
PLT004,PRT005,2026-09-07,971,375,702,29.50
PLT004,PRT005,2026-09-08,458,100,431,35.10
PLT004,PRT005,2026-09-09,88,145,766,24.90
PLT004,PRT005,2026-09-10,1269,312,532,24.00
PLT004,PRT005,2026-09-11,212,368,620,127.90
PLT004,PRT005,2026-09-12,1705,257,277,141.40
PLT004,PRT006,2026-06-15,1565,378,754,60.30
PLT004,PRT006,2026-06-16,1725,135,218,147.10
PLT004,PRT006,2026-06-17,297,363,364,95.30
PLT004,PRT006,2026-06-18,1286,211,297,102.50
PLT004,PRT006,2026-06-19,1232,358,475,147.30
PLT004,PRT006,2026-06-20,762,442,305,107.10
PLT004,PRT006,2026-06-21,888,493,350,142.20
PLT004,PRT006,2026-06-22,1050,462,287,30.90
PLT004,PRT006,2026-06-23,1126,376,488,37.20
PLT004,PRT006,2026-06-24,1732,213,560,33.20
PLT004,PRT006,2026-06-25,559,435,577,142.00
PLT004,PRT006,2026-06-26,998,292,349,27.70
PLT004,PRT006,2026-06-27,407,264,380,58.30
PLT004,PRT006,2026-06-28,824,192,784,15.80
PLT004,PRT006,2026-06-29,1768,233,553,110.10
PLT004,PRT006,2026-06-30,918,332,323,130.60
PLT004,PRT006,2026-07-01,1006,473,449,138.40
PLT004,PRT006,2026-07-02,1526,131,388,74.70
PLT004,PRT006,2026-07-03,1745,106,419,145.30
PLT004,PRT006,2026-07-04,883,381,535,75.30
PLT004,PRT006,2026-07-05,1365,136,521,92.70
PLT004,PRT006,2026-07-06,242,343,296,113.90
PLT004,PRT006,2026-07-07,1981,473,587,148.60
PLT004,PRT006,2026-07-08,1867,291,344,99.60
PLT004,PRT006,2026-07-09,1852,240,291,112.80
PLT004,PRT006,2026-07-10,1148,141,303,151.40
PLT004,PRT006,2026-07-11,1082,411,204,17.70
PLT004,PRT006,2026-07-12,1033,315,685,118.40
PLT004,PRT006,2026-07-13,1878,387,340,142.10
PLT004,PRT006,2026-07-14,1736,398,475,93.40
PLT004,PRT006,2026-07-15,1435,207,496,21.70
PLT004,PRT006,2026-07-16,721,414,371,79.10
PLT004,PRT006,2026-07-17,1716,427,571,57.90
PLT004,PRT006,2026-07-18,1395,495,242,16.20
PLT004,PRT006,2026-07-19,794,436,486,72.60
PLT004,PRT006,2026-07-20,57,154,564,78.50
PLT004,PRT006,2026-07-21,524,390,747,116.70
PLT004,PRT006,2026-07-22,772,238,650,77.00
PLT004,PRT006,2026-07-23,1815,321,483,17.40
PLT004,PRT006,2026-07-24,1156,270,334,28.40
PLT004,PRT006,2026-07-25,525,245,609,24.20
PLT004,PRT006,2026-07-26,1097,251,416,67.10
PLT004,PRT006,2026-07-27,654,275,360,149.10
PLT004,PRT006,2026-07-28,852,276,799,61.80
PLT004,PRT006,2026-07-29,874,114,656,11.00
PLT004,PRT006,2026-07-30,820,430,583,16.30
PLT004,PRT006,2026-07-31,1204,410,469,141.20
PLT004,PRT006,2026-08-01,1789,260,361,98.00
PLT004,PRT006,2026-08-02,1525,347,545,147.60
PLT004,PRT006,2026-08-03,1583,303,581,35.40
PLT004,PRT006,2026-08-04,726,191,247,122.20
PLT004,PRT006,2026-08-05,1760,164,249,69.00
PLT004,PRT006,2026-08-06,1319,194,501,129.10
PLT004,PRT006,2026-08-07,1257,135,435,24.80
PLT004,PRT006,2026-08-08,1177,388,380,144.00
PLT004,PRT006,2026-08-09,703,319,744,135.10
PLT004,PRT006,2026-08-10,1994,192,672,64.20
PLT004,PRT006,2026-08-11,657,228,515,59.20
PLT004,PRT006,2026-08-12,1386,358,232,97.20
PLT004,PRT006,2026-08-13,1241,498,339,97.00
PLT004,PRT006,2026-08-14,1737,200,501,96.60
PLT004,PRT006,2026-08-15,1576,287,781,84.30
PLT004,PRT006,2026-08-16,437,451,336,31.20
PLT004,PRT006,2026-08-17,1677,415,226,103.70
PLT004,PRT006,2026-08-18,1201,112,259,18.50
PLT004,PRT006,2026-08-19,1301,370,309,71.20
PLT004,PRT006,2026-08-20,711,473,472,99.70
PLT004,PRT006,2026-08-21,1169,229,612,110.70
PLT004,PRT006,2026-08-22,287,327,272,25.80
PLT004,PRT006,2026-08-23,1841,229,475,149.40
PLT004,PRT006,2026-08-24,1165,177,433,120.20
PLT004,PRT006,2026-08-25,1054,428,458,133.00
PLT004,PRT006,2026-08-26,167,219,568,101.50
PLT004,PRT006,2026-08-27,1762,464,538,26.00
PLT004,PRT006,2026-08-28,1918,164,533,86.30
PLT004,PRT006,2026-08-29,835,382,478,25.70
PLT004,PRT006,2026-08-30,531,302,785,128.70
PLT004,PRT006,2026-08-31,709,409,613,81.40
PLT004,PRT006,2026-09-01,360,372,684,48.00
PLT004,PRT006,2026-09-02,118,193,254,116.50
PLT004,PRT006,2026-09-03,1571,167,415,69.70
PLT004,PRT006,2026-09-04,1931,377,245,149.00
PLT004,PRT006,2026-09-05,630,258,629,66.80
PLT004,PRT006,2026-09-06,867,200,574,55.30
PLT004,PRT006,2026-09-07,336,402,201,52.60
PLT004,PRT006,2026-09-08,575,225,257,108.80
PLT004,PRT006,2026-09-09,1479,480,766,89.10
PLT004,PRT006,2026-09-10,1136,463,309,74.20
PLT004,PRT006,2026-09-11,474,154,581,98.70
PLT004,PRT006,2026-09-12,560,182,631,130.50
PLT004,PRT008,2026-06-15,615,279,521,68.70
PLT004,PRT008,2026-06-16,1436,330,569,63.60
PLT004,PRT008,2026-06-17,533,138,461,97.00
PLT004,PRT008,2026-06-18,1798,226,254,17.80
PLT004,PRT008,2026-06-19,218,105,498,101.60
PLT004,PRT008,2026-06-20,1883,411,510,101.40
PLT004,PRT008,2026-06-21,1014,205,295,46.20
PLT004,PRT008,2026-06-22,394,457,246,73.00
PLT004,PRT008,2026-06-23,1236,117,712,26.80
PLT004,PRT008,2026-06-24,370,493,240,84.70
PLT004,PRT008,2026-06-25,1747,288,227,109.60
PLT004,PRT008,2026-06-26,927,315,516,79.30
PLT004,PRT008,2026-06-27,1257,353,757,139.60
PLT004,PRT008,2026-06-28,2032,268,407,153.80
PLT004,PRT008,2026-06-29,1543,488,563,78.50
PLT004,PRT008,2026-06-30,1435,364,704,84.80
PLT004,PRT008,2026-07-01,1805,146,673,129.00
PLT004,PRT008,2026-07-02,1433,181,594,27.10
PLT004,PRT008,2026-07-03,1775,101,601,61.50
PLT004,PRT008,2026-07-04,1474,415,604,105.80
PLT004,PRT008,2026-07-05,588,287,462,126.90
PLT004,PRT008,2026-07-06,1465,163,318,147.90
PLT004,PRT008,2026-07-07,284,408,746,118.40
PLT004,PRT008,2026-07-08,114,376,643,152.00
PLT004,PRT008,2026-07-09,425,352,708,123.80
PLT004,PRT008,2026-07-10,685,116,451,55.80
PLT004,PRT008,2026-07-11,328,288,778,106.20
PLT004,PRT008,2026-07-12,2027,438,338,31.00
PLT004,PRT008,2026-07-13,991,419,552,54.30
PLT004,PRT008,2026-07-14,949,341,392,136.60
PLT004,PRT008,2026-07-15,423,206,212,40.60
PLT004,PRT008,2026-07-16,629,151,782,41.50
PLT004,PRT008,2026-07-17,433,480,258,71.40
PLT004,PRT008,2026-07-18,1378,402,438,116.20
PLT004,PRT008,2026-07-19,1190,492,578,38.00
PLT004,PRT008,2026-07-20,254,234,621,130.70
PLT004,PRT008,2026-07-21,739,278,306,129.70
PLT004,PRT008,2026-07-22,1278,276,470,101.20
PLT004,PRT008,2026-07-23,1956,449,378,123.60
PLT004,PRT008,2026-07-24,1338,379,714,109.70
PLT004,PRT008,2026-07-25,334,339,626,66.70
PLT004,PRT008,2026-07-26,1244,265,555,96.20
PLT004,PRT008,2026-07-27,848,215,646,104.90
PLT004,PRT008,2026-07-28,1816,339,324,84.90
PLT004,PRT008,2026-07-29,780,146,338,86.70
PLT004,PRT008,2026-07-30,634,292,220,101.60
PLT004,PRT008,2026-07-31,1564,154,793,144.70
PLT004,PRT008,2026-08-01,556,462,783,100.70
PLT004,PRT008,2026-08-02,1154,298,321,92.50
PLT004,PRT008,2026-08-03,1414,130,701,38.10
PLT004,PRT008,2026-08-04,1095,357,579,45.00
PLT004,PRT008,2026-08-05,464,441,791,34.90
PLT004,PRT008,2026-08-06,510,169,675,37.30
PLT004,PRT008,2026-08-07,352,443,219,139.60
PLT004,PRT008,2026-08-08,370,491,631,107.00
PLT004,PRT008,2026-08-09,322,115,311,108.70
PLT004,PRT008,2026-08-10,1211,234,725,86.10
PLT004,PRT008,2026-08-11,573,405,671,118.90
PLT004,PRT008,2026-08-12,1373,168,430,93.90
PLT004,PRT008,2026-08-13,1051,265,759,39.50
PLT004,PRT008,2026-08-14,1400,435,551,112.30
PLT004,PRT008,2026-08-15,1775,295,404,110.10
PLT004,PRT008,2026-08-16,1300,314,208,54.60
PLT004,PRT008,2026-08-17,912,228,344,122.50
PLT004,PRT008,2026-08-18,969,254,560,120.80
PLT004,PRT008,2026-08-19,174,103,625,20.90
PLT004,PRT008,2026-08-20,1276,136,528,60.60
PLT004,PRT008,2026-08-21,370,458,246,140.70
PLT004,PRT008,2026-08-22,1108,350,770,124.40
PLT004,PRT008,2026-08-23,529,458,708,14.00
PLT004,PRT008,2026-08-24,97,326,706,17.60
PLT004,PRT008,2026-08-25,546,413,702,60.40
PLT004,PRT008,2026-08-26,1775,338,672,103.90
PLT004,PRT008,2026-08-27,1774,203,447,25.20
PLT004,PRT008,2026-08-28,641,201,382,92.20
PLT004,PRT008,2026-08-29,1766,422,600,101.40
PLT004,PRT008,2026-08-30,1514,264,588,91.20
PLT004,PRT008,2026-08-31,868,358,540,107.40
PLT004,PRT008,2026-09-01,215,406,539,17.40
PLT004,PRT008,2026-09-02,1268,486,681,92.90
PLT004,PRT008,2026-09-03,1046,231,715,50.00
PLT004,PRT008,2026-09-04,1137,177,370,106.30
PLT004,PRT008,2026-09-05,1123,371,373,148.70
PLT004,PRT008,2026-09-06,1978,301,681,41.20
PLT004,PRT008,2026-09-07,197,133,681,17.20
PLT004,PRT008,2026-09-08,1187,374,612,82.90
PLT004,PRT008,2026-09-09,138,310,781,58.90
PLT004,PRT008,2026-09-10,1409,488,382,83.50
PLT004,PRT008,2026-09-11,576,192,606,95.80
PLT004,PRT008,2026-09-12,1956,153,737,86.50
PLT004,PRT009,2026-06-15,1496,226,362,19.60
PLT004,PRT009,2026-06-16,1718,273,597,138.80
PLT004,PRT009,2026-06-17,1490,316,514,145.50
PLT004,PRT009,2026-06-18,1956,204,320,13.70
PLT004,PRT009,2026-06-19,1660,424,264,108.00
PLT004,PRT009,2026-06-20,1485,484,508,54.20
PLT004,PRT009,2026-06-21,1957,400,320,77.40
PLT004,PRT009,2026-06-22,100,432,793,125.10
PLT004,PRT009,2026-06-23,680,272,567,116.10
PLT004,PRT009,2026-06-24,1837,331,494,118.00
PLT004,PRT009,2026-06-25,1347,298,665,48.60
PLT004,PRT009,2026-06-26,1069,116,478,67.30
PLT004,PRT009,2026-06-27,333,290,413,119.60
PLT004,PRT009,2026-06-28,1148,259,358,72.40
PLT004,PRT009,2026-06-29,948,241,593,131.00
PLT004,PRT009,2026-06-30,907,228,495,64.70
PLT004,PRT009,2026-07-01,1284,241,350,14.20
PLT004,PRT009,2026-07-02,229,453,426,104.30
PLT004,PRT009,2026-07-03,848,365,273,58.70
PLT004,PRT009,2026-07-04,1849,346,379,58.50
PLT004,PRT009,2026-07-05,1248,378,707,24.50
PLT004,PRT009,2026-07-06,1645,132,635,90.30
PLT004,PRT009,2026-07-07,806,316,695,93.50
PLT004,PRT009,2026-07-08,1667,470,697,69.10
PLT004,PRT009,2026-07-09,1110,126,467,35.00
PLT004,PRT009,2026-07-10,537,440,459,52.30
PLT004,PRT009,2026-07-11,1347,169,311,121.90
PLT004,PRT009,2026-07-12,830,125,731,135.50
PLT004,PRT009,2026-07-13,1424,406,557,49.30
PLT004,PRT009,2026-07-14,607,297,450,99.50
PLT004,PRT009,2026-07-15,1287,457,310,109.30
PLT004,PRT009,2026-07-16,1741,290,434,41.00
PLT004,PRT009,2026-07-17,65,417,535,87.30
PLT004,PRT009,2026-07-18,280,100,273,27.00
PLT004,PRT009,2026-07-19,1186,352,434,109.10
PLT004,PRT009,2026-07-20,1782,301,361,96.60
PLT004,PRT009,2026-07-21,1102,324,429,133.30
PLT004,PRT009,2026-07-22,440,331,495,33.20
PLT004,PRT009,2026-07-23,685,396,350,107.70
PLT004,PRT009,2026-07-24,1332,262,561,122.50
PLT004,PRT009,2026-07-25,1743,145,313,72.40
PLT004,PRT009,2026-07-26,1883,218,270,48.30
PLT004,PRT009,2026-07-27,244,402,787,135.60
PLT004,PRT009,2026-07-28,1570,390,724,31.30
PLT004,PRT009,2026-07-29,1761,427,510,110.60
PLT004,PRT009,2026-07-30,1092,370,393,48.70
PLT004,PRT009,2026-07-31,323,114,535,77.20
PLT004,PRT009,2026-08-01,334,264,534,91.50
PLT004,PRT009,2026-08-02,1258,385,473,64.20
PLT004,PRT009,2026-08-03,1899,231,300,75.50
PLT004,PRT009,2026-08-04,1387,453,263,24.90
PLT004,PRT009,2026-08-05,957,228,373,77.10
PLT004,PRT009,2026-08-06,850,353,753,55.10
PLT004,PRT009,2026-08-07,764,294,272,59.10
PLT004,PRT009,2026-08-08,1750,302,438,121.00
PLT004,PRT009,2026-08-09,1580,160,684,24.50
PLT004,PRT009,2026-08-10,623,247,254,67.80
PLT004,PRT009,2026-08-11,1269,191,353,19.60
PLT004,PRT009,2026-08-12,322,130,406,81.40
PLT004,PRT009,2026-08-13,1019,255,328,55.80
PLT004,PRT009,2026-08-14,388,404,488,62.90
PLT004,PRT009,2026-08-15,251,226,257,28.30
PLT004,PRT009,2026-08-16,1915,114,399,102.30
PLT004,PRT009,2026-08-17,1583,493,450,122.90
PLT004,PRT009,2026-08-18,1910,304,745,101.10
PLT004,PRT009,2026-08-19,913,255,587,141.40
PLT004,PRT009,2026-08-20,1854,395,790,50.00
PLT004,PRT009,2026-08-21,1342,149,325,101.60
PLT004,PRT009,2026-08-22,2083,302,670,120.60
PLT004,PRT009,2026-08-23,1243,263,418,76.10
PLT004,PRT009,2026-08-24,1040,102,632,96.60
PLT004,PRT009,2026-08-25,1403,411,581,75.00
PLT004,PRT009,2026-08-26,1719,264,413,76.70
PLT004,PRT009,2026-08-27,1233,169,614,47.30
PLT004,PRT009,2026-08-28,587,121,529,67.00
PLT004,PRT009,2026-08-29,1579,297,637,110.30
PLT004,PRT009,2026-08-30,2124,380,472,65.00
PLT004,PRT009,2026-08-31,1337,327,757,98.60
PLT004,PRT009,2026-09-01,160,271,763,38.70
PLT004,PRT009,2026-09-02,956,103,798,72.70
PLT004,PRT009,2026-09-03,396,245,423,112.50
PLT004,PRT009,2026-09-04,1211,339,318,53.30
PLT004,PRT009,2026-09-05,748,362,312,14.70
PLT004,PRT009,2026-09-06,772,222,227,13.60
PLT004,PRT009,2026-09-07,1065,135,236,11.80
PLT004,PRT009,2026-09-08,733,166,328,89.10
PLT004,PRT009,2026-09-09,527,439,276,60.90
PLT004,PRT009,2026-09-10,728,173,423,53.80
PLT004,PRT009,2026-09-11,1135,205,327,97.20
PLT004,PRT009,2026-09-12,1728,187,421,40.30
PLT004,PRT010,2026-06-15,1895,254,417,29.90
PLT004,PRT010,2026-06-16,189,369,359,100.10
PLT004,PRT010,2026-06-17,65,386,657,143.40
PLT004,PRT010,2026-06-18,1638,130,578,56.00
PLT004,PRT010,2026-06-19,1448,357,627,43.60
PLT004,PRT010,2026-06-20,774,280,567,125.10
PLT004,PRT010,2026-06-21,709,141,791,96.90
PLT004,PRT010,2026-06-22,1917,455,756,140.70
PLT004,PRT010,2026-06-23,415,436,778,73.00
PLT004,PRT010,2026-06-24,87,343,781,122.20
PLT004,PRT010,2026-06-25,1818,249,297,129.30
PLT004,PRT010,2026-06-26,1028,415,457,15.70
PLT004,PRT010,2026-06-27,1372,436,724,95.30
PLT004,PRT010,2026-06-28,1558,272,453,39.00
PLT004,PRT010,2026-06-29,1844,254,768,150.10
PLT004,PRT010,2026-06-30,1626,398,538,113.50
PLT004,PRT010,2026-07-01,1166,183,216,52.60
PLT004,PRT010,2026-07-02,1592,102,274,133.80
PLT004,PRT010,2026-07-03,65,151,445,88.20
PLT004,PRT010,2026-07-04,609,364,646,83.30
PLT004,PRT010,2026-07-05,333,387,208,20.90
PLT004,PRT010,2026-07-06,291,330,450,82.30
PLT004,PRT010,2026-07-07,1410,154,348,140.40
PLT004,PRT010,2026-07-08,149,405,663,27.40
PLT004,PRT010,2026-07-09,1138,441,615,19.30
PLT004,PRT010,2026-07-10,1732,177,238,31.70
PLT004,PRT010,2026-07-11,508,289,272,27.70
PLT004,PRT010,2026-07-12,1999,247,408,40.10
PLT004,PRT010,2026-07-13,1871,445,648,81.90
PLT004,PRT010,2026-07-14,501,364,336,106.10
PLT004,PRT010,2026-07-15,1259,373,417,147.70
PLT004,PRT010,2026-07-16,1709,358,735,54.20
PLT004,PRT010,2026-07-17,536,100,518,51.60
PLT004,PRT010,2026-07-18,1556,404,252,44.30
PLT004,PRT010,2026-07-19,790,455,494,89.80
PLT004,PRT010,2026-07-20,1904,456,448,67.20
PLT004,PRT010,2026-07-21,171,463,680,83.60
PLT004,PRT010,2026-07-22,1373,264,425,143.80
PLT004,PRT010,2026-07-23,738,190,514,110.20
PLT004,PRT010,2026-07-24,1358,490,697,120.20
PLT004,PRT010,2026-07-25,1797,310,545,147.50
PLT004,PRT010,2026-07-26,893,321,644,91.80
PLT004,PRT010,2026-07-27,882,264,688,81.50
PLT004,PRT010,2026-07-28,1286,303,526,43.80
PLT004,PRT010,2026-07-29,1083,375,269,80.00
PLT004,PRT010,2026-07-30,1249,134,311,136.80
PLT004,PRT010,2026-07-31,1912,344,620,124.10
PLT004,PRT010,2026-08-01,1037,138,490,135.60
PLT004,PRT010,2026-08-02,1834,342,472,121.10
PLT004,PRT010,2026-08-03,677,494,354,135.70
PLT004,PRT010,2026-08-04,1542,209,561,50.30
PLT004,PRT010,2026-08-05,351,117,782,57.70
PLT004,PRT010,2026-08-06,665,122,277,135.70
PLT004,PRT010,2026-08-07,270,299,378,59.00
PLT004,PRT010,2026-08-08,334,181,276,34.10
PLT004,PRT010,2026-08-09,1533,475,495,79.60
PLT004,PRT010,2026-08-10,1626,470,270,60.60
PLT004,PRT010,2026-08-11,501,276,707,92.20
PLT004,PRT010,2026-08-12,1930,326,223,18.40
PLT004,PRT010,2026-08-13,865,452,363,35.90
PLT004,PRT010,2026-08-14,1269,140,719,53.90
PLT004,PRT010,2026-08-15,1093,496,437,11.00
PLT004,PRT010,2026-08-16,264,494,259,37.30
PLT004,PRT010,2026-08-17,1198,222,253,56.30
PLT004,PRT010,2026-08-18,453,325,312,25.30
PLT004,PRT010,2026-08-19,837,451,489,68.90
PLT004,PRT010,2026-08-20,193,357,336,119.00
PLT004,PRT010,2026-08-21,1029,433,429,33.00
PLT004,PRT010,2026-08-22,1707,495,486,121.50
PLT004,PRT010,2026-08-23,849,255,472,84.50
PLT004,PRT010,2026-08-24,1032,280,372,144.40
PLT004,PRT010,2026-08-25,470,311,278,79.20
PLT004,PRT010,2026-08-26,457,473,755,56.00
PLT004,PRT010,2026-08-27,1933,467,519,99.30
PLT004,PRT010,2026-08-28,1541,349,294,32.40
PLT004,PRT010,2026-08-29,1062,172,223,27.80
PLT004,PRT010,2026-08-30,1628,323,533,79.00
PLT004,PRT010,2026-08-31,1710,348,637,31.20
PLT004,PRT010,2026-09-01,259,203,446,32.20
PLT004,PRT010,2026-09-02,643,294,547,71.60
PLT004,PRT010,2026-09-03,1288,214,575,17.30
PLT004,PRT010,2026-09-04,169,201,595,20.50
PLT004,PRT010,2026-09-05,1857,375,597,12.00
PLT004,PRT010,2026-09-06,1052,292,695,32.20
PLT004,PRT010,2026-09-07,1573,292,303,23.00
PLT004,PRT010,2026-09-08,744,332,536,37.50
PLT004,PRT010,2026-09-09,1899,136,611,18.80
PLT004,PRT010,2026-09-10,1075,137,533,96.60
PLT004,PRT010,2026-09-11,226,394,781,43.90
PLT004,PRT010,2026-09-12,1166,135,541,138.40
PLT004,PRT011,2026-06-15,1563,330,295,126.00
PLT004,PRT011,2026-06-16,1413,169,244,150.40
PLT004,PRT011,2026-06-17,1558,281,410,50.00
PLT004,PRT011,2026-06-18,1264,227,254,78.80
PLT004,PRT011,2026-06-19,82,410,769,58.00
PLT004,PRT011,2026-06-20,436,458,449,33.70
PLT004,PRT011,2026-06-21,713,411,245,48.10
PLT004,PRT011,2026-06-22,1292,483,677,145.80
PLT004,PRT011,2026-06-23,1439,123,314,112.30
PLT004,PRT011,2026-06-24,1209,132,780,128.30
PLT004,PRT011,2026-06-25,1707,456,330,77.70
PLT004,PRT011,2026-06-26,518,393,385,152.50
PLT004,PRT011,2026-06-27,711,158,645,121.90
PLT004,PRT011,2026-06-28,489,219,714,13.30
PLT004,PRT011,2026-06-29,624,462,681,68.20
PLT004,PRT011,2026-06-30,1840,398,683,142.90
PLT004,PRT011,2026-07-01,1591,239,764,134.30
PLT004,PRT011,2026-07-02,1175,156,782,45.60
PLT004,PRT011,2026-07-03,1576,379,279,72.10
PLT004,PRT011,2026-07-04,1248,337,755,128.50
PLT004,PRT011,2026-07-05,841,146,454,53.90
PLT004,PRT011,2026-07-06,1473,399,540,34.50
PLT004,PRT011,2026-07-07,1702,491,509,93.10
PLT004,PRT011,2026-07-08,1805,385,508,17.80
PLT004,PRT011,2026-07-09,858,145,300,118.50
PLT004,PRT011,2026-07-10,421,235,683,53.00
PLT004,PRT011,2026-07-11,725,224,401,134.30
PLT004,PRT011,2026-07-12,1417,123,674,18.10
PLT004,PRT011,2026-07-13,728,371,281,84.50
PLT004,PRT011,2026-07-14,1460,264,252,146.20
PLT004,PRT011,2026-07-15,1199,230,372,29.70
PLT004,PRT011,2026-07-16,1559,351,685,119.50
PLT004,PRT011,2026-07-17,1794,417,739,104.30
PLT004,PRT011,2026-07-18,952,227,671,91.20
PLT004,PRT011,2026-07-19,1443,387,265,31.70
PLT004,PRT011,2026-07-20,94,116,774,141.70
PLT004,PRT011,2026-07-21,1711,467,339,105.30
PLT004,PRT011,2026-07-22,693,321,576,131.80
PLT004,PRT011,2026-07-23,918,336,532,50.40
PLT004,PRT011,2026-07-24,474,477,355,128.90
PLT004,PRT011,2026-07-25,1343,434,515,31.60
PLT004,PRT011,2026-07-26,287,280,590,70.00
PLT004,PRT011,2026-07-27,409,487,436,36.40
PLT004,PRT011,2026-07-28,1863,116,603,72.20
PLT004,PRT011,2026-07-29,1634,289,336,87.80
PLT004,PRT011,2026-07-30,1418,313,583,13.90
PLT004,PRT011,2026-07-31,54,131,671,90.90
PLT004,PRT011,2026-08-01,585,256,244,104.00
PLT004,PRT011,2026-08-02,1411,369,512,131.60
PLT004,PRT011,2026-08-03,951,336,778,94.70
PLT004,PRT011,2026-08-04,113,443,520,93.20
PLT004,PRT011,2026-08-05,1509,323,696,147.60
PLT004,PRT011,2026-08-06,962,107,714,97.30
PLT004,PRT011,2026-08-07,1973,148,229,124.90
PLT004,PRT011,2026-08-08,918,257,281,135.20
PLT004,PRT011,2026-08-09,1442,408,311,75.80
PLT004,PRT011,2026-08-10,1393,460,419,57.60
PLT004,PRT011,2026-08-11,1545,219,376,26.40
PLT004,PRT011,2026-08-12,356,348,775,132.20
PLT004,PRT011,2026-08-13,572,400,224,59.10
PLT004,PRT011,2026-08-14,1240,261,480,101.50
PLT004,PRT011,2026-08-15,1381,315,311,44.90
PLT004,PRT011,2026-08-16,289,118,757,69.40
PLT004,PRT011,2026-08-17,1662,182,290,149.20
PLT004,PRT011,2026-08-18,122,178,788,116.50
PLT004,PRT011,2026-08-19,1162,316,772,42.20
PLT004,PRT011,2026-08-20,840,214,770,54.80
PLT004,PRT011,2026-08-21,815,112,290,75.00
PLT004,PRT011,2026-08-22,1495,196,770,58.10
PLT004,PRT011,2026-08-23,720,429,307,72.20
PLT004,PRT011,2026-08-24,1922,497,321,23.80
PLT004,PRT011,2026-08-25,1333,175,360,130.30
PLT004,PRT011,2026-08-26,761,495,715,129.90
PLT004,PRT011,2026-08-27,427,313,318,39.00
PLT004,PRT011,2026-08-28,550,359,544,137.20
PLT004,PRT011,2026-08-29,657,376,569,27.30
PLT004,PRT011,2026-08-30,1707,180,778,121.80
PLT004,PRT011,2026-08-31,366,439,489,131.00
PLT004,PRT011,2026-09-01,313,273,635,20.80
PLT004,PRT011,2026-09-02,840,415,359,146.20
PLT004,PRT011,2026-09-03,139,148,344,38.80
PLT004,PRT011,2026-09-04,1489,153,638,114.10
PLT004,PRT011,2026-09-05,1880,416,571,42.40
PLT004,PRT011,2026-09-06,1665,151,687,137.90
PLT004,PRT011,2026-09-07,508,442,579,15.80
PLT004,PRT011,2026-09-08,1504,342,205,78.90
PLT004,PRT011,2026-09-09,872,375,260,108.50
PLT004,PRT011,2026-09-10,1490,407,586,23.20
PLT004,PRT011,2026-09-11,1546,199,429,77.10
PLT004,PRT011,2026-09-12,1403,130,632,58.80
PLT004,PRT013,2026-06-15,1189,358,349,106.70
PLT004,PRT013,2026-06-16,855,164,340,143.30
PLT004,PRT013,2026-06-17,947,131,454,50.80
PLT004,PRT013,2026-06-18,1848,160,449,90.60
PLT004,PRT013,2026-06-19,1612,375,390,25.80
PLT004,PRT013,2026-06-20,1292,303,348,59.60
PLT004,PRT013,2026-06-21,385,229,300,129.00
PLT004,PRT013,2026-06-22,1290,118,421,63.50
PLT004,PRT013,2026-06-23,858,309,769,52.60
PLT004,PRT013,2026-06-24,1476,354,436,140.10
PLT004,PRT013,2026-06-25,1550,156,505,126.10
PLT004,PRT013,2026-06-26,1532,430,744,122.90
PLT004,PRT013,2026-06-27,1327,493,754,67.20
PLT004,PRT013,2026-06-28,1745,262,800,44.40
PLT004,PRT013,2026-06-29,609,237,525,117.80
PLT004,PRT013,2026-06-30,1887,202,785,65.80
PLT004,PRT013,2026-07-01,1191,379,309,62.90
PLT004,PRT013,2026-07-02,830,180,469,105.10
PLT004,PRT013,2026-07-03,1889,284,418,28.90
PLT004,PRT013,2026-07-04,1470,168,650,22.30
PLT004,PRT013,2026-07-05,1343,489,432,87.60
PLT004,PRT013,2026-07-06,1294,176,800,119.40
PLT004,PRT013,2026-07-07,663,120,293,145.10
PLT004,PRT013,2026-07-08,1222,271,670,55.30
PLT004,PRT013,2026-07-09,1777,191,721,147.00
PLT004,PRT013,2026-07-10,1634,342,728,139.30
PLT004,PRT013,2026-07-11,1723,143,246,121.20
PLT004,PRT013,2026-07-12,1082,115,569,121.90
PLT004,PRT013,2026-07-13,1880,329,749,83.50
PLT004,PRT013,2026-07-14,500,207,452,78.10
PLT004,PRT013,2026-07-15,1336,298,244,99.60
PLT004,PRT013,2026-07-16,1208,121,394,64.20
PLT004,PRT013,2026-07-17,1783,482,657,75.10
PLT004,PRT013,2026-07-18,828,363,348,131.90
PLT004,PRT013,2026-07-19,1738,293,469,148.00
PLT004,PRT013,2026-07-20,671,104,268,134.70
PLT004,PRT013,2026-07-21,856,496,738,39.20
PLT004,PRT013,2026-07-22,179,190,645,149.50
PLT004,PRT013,2026-07-23,271,338,668,23.40
PLT004,PRT013,2026-07-24,770,238,779,39.50
PLT004,PRT013,2026-07-25,803,113,616,85.70
PLT004,PRT013,2026-07-26,819,231,578,122.90
PLT004,PRT013,2026-07-27,1213,308,712,124.00
PLT004,PRT013,2026-07-28,1664,413,569,74.10
PLT004,PRT013,2026-07-29,97,154,647,24.00
PLT004,PRT013,2026-07-30,1659,247,389,122.70
PLT004,PRT013,2026-07-31,1008,127,633,138.40
PLT004,PRT013,2026-08-01,2058,343,488,11.60
PLT004,PRT013,2026-08-02,769,342,790,104.70
PLT004,PRT013,2026-08-03,441,223,421,50.20
PLT004,PRT013,2026-08-04,869,248,414,72.20
PLT004,PRT013,2026-08-05,1441,446,483,114.70
PLT004,PRT013,2026-08-06,1842,271,328,144.40
PLT004,PRT013,2026-08-07,1166,433,223,27.20
PLT004,PRT013,2026-08-08,988,470,682,32.10
PLT004,PRT013,2026-08-09,671,236,332,62.50
PLT004,PRT013,2026-08-10,608,192,647,140.70
PLT004,PRT013,2026-08-11,1340,382,244,102.60
PLT004,PRT013,2026-08-12,141,500,767,13.40
PLT004,PRT013,2026-08-13,1097,321,380,38.40
PLT004,PRT013,2026-08-14,1907,137,267,113.60
PLT004,PRT013,2026-08-15,1328,495,461,46.60
PLT004,PRT013,2026-08-16,309,190,267,18.30
PLT004,PRT013,2026-08-17,317,120,382,113.50
PLT004,PRT013,2026-08-18,950,387,527,26.40
PLT004,PRT013,2026-08-19,476,386,775,153.60
PLT004,PRT013,2026-08-20,497,155,654,153.30
PLT004,PRT013,2026-08-21,388,253,663,79.80
PLT004,PRT013,2026-08-22,979,296,477,151.60
PLT004,PRT013,2026-08-23,1260,396,648,90.60
PLT004,PRT013,2026-08-24,1739,352,286,79.00
PLT004,PRT013,2026-08-25,1807,329,683,15.30
PLT004,PRT013,2026-08-26,111,238,233,135.80
PLT004,PRT013,2026-08-27,1464,330,562,144.70
PLT004,PRT013,2026-08-28,905,491,576,37.40
PLT004,PRT013,2026-08-29,1726,419,423,85.80
PLT004,PRT013,2026-08-30,2075,115,637,79.30
PLT004,PRT013,2026-08-31,1069,426,323,47.60
PLT004,PRT013,2026-09-01,1227,199,387,129.80
PLT004,PRT013,2026-09-02,928,374,474,66.50
PLT004,PRT013,2026-09-03,1568,356,596,14.10
PLT004,PRT013,2026-09-04,351,313,566,80.20
PLT004,PRT013,2026-09-05,948,470,349,95.40
PLT004,PRT013,2026-09-06,2046,371,487,49.30
PLT004,PRT013,2026-09-07,1363,365,646,119.30
PLT004,PRT013,2026-09-08,1413,149,589,23.50
PLT004,PRT013,2026-09-09,1727,183,686,103.10
PLT004,PRT013,2026-09-10,658,330,491,33.00
PLT004,PRT013,2026-09-11,378,247,790,132.50
PLT004,PRT013,2026-09-12,700,175,201,145.90
PLT004,PRT017,2026-06-15,520,373,303,119.70
PLT004,PRT017,2026-06-16,1012,446,442,101.00
PLT004,PRT017,2026-06-17,536,366,594,68.40
PLT004,PRT017,2026-06-18,1989,389,386,145.10
PLT004,PRT017,2026-06-19,1584,430,677,100.90
PLT004,PRT017,2026-06-20,844,477,770,64.30
PLT004,PRT017,2026-06-21,347,399,538,137.60
PLT004,PRT017,2026-06-22,1132,185,554,31.00
PLT004,PRT017,2026-06-23,859,366,514,128.80
PLT004,PRT017,2026-06-24,987,462,765,115.10
PLT004,PRT017,2026-06-25,1879,482,580,127.60
PLT004,PRT017,2026-06-26,559,301,697,46.80
PLT004,PRT017,2026-06-27,1253,193,205,81.20
PLT004,PRT017,2026-06-28,1250,402,614,104.90
PLT004,PRT017,2026-06-29,1048,149,441,88.50
PLT004,PRT017,2026-06-30,629,401,553,15.60
PLT004,PRT017,2026-07-01,1019,214,707,122.50
PLT004,PRT017,2026-07-02,583,311,333,34.50
PLT004,PRT017,2026-07-03,68,438,550,126.60
PLT004,PRT017,2026-07-04,660,178,502,62.40
PLT004,PRT017,2026-07-05,298,277,266,142.20
PLT004,PRT017,2026-07-06,736,108,752,87.40
PLT004,PRT017,2026-07-07,1975,469,318,15.70
PLT004,PRT017,2026-07-08,1497,369,210,27.40
PLT004,PRT017,2026-07-09,1710,126,467,44.10
PLT004,PRT017,2026-07-10,830,135,669,63.90
PLT004,PRT017,2026-07-11,1926,357,397,57.30
PLT004,PRT017,2026-07-12,2131,249,793,142.70
PLT004,PRT017,2026-07-13,955,473,479,48.20
PLT004,PRT017,2026-07-14,778,110,410,29.00
PLT004,PRT017,2026-07-15,1256,286,533,150.70
PLT004,PRT017,2026-07-16,1363,270,369,65.80
PLT004,PRT017,2026-07-17,1212,100,476,31.00
PLT004,PRT017,2026-07-18,1283,315,317,108.90
PLT004,PRT017,2026-07-19,2089,191,317,143.50
PLT004,PRT017,2026-07-20,1479,480,627,137.70
PLT004,PRT017,2026-07-21,1330,447,609,28.10
PLT004,PRT017,2026-07-22,1510,411,470,116.70
PLT004,PRT017,2026-07-23,141,251,673,26.00
PLT004,PRT017,2026-07-24,1380,132,510,63.80
PLT004,PRT017,2026-07-25,1666,170,351,94.00
PLT004,PRT017,2026-07-26,1210,345,696,103.50
PLT004,PRT017,2026-07-27,1838,163,436,65.90
PLT004,PRT017,2026-07-28,961,459,289,73.00
PLT004,PRT017,2026-07-29,826,274,370,145.60
PLT004,PRT017,2026-07-30,1543,472,615,66.00
PLT004,PRT017,2026-07-31,793,332,475,42.40
PLT004,PRT017,2026-08-01,885,299,699,83.90
PLT004,PRT017,2026-08-02,1101,418,348,53.50
PLT004,PRT017,2026-08-03,746,107,370,134.50
PLT004,PRT017,2026-08-04,100,150,236,61.50
PLT004,PRT017,2026-08-05,836,400,649,82.00
PLT004,PRT017,2026-08-06,631,392,715,128.90
PLT004,PRT017,2026-08-07,487,346,698,136.90
PLT004,PRT017,2026-08-08,2124,431,298,46.70
PLT004,PRT017,2026-08-09,485,267,201,54.00
PLT004,PRT017,2026-08-10,1410,252,451,118.80
PLT004,PRT017,2026-08-11,830,339,514,64.80
PLT004,PRT017,2026-08-12,1760,170,467,128.20
PLT004,PRT017,2026-08-13,1266,416,531,138.40
PLT004,PRT017,2026-08-14,1833,202,232,17.90
PLT004,PRT017,2026-08-15,1042,277,669,17.80
PLT004,PRT017,2026-08-16,295,207,431,134.50
PLT004,PRT017,2026-08-17,250,407,355,92.50
PLT004,PRT017,2026-08-18,1048,428,237,44.10
PLT004,PRT017,2026-08-19,520,367,332,145.80
PLT004,PRT017,2026-08-20,704,199,751,66.70
PLT004,PRT017,2026-08-21,1333,293,551,129.10
PLT004,PRT017,2026-08-22,523,200,414,114.90
PLT004,PRT017,2026-08-23,256,347,704,130.90
PLT004,PRT017,2026-08-24,796,129,573,45.90
PLT004,PRT017,2026-08-25,1507,271,398,129.30
PLT004,PRT017,2026-08-26,267,228,606,118.00
PLT004,PRT017,2026-08-27,1219,410,382,13.60
PLT004,PRT017,2026-08-28,478,234,546,89.60
PLT004,PRT017,2026-08-29,1118,240,613,28.30
PLT004,PRT017,2026-08-30,1272,175,686,70.70
PLT004,PRT017,2026-08-31,1693,281,434,70.40
PLT004,PRT017,2026-09-01,1997,192,337,64.60
PLT004,PRT017,2026-09-02,167,279,256,94.00
PLT004,PRT017,2026-09-03,815,140,470,152.00
PLT004,PRT017,2026-09-04,1792,277,319,136.60
PLT004,PRT017,2026-09-05,1916,363,524,77.30
PLT004,PRT017,2026-09-06,1053,381,266,52.30
PLT004,PRT017,2026-09-07,1372,374,235,64.60
PLT004,PRT017,2026-09-08,1143,232,770,140.00
PLT004,PRT017,2026-09-09,270,117,758,140.10
PLT004,PRT017,2026-09-10,1932,383,496,41.50
PLT004,PRT017,2026-09-11,1914,183,571,133.30
PLT004,PRT017,2026-09-12,883,275,353,125.30
PLT004,PRT018,2026-06-15,154,270,259,121.10
PLT004,PRT018,2026-06-16,185,147,796,69.40
PLT004,PRT018,2026-06-17,1810,490,549,48.30
PLT004,PRT018,2026-06-18,1578,101,734,66.80
PLT004,PRT018,2026-06-19,1411,398,500,92.90
PLT004,PRT018,2026-06-20,1211,223,297,82.80
PLT004,PRT018,2026-06-21,885,369,530,17.30
PLT004,PRT018,2026-06-22,482,121,590,32.00
PLT004,PRT018,2026-06-23,1188,308,623,82.20
PLT004,PRT018,2026-06-24,205,327,429,33.30
PLT004,PRT018,2026-06-25,53,363,750,84.10
PLT004,PRT018,2026-06-26,1741,162,443,61.40
PLT004,PRT018,2026-06-27,1082,200,753,27.90
PLT004,PRT018,2026-06-28,1779,238,219,44.60
PLT004,PRT018,2026-06-29,1843,140,234,84.60
PLT004,PRT018,2026-06-30,977,484,400,67.30
PLT004,PRT018,2026-07-01,1811,308,665,101.20
PLT004,PRT018,2026-07-02,211,189,506,112.00
PLT004,PRT018,2026-07-03,786,414,204,105.90
PLT004,PRT018,2026-07-04,317,174,471,67.40
PLT004,PRT018,2026-07-05,1874,477,751,154.80
PLT004,PRT018,2026-07-06,375,111,562,55.40
PLT004,PRT018,2026-07-07,240,273,304,145.40
PLT004,PRT018,2026-07-08,1930,274,416,111.70
PLT004,PRT018,2026-07-09,1626,286,636,24.70
PLT004,PRT018,2026-07-10,490,410,361,95.50
PLT004,PRT018,2026-07-11,334,329,690,132.40
PLT004,PRT018,2026-07-12,1059,208,744,130.20
PLT004,PRT018,2026-07-13,637,261,715,129.40
PLT004,PRT018,2026-07-14,552,162,481,28.60
PLT004,PRT018,2026-07-15,1222,217,563,73.40
PLT004,PRT018,2026-07-16,1994,379,435,142.20
PLT004,PRT018,2026-07-17,581,122,443,125.30
PLT004,PRT018,2026-07-18,2146,327,234,78.20
PLT004,PRT018,2026-07-19,1998,238,381,87.70
PLT004,PRT018,2026-07-20,395,395,376,35.40
PLT004,PRT018,2026-07-21,1786,331,558,44.30
PLT004,PRT018,2026-07-22,1520,300,572,139.30
PLT004,PRT018,2026-07-23,579,233,491,21.00
PLT004,PRT018,2026-07-24,1903,497,251,99.20
PLT004,PRT018,2026-07-25,1953,458,222,14.70
PLT004,PRT018,2026-07-26,1996,172,758,143.80
PLT004,PRT018,2026-07-27,989,461,723,142.40
PLT004,PRT018,2026-07-28,698,335,680,140.70
PLT004,PRT018,2026-07-29,1051,453,217,99.20
PLT004,PRT018,2026-07-30,1991,154,359,42.60
PLT004,PRT018,2026-07-31,1273,490,664,124.40
PLT004,PRT018,2026-08-01,1908,251,714,37.00
PLT004,PRT018,2026-08-02,1148,243,704,94.80
PLT004,PRT018,2026-08-03,1533,401,494,31.60
PLT004,PRT018,2026-08-04,1141,104,798,77.10
PLT004,PRT018,2026-08-05,355,173,412,126.50
PLT004,PRT018,2026-08-06,1724,293,280,12.30
PLT004,PRT018,2026-08-07,1252,336,731,93.90
PLT004,PRT018,2026-08-08,1340,244,776,73.00
PLT004,PRT018,2026-08-09,896,373,427,89.80
PLT004,PRT018,2026-08-10,87,479,762,22.50
PLT004,PRT018,2026-08-11,552,102,739,144.80
PLT004,PRT018,2026-08-12,846,357,649,129.20
PLT004,PRT018,2026-08-13,796,469,698,66.90
PLT004,PRT018,2026-08-14,1462,347,795,128.10
PLT004,PRT018,2026-08-15,263,314,333,123.70
PLT004,PRT018,2026-08-16,749,175,644,12.40
PLT004,PRT018,2026-08-17,814,299,384,141.90
PLT004,PRT018,2026-08-18,1402,191,682,46.00
PLT004,PRT018,2026-08-19,807,232,382,71.80
PLT004,PRT018,2026-08-20,620,299,656,63.10
PLT004,PRT018,2026-08-21,1115,158,561,64.20
PLT004,PRT018,2026-08-22,652,408,776,103.40
PLT004,PRT018,2026-08-23,508,230,249,59.70
PLT004,PRT018,2026-08-24,982,103,510,73.90
PLT004,PRT018,2026-08-25,902,242,609,64.50
PLT004,PRT018,2026-08-26,952,198,550,19.10
PLT004,PRT018,2026-08-27,829,112,280,118.20
PLT004,PRT018,2026-08-28,1816,205,668,108.80
PLT004,PRT018,2026-08-29,1536,209,426,127.70
PLT004,PRT018,2026-08-30,2193,481,489,75.60
PLT004,PRT018,2026-08-31,645,340,661,82.10
PLT004,PRT018,2026-09-01,1074,338,564,139.30
PLT004,PRT018,2026-09-02,358,430,701,120.70
PLT004,PRT018,2026-09-03,1548,102,422,120.10
PLT004,PRT018,2026-09-04,1057,455,572,115.20
PLT004,PRT018,2026-09-05,940,234,667,148.00
PLT004,PRT018,2026-09-06,932,356,539,93.40
PLT004,PRT018,2026-09-07,396,188,510,29.00
PLT004,PRT018,2026-09-08,486,350,664,147.80
PLT004,PRT018,2026-09-09,1267,288,774,60.90
PLT004,PRT018,2026-09-10,1538,231,420,108.00
PLT004,PRT018,2026-09-11,832,260,385,112.20
PLT004,PRT018,2026-09-12,1336,125,265,74.40
PLT004,PRT020,2026-06-15,450,271,695,66.60
PLT004,PRT020,2026-06-16,835,255,358,118.20
PLT004,PRT020,2026-06-17,766,392,792,14.90
PLT004,PRT020,2026-06-18,917,255,650,97.50
PLT004,PRT020,2026-06-19,887,167,397,118.80
PLT004,PRT020,2026-06-20,2092,343,334,22.40
PLT004,PRT020,2026-06-21,1412,440,569,17.00
PLT004,PRT020,2026-06-22,1324,147,478,80.30
PLT004,PRT020,2026-06-23,1328,368,593,108.70
PLT004,PRT020,2026-06-24,1238,402,541,91.30
PLT004,PRT020,2026-06-25,173,363,735,118.30
PLT004,PRT020,2026-06-26,1107,428,323,103.00
PLT004,PRT020,2026-06-27,1893,221,496,12.60
PLT004,PRT020,2026-06-28,1554,100,270,27.90
PLT004,PRT020,2026-06-29,150,251,602,139.30
PLT004,PRT020,2026-06-30,1623,324,789,38.70
PLT004,PRT020,2026-07-01,1005,445,292,124.90
PLT004,PRT020,2026-07-02,1436,361,563,44.30
PLT004,PRT020,2026-07-03,1202,462,634,20.50
PLT004,PRT020,2026-07-04,1397,434,474,136.20
PLT004,PRT020,2026-07-05,982,439,559,85.70
PLT004,PRT020,2026-07-06,888,250,483,63.10
PLT004,PRT020,2026-07-07,952,159,237,24.20
PLT004,PRT020,2026-07-08,930,182,278,70.10
PLT004,PRT020,2026-07-09,1169,103,259,65.20
PLT004,PRT020,2026-07-10,704,132,402,98.20
PLT004,PRT020,2026-07-11,1203,133,378,149.30
PLT004,PRT020,2026-07-12,1637,309,423,72.90
PLT004,PRT020,2026-07-13,1522,355,337,24.00
PLT004,PRT020,2026-07-14,757,469,682,36.90
PLT004,PRT020,2026-07-15,399,247,536,48.10
PLT004,PRT020,2026-07-16,1798,186,370,47.30
PLT004,PRT020,2026-07-17,385,384,774,36.70
PLT004,PRT020,2026-07-18,1417,322,356,50.00
PLT004,PRT020,2026-07-19,1893,386,430,142.60
PLT004,PRT020,2026-07-20,962,395,449,64.20
PLT004,PRT020,2026-07-21,663,273,570,83.40
PLT004,PRT020,2026-07-22,1860,426,238,29.10
PLT004,PRT020,2026-07-23,382,323,449,15.00
PLT004,PRT020,2026-07-24,916,218,753,101.20
PLT004,PRT020,2026-07-25,1339,149,476,75.20
PLT004,PRT020,2026-07-26,1999,311,680,85.30
PLT004,PRT020,2026-07-27,1181,348,505,124.30
PLT004,PRT020,2026-07-28,1572,317,383,43.60
PLT004,PRT020,2026-07-29,1635,367,557,38.00
PLT004,PRT020,2026-07-30,728,123,766,38.60
PLT004,PRT020,2026-07-31,1327,455,787,121.20
PLT004,PRT020,2026-08-01,1975,418,647,142.70
PLT004,PRT020,2026-08-02,580,182,445,104.60
PLT004,PRT020,2026-08-03,1863,424,754,147.00
PLT004,PRT020,2026-08-04,182,302,281,117.40
PLT004,PRT020,2026-08-05,1842,359,302,111.90
PLT004,PRT020,2026-08-06,1665,441,474,45.20
PLT004,PRT020,2026-08-07,978,321,690,101.90
PLT004,PRT020,2026-08-08,1033,170,204,21.80
PLT004,PRT020,2026-08-09,1002,500,455,118.20
PLT004,PRT020,2026-08-10,720,194,492,124.90
PLT004,PRT020,2026-08-11,305,198,467,101.70
PLT004,PRT020,2026-08-12,1549,166,320,102.80
PLT004,PRT020,2026-08-13,1732,106,551,98.70
PLT004,PRT020,2026-08-14,1229,426,743,45.20
PLT004,PRT020,2026-08-15,933,455,799,41.80
PLT004,PRT020,2026-08-16,1178,422,416,35.20
PLT004,PRT020,2026-08-17,724,143,545,125.30
PLT004,PRT020,2026-08-18,1515,280,787,56.30
PLT004,PRT020,2026-08-19,1316,491,362,80.10
PLT004,PRT020,2026-08-20,764,243,600,69.20
PLT004,PRT020,2026-08-21,853,134,279,84.30
PLT004,PRT020,2026-08-22,313,413,360,83.80
PLT004,PRT020,2026-08-23,927,239,710,15.00
PLT004,PRT020,2026-08-24,138,500,520,39.10
PLT004,PRT020,2026-08-25,1318,270,673,120.90
PLT004,PRT020,2026-08-26,669,219,711,133.70
PLT004,PRT020,2026-08-27,1301,242,462,70.50
PLT004,PRT020,2026-08-28,1115,319,251,146.00
PLT004,PRT020,2026-08-29,1101,221,534,72.60
PLT004,PRT020,2026-08-30,577,496,709,66.90
PLT004,PRT020,2026-08-31,614,444,241,43.30
PLT004,PRT020,2026-09-01,844,411,205,110.50
PLT004,PRT020,2026-09-02,1657,306,625,102.30
PLT004,PRT020,2026-09-03,1335,382,556,119.90
PLT004,PRT020,2026-09-04,1825,396,378,106.10
PLT004,PRT020,2026-09-05,1676,278,375,88.20
PLT004,PRT020,2026-09-06,971,314,569,13.20
PLT004,PRT020,2026-09-07,1426,300,678,102.60
PLT004,PRT020,2026-09-08,804,471,471,115.40
PLT004,PRT020,2026-09-09,1071,336,280,65.90
PLT004,PRT020,2026-09-10,529,373,202,86.60
PLT004,PRT020,2026-09-11,556,146,461,63.20
PLT004,PRT020,2026-09-12,2052,149,393,147.70
PLT005,PRT001,2026-06-15,1375,315,390,41.10
PLT005,PRT001,2026-06-16,1662,169,620,88.30
PLT005,PRT001,2026-06-17,945,103,562,73.90
PLT005,PRT001,2026-06-18,846,203,417,129.00
PLT005,PRT001,2026-06-19,351,197,487,108.90
PLT005,PRT001,2026-06-20,368,413,365,36.70
PLT005,PRT001,2026-06-21,1222,243,574,92.40
PLT005,PRT001,2026-06-22,1572,306,761,142.50
PLT005,PRT001,2026-06-23,473,126,740,26.00
PLT005,PRT001,2026-06-24,355,392,466,94.60
PLT005,PRT001,2026-06-25,997,476,595,94.50
PLT005,PRT001,2026-06-26,594,441,687,81.10
PLT005,PRT001,2026-06-27,880,473,549,83.00
PLT005,PRT001,2026-06-28,1357,115,415,131.10
PLT005,PRT001,2026-06-29,1833,357,797,52.40
PLT005,PRT001,2026-06-30,1775,411,209,148.40
PLT005,PRT001,2026-07-01,1020,339,455,95.30
PLT005,PRT001,2026-07-02,85,236,608,69.10
PLT005,PRT001,2026-07-03,1860,382,394,49.80
PLT005,PRT001,2026-07-04,1186,457,387,118.80
PLT005,PRT001,2026-07-05,1096,340,320,28.40
PLT005,PRT001,2026-07-06,1876,414,747,30.00
PLT005,PRT001,2026-07-07,361,304,283,27.50
PLT005,PRT001,2026-07-08,278,415,539,120.00
PLT005,PRT001,2026-07-09,1293,495,222,67.70
PLT005,PRT001,2026-07-10,1057,232,507,78.20
PLT005,PRT001,2026-07-11,271,433,797,48.80
PLT005,PRT001,2026-07-12,384,423,225,23.20
PLT005,PRT001,2026-07-13,99,117,690,153.30
PLT005,PRT001,2026-07-14,1446,190,705,11.10
PLT005,PRT001,2026-07-15,636,109,652,109.60
PLT005,PRT001,2026-07-16,1132,428,795,81.60
PLT005,PRT001,2026-07-17,1914,255,366,115.30
PLT005,PRT001,2026-07-18,1080,231,523,90.50
PLT005,PRT001,2026-07-19,1666,200,765,106.90
PLT005,PRT001,2026-07-20,658,301,449,16.40
PLT005,PRT001,2026-07-21,959,333,226,62.80
PLT005,PRT001,2026-07-22,701,415,693,141.10
PLT005,PRT001,2026-07-23,1398,273,320,83.30
PLT005,PRT001,2026-07-24,582,219,677,18.80
PLT005,PRT001,2026-07-25,538,450,758,94.30
PLT005,PRT001,2026-07-26,1045,181,203,99.40
PLT005,PRT001,2026-07-27,114,308,598,59.10
PLT005,PRT001,2026-07-28,362,467,342,141.60
PLT005,PRT001,2026-07-29,1697,175,392,65.00
PLT005,PRT001,2026-07-30,1165,438,314,149.10
PLT005,PRT001,2026-07-31,646,256,747,88.30
PLT005,PRT001,2026-08-01,691,462,424,49.20
PLT005,PRT001,2026-08-02,543,212,257,100.90
PLT005,PRT001,2026-08-03,1054,419,229,71.30
PLT005,PRT001,2026-08-04,1718,359,258,101.50
PLT005,PRT001,2026-08-05,1090,491,768,151.10
PLT005,PRT001,2026-08-06,1976,493,416,129.40
PLT005,PRT001,2026-08-07,1161,296,268,139.20
PLT005,PRT001,2026-08-08,2008,478,454,101.90
PLT005,PRT001,2026-08-09,1947,338,310,118.20
PLT005,PRT001,2026-08-10,984,493,364,137.80
PLT005,PRT001,2026-08-11,1507,441,219,56.30
PLT005,PRT001,2026-08-12,1240,423,496,38.80
PLT005,PRT001,2026-08-13,1913,391,284,105.80
PLT005,PRT001,2026-08-14,787,311,576,43.50
PLT005,PRT001,2026-08-15,398,146,439,43.20
PLT005,PRT001,2026-08-16,345,186,772,133.50
PLT005,PRT001,2026-08-17,955,309,636,77.30
PLT005,PRT001,2026-08-18,1856,363,328,108.80
PLT005,PRT001,2026-08-19,136,123,517,24.60
PLT005,PRT001,2026-08-20,1138,265,705,20.20
PLT005,PRT001,2026-08-21,755,440,787,116.90
PLT005,PRT001,2026-08-22,957,448,643,40.90
PLT005,PRT001,2026-08-23,1363,131,650,124.90
PLT005,PRT001,2026-08-24,1695,258,440,127.40
PLT005,PRT001,2026-08-25,703,149,598,29.00
PLT005,PRT001,2026-08-26,1394,200,662,34.00
PLT005,PRT001,2026-08-27,1337,254,589,77.20
PLT005,PRT001,2026-08-28,214,249,242,109.70
PLT005,PRT001,2026-08-29,367,219,737,59.00
PLT005,PRT001,2026-08-30,955,297,559,103.20
PLT005,PRT001,2026-08-31,1084,393,709,146.90
PLT005,PRT001,2026-09-01,823,263,760,30.20
PLT005,PRT001,2026-09-02,1637,260,797,62.40
PLT005,PRT001,2026-09-03,1147,414,767,13.40
PLT005,PRT001,2026-09-04,1133,155,428,26.00
PLT005,PRT001,2026-09-05,786,143,583,106.10
PLT005,PRT001,2026-09-06,446,286,738,52.90
PLT005,PRT001,2026-09-07,1773,159,424,130.70
PLT005,PRT001,2026-09-08,1318,409,593,53.00
PLT005,PRT001,2026-09-09,1151,125,325,145.20
PLT005,PRT001,2026-09-10,1340,239,437,54.50
PLT005,PRT001,2026-09-11,1900,386,261,45.20
PLT005,PRT001,2026-09-12,1307,380,386,67.30
PLT005,PRT002,2026-06-15,471,348,717,60.30
PLT005,PRT002,2026-06-16,1038,280,283,77.00
PLT005,PRT002,2026-06-17,991,196,638,66.00
PLT005,PRT002,2026-06-18,228,290,399,94.60
PLT005,PRT002,2026-06-19,128,133,506,14.30
PLT005,PRT002,2026-06-20,1784,107,525,109.70
PLT005,PRT002,2026-06-21,1148,397,662,18.20
PLT005,PRT002,2026-06-22,85,376,463,146.30
PLT005,PRT002,2026-06-23,217,457,708,12.20
PLT005,PRT002,2026-06-24,321,313,500,62.20
PLT005,PRT002,2026-06-25,1979,466,387,111.00
PLT005,PRT002,2026-06-26,1983,496,580,84.30
PLT005,PRT002,2026-06-27,2190,240,368,45.10
PLT005,PRT002,2026-06-28,1550,156,773,66.60
PLT005,PRT002,2026-06-29,1162,142,515,84.80
PLT005,PRT002,2026-06-30,1869,235,288,140.10
PLT005,PRT002,2026-07-01,235,186,673,23.30
PLT005,PRT002,2026-07-02,965,199,498,65.20
PLT005,PRT002,2026-07-03,1482,221,649,31.20
PLT005,PRT002,2026-07-04,1688,499,200,100.00
PLT005,PRT002,2026-07-05,1900,415,221,66.40
PLT005,PRT002,2026-07-06,520,474,314,107.50
PLT005,PRT002,2026-07-07,423,271,565,151.00
PLT005,PRT002,2026-07-08,1641,272,384,103.60
PLT005,PRT002,2026-07-09,1381,167,668,17.80
PLT005,PRT002,2026-07-10,1195,329,756,146.40
PLT005,PRT002,2026-07-11,1134,389,429,139.10
PLT005,PRT002,2026-07-12,1526,355,667,127.20
PLT005,PRT002,2026-07-13,837,311,487,43.30
PLT005,PRT002,2026-07-14,102,166,528,88.10
PLT005,PRT002,2026-07-15,1426,385,279,71.60
PLT005,PRT002,2026-07-16,1404,368,718,27.50
PLT005,PRT002,2026-07-17,891,323,596,101.80
PLT005,PRT002,2026-07-18,424,382,431,113.20
PLT005,PRT002,2026-07-19,520,270,425,46.40
PLT005,PRT002,2026-07-20,1344,439,470,118.90
PLT005,PRT002,2026-07-21,1367,217,522,20.40
PLT005,PRT002,2026-07-22,1613,208,385,33.70
PLT005,PRT002,2026-07-23,766,396,780,12.70
PLT005,PRT002,2026-07-24,944,357,296,60.60
PLT005,PRT002,2026-07-25,519,498,674,119.00
PLT005,PRT002,2026-07-26,674,225,800,120.30
PLT005,PRT002,2026-07-27,317,404,321,25.90
PLT005,PRT002,2026-07-28,1655,165,308,149.00
PLT005,PRT002,2026-07-29,763,103,783,33.90
PLT005,PRT002,2026-07-30,58,454,269,117.50
PLT005,PRT002,2026-07-31,57,269,781,119.00
PLT005,PRT002,2026-08-01,1454,282,571,80.90
PLT005,PRT002,2026-08-02,822,352,417,145.00
PLT005,PRT002,2026-08-03,1916,314,508,63.60
PLT005,PRT002,2026-08-04,851,102,312,86.10
PLT005,PRT002,2026-08-05,137,377,721,46.00
PLT005,PRT002,2026-08-06,1724,435,562,41.60
PLT005,PRT002,2026-08-07,1372,134,292,36.60
PLT005,PRT002,2026-08-08,1375,305,341,117.80
PLT005,PRT002,2026-08-09,507,368,271,15.60
PLT005,PRT002,2026-08-10,714,203,762,96.70
PLT005,PRT002,2026-08-11,554,325,608,110.90
PLT005,PRT002,2026-08-12,1379,374,642,110.80
PLT005,PRT002,2026-08-13,1461,183,742,29.10
PLT005,PRT002,2026-08-14,581,251,782,92.50
PLT005,PRT002,2026-08-15,298,444,542,128.80
PLT005,PRT002,2026-08-16,755,495,785,106.40
PLT005,PRT002,2026-08-17,1574,433,682,49.90
PLT005,PRT002,2026-08-18,872,227,254,58.10
PLT005,PRT002,2026-08-19,359,344,662,41.50
PLT005,PRT002,2026-08-20,54,119,381,52.50
PLT005,PRT002,2026-08-21,1306,113,716,28.30
PLT005,PRT002,2026-08-22,1592,270,678,95.30
PLT005,PRT002,2026-08-23,1269,326,732,119.10
PLT005,PRT002,2026-08-24,1756,213,552,149.60
PLT005,PRT002,2026-08-25,1315,166,497,82.10
PLT005,PRT002,2026-08-26,1147,473,256,63.20
PLT005,PRT002,2026-08-27,1345,473,460,134.20
PLT005,PRT002,2026-08-28,1210,364,513,144.30
PLT005,PRT002,2026-08-29,525,283,434,53.70
PLT005,PRT002,2026-08-30,1144,236,366,30.30
PLT005,PRT002,2026-08-31,566,116,627,32.40
PLT005,PRT002,2026-09-01,1670,379,430,44.40
PLT005,PRT002,2026-09-02,1591,271,796,71.30
PLT005,PRT002,2026-09-03,1110,247,457,145.20
PLT005,PRT002,2026-09-04,582,231,284,21.40
PLT005,PRT002,2026-09-05,1777,382,636,74.30
PLT005,PRT002,2026-09-06,1987,185,784,135.40
PLT005,PRT002,2026-09-07,646,459,471,82.70
PLT005,PRT002,2026-09-08,1435,463,352,106.10
PLT005,PRT002,2026-09-09,986,111,499,41.20
PLT005,PRT002,2026-09-10,261,346,276,50.00
PLT005,PRT002,2026-09-11,1951,278,250,150.00
PLT005,PRT002,2026-09-12,420,320,742,25.00
PLT005,PRT004,2026-06-15,526,248,523,146.90
PLT005,PRT004,2026-06-16,998,465,672,124.30
PLT005,PRT004,2026-06-17,405,149,582,50.20
PLT005,PRT004,2026-06-18,823,229,439,106.10
PLT005,PRT004,2026-06-19,1203,314,468,25.00
PLT005,PRT004,2026-06-20,1647,390,505,32.60
PLT005,PRT004,2026-06-21,1976,175,328,91.20
PLT005,PRT004,2026-06-22,1657,309,622,118.30
PLT005,PRT004,2026-06-23,1836,464,525,131.00
PLT005,PRT004,2026-06-24,550,247,548,33.40
PLT005,PRT004,2026-06-25,1974,389,282,71.10
PLT005,PRT004,2026-06-26,1944,148,420,142.30
PLT005,PRT004,2026-06-27,1809,170,627,105.80
PLT005,PRT004,2026-06-28,1131,404,473,92.40
PLT005,PRT004,2026-06-29,783,494,510,145.40
PLT005,PRT004,2026-06-30,1676,104,393,107.60
PLT005,PRT004,2026-07-01,669,336,740,12.60
PLT005,PRT004,2026-07-02,1976,137,398,24.00
PLT005,PRT004,2026-07-03,869,166,398,144.90
PLT005,PRT004,2026-07-04,553,242,294,73.90
PLT005,PRT004,2026-07-05,1910,193,628,123.80
PLT005,PRT004,2026-07-06,1187,334,712,136.20
PLT005,PRT004,2026-07-07,1478,274,282,33.60
PLT005,PRT004,2026-07-08,1676,338,480,122.00
PLT005,PRT004,2026-07-09,1315,142,358,84.00
PLT005,PRT004,2026-07-10,510,437,263,92.60
PLT005,PRT004,2026-07-11,647,410,351,58.00
PLT005,PRT004,2026-07-12,445,134,366,131.30
PLT005,PRT004,2026-07-13,1208,446,649,54.00
PLT005,PRT004,2026-07-14,1594,308,243,22.10
PLT005,PRT004,2026-07-15,1445,194,203,133.30
PLT005,PRT004,2026-07-16,1007,398,731,140.50
PLT005,PRT004,2026-07-17,383,100,663,124.60
PLT005,PRT004,2026-07-18,538,445,576,136.90
PLT005,PRT004,2026-07-19,739,302,637,19.30
PLT005,PRT004,2026-07-20,1934,298,286,67.80
PLT005,PRT004,2026-07-21,925,403,236,23.70
PLT005,PRT004,2026-07-22,125,321,413,25.30
PLT005,PRT004,2026-07-23,1428,245,220,145.30
PLT005,PRT004,2026-07-24,934,331,364,92.20
PLT005,PRT004,2026-07-25,839,216,714,88.30
PLT005,PRT004,2026-07-26,1427,461,652,118.60
PLT005,PRT004,2026-07-27,1778,390,424,78.60
PLT005,PRT004,2026-07-28,581,485,242,143.10
PLT005,PRT004,2026-07-29,999,114,406,97.70
PLT005,PRT004,2026-07-30,1432,383,613,24.60
PLT005,PRT004,2026-07-31,1572,230,335,70.80
PLT005,PRT004,2026-08-01,1428,218,221,119.40
PLT005,PRT004,2026-08-02,1283,148,685,25.90
PLT005,PRT004,2026-08-03,379,155,537,29.00
PLT005,PRT004,2026-08-04,1564,373,593,96.00
PLT005,PRT004,2026-08-05,987,479,704,93.00
PLT005,PRT004,2026-08-06,1282,208,245,117.30
PLT005,PRT004,2026-08-07,307,277,604,67.70
PLT005,PRT004,2026-08-08,1595,270,656,124.90
PLT005,PRT004,2026-08-09,1143,164,601,96.60
PLT005,PRT004,2026-08-10,1892,256,402,109.10
PLT005,PRT004,2026-08-11,655,228,532,25.00
PLT005,PRT004,2026-08-12,881,203,577,31.40
PLT005,PRT004,2026-08-13,668,135,525,113.80
PLT005,PRT004,2026-08-14,151,241,513,93.80
PLT005,PRT004,2026-08-15,2084,323,620,85.70
PLT005,PRT004,2026-08-16,2089,464,785,80.70
PLT005,PRT004,2026-08-17,1209,344,723,151.40
PLT005,PRT004,2026-08-18,1597,222,610,38.30
PLT005,PRT004,2026-08-19,110,388,231,109.50
PLT005,PRT004,2026-08-20,1924,412,224,67.40
PLT005,PRT004,2026-08-21,1829,185,478,38.50
PLT005,PRT004,2026-08-22,1058,284,405,138.20
PLT005,PRT004,2026-08-23,276,398,495,44.00
PLT005,PRT004,2026-08-24,999,189,671,63.30
PLT005,PRT004,2026-08-25,957,278,247,19.80
PLT005,PRT004,2026-08-26,265,136,543,134.00
PLT005,PRT004,2026-08-27,489,257,476,140.30
PLT005,PRT004,2026-08-28,669,413,797,25.00
PLT005,PRT004,2026-08-29,2137,488,447,62.30
PLT005,PRT004,2026-08-30,1837,150,504,129.70
PLT005,PRT004,2026-08-31,282,263,388,115.40
PLT005,PRT004,2026-09-01,918,306,684,128.90
PLT005,PRT004,2026-09-02,1868,440,514,60.20
PLT005,PRT004,2026-09-03,1673,258,425,88.10
PLT005,PRT004,2026-09-04,509,418,695,59.70
PLT005,PRT004,2026-09-05,1086,449,626,63.70
PLT005,PRT004,2026-09-06,1410,437,325,115.90
PLT005,PRT004,2026-09-07,1116,208,243,28.90
PLT005,PRT004,2026-09-08,881,226,716,49.70
PLT005,PRT004,2026-09-09,232,306,675,70.50
PLT005,PRT004,2026-09-10,461,245,609,139.10
PLT005,PRT004,2026-09-11,821,107,299,22.00
PLT005,PRT004,2026-09-12,2023,418,791,57.20
PLT005,PRT006,2026-06-15,938,397,532,91.50
PLT005,PRT006,2026-06-16,1023,470,638,29.60
PLT005,PRT006,2026-06-17,229,287,491,87.90
PLT005,PRT006,2026-06-18,1075,188,627,29.40
PLT005,PRT006,2026-06-19,472,415,705,89.80
PLT005,PRT006,2026-06-20,1414,222,570,28.30
PLT005,PRT006,2026-06-21,1721,203,318,50.80
PLT005,PRT006,2026-06-22,348,386,746,14.80
PLT005,PRT006,2026-06-23,1455,414,509,113.00
PLT005,PRT006,2026-06-24,400,393,548,136.40
PLT005,PRT006,2026-06-25,1637,349,552,59.30
PLT005,PRT006,2026-06-26,1469,375,675,149.40
PLT005,PRT006,2026-06-27,738,373,519,24.00
PLT005,PRT006,2026-06-28,1049,326,738,132.60
PLT005,PRT006,2026-06-29,1409,172,550,99.30
PLT005,PRT006,2026-06-30,1158,449,556,52.50
PLT005,PRT006,2026-07-01,276,148,340,117.20
PLT005,PRT006,2026-07-02,703,306,349,50.30
PLT005,PRT006,2026-07-03,1299,428,264,62.90
PLT005,PRT006,2026-07-04,1818,468,678,96.60
PLT005,PRT006,2026-07-05,699,481,578,101.50
PLT005,PRT006,2026-07-06,1783,102,558,117.90
PLT005,PRT006,2026-07-07,1807,175,296,149.20
PLT005,PRT006,2026-07-08,357,223,487,116.60
PLT005,PRT006,2026-07-09,1889,375,452,148.50
PLT005,PRT006,2026-07-10,373,282,524,106.20
PLT005,PRT006,2026-07-11,781,466,289,135.00
PLT005,PRT006,2026-07-12,646,218,341,142.90
PLT005,PRT006,2026-07-13,579,374,649,148.80
PLT005,PRT006,2026-07-14,282,362,424,14.70
PLT005,PRT006,2026-07-15,715,425,400,113.20
PLT005,PRT006,2026-07-16,1964,324,341,85.70
PLT005,PRT006,2026-07-17,645,362,763,21.70
PLT005,PRT006,2026-07-18,1099,494,694,125.10
PLT005,PRT006,2026-07-19,252,251,745,137.60
PLT005,PRT006,2026-07-20,1155,135,585,140.40
PLT005,PRT006,2026-07-21,629,328,600,128.80
PLT005,PRT006,2026-07-22,1013,410,549,104.80
PLT005,PRT006,2026-07-23,575,299,569,22.20
PLT005,PRT006,2026-07-24,92,171,382,19.10
PLT005,PRT006,2026-07-25,444,185,329,131.40
PLT005,PRT006,2026-07-26,885,391,790,85.80
PLT005,PRT006,2026-07-27,622,427,640,39.10
PLT005,PRT006,2026-07-28,374,407,697,59.50
PLT005,PRT006,2026-07-29,833,492,362,72.70
PLT005,PRT006,2026-07-30,1968,184,489,45.30
PLT005,PRT006,2026-07-31,1401,426,300,104.30
PLT005,PRT006,2026-08-01,986,187,551,84.60
PLT005,PRT006,2026-08-02,1040,197,479,135.10
PLT005,PRT006,2026-08-03,1847,434,543,52.00
PLT005,PRT006,2026-08-04,643,219,794,125.70
PLT005,PRT006,2026-08-05,50,288,637,132.90
PLT005,PRT006,2026-08-06,1838,333,544,97.00
PLT005,PRT006,2026-08-07,1633,124,589,102.50
PLT005,PRT006,2026-08-08,1118,254,662,17.50
PLT005,PRT006,2026-08-09,1520,301,256,76.60
PLT005,PRT006,2026-08-10,1596,357,730,37.20
PLT005,PRT006,2026-08-11,1674,178,263,101.20
PLT005,PRT006,2026-08-12,452,103,661,77.50
PLT005,PRT006,2026-08-13,1722,485,467,136.90
PLT005,PRT006,2026-08-14,1979,285,407,107.50
PLT005,PRT006,2026-08-15,1072,242,240,63.40
PLT005,PRT006,2026-08-16,1082,376,792,15.90
PLT005,PRT006,2026-08-17,1963,486,352,118.50
PLT005,PRT006,2026-08-18,943,117,337,100.10
PLT005,PRT006,2026-08-19,1454,318,670,137.90
PLT005,PRT006,2026-08-20,1692,201,786,37.80
PLT005,PRT006,2026-08-21,270,294,465,53.60
PLT005,PRT006,2026-08-22,933,241,676,62.20
PLT005,PRT006,2026-08-23,879,416,485,62.70
PLT005,PRT006,2026-08-24,421,176,459,141.00
PLT005,PRT006,2026-08-25,1350,191,206,26.20
PLT005,PRT006,2026-08-26,641,298,574,50.70
PLT005,PRT006,2026-08-27,1292,371,788,151.30
PLT005,PRT006,2026-08-28,1398,146,403,31.50
PLT005,PRT006,2026-08-29,1154,368,389,15.30
PLT005,PRT006,2026-08-30,824,264,767,31.80
PLT005,PRT006,2026-08-31,141,216,600,108.10
PLT005,PRT006,2026-09-01,1271,453,327,26.10
PLT005,PRT006,2026-09-02,343,366,306,108.80
PLT005,PRT006,2026-09-03,1458,491,452,12.20
PLT005,PRT006,2026-09-04,1602,237,421,31.00
PLT005,PRT006,2026-09-05,1000,283,283,135.10
PLT005,PRT006,2026-09-06,1585,104,771,129.30
PLT005,PRT006,2026-09-07,445,171,689,64.10
PLT005,PRT006,2026-09-08,889,207,234,85.30
PLT005,PRT006,2026-09-09,144,173,415,139.70
PLT005,PRT006,2026-09-10,1240,283,673,46.10
PLT005,PRT006,2026-09-11,1757,468,532,71.90
PLT005,PRT006,2026-09-12,356,329,794,68.90
PLT005,PRT007,2026-06-15,1197,229,535,75.60
PLT005,PRT007,2026-06-16,1591,146,721,93.70
PLT005,PRT007,2026-06-17,1477,147,648,67.20
PLT005,PRT007,2026-06-18,1812,240,273,27.60
PLT005,PRT007,2026-06-19,840,355,622,93.30
PLT005,PRT007,2026-06-20,938,274,715,54.20
PLT005,PRT007,2026-06-21,550,304,570,101.50
PLT005,PRT007,2026-06-22,444,237,606,151.60
PLT005,PRT007,2026-06-23,1663,118,414,35.00
PLT005,PRT007,2026-06-24,611,418,372,147.60
PLT005,PRT007,2026-06-25,415,226,245,89.60
PLT005,PRT007,2026-06-26,1573,496,359,20.80
PLT005,PRT007,2026-06-27,820,370,355,73.40
PLT005,PRT007,2026-06-28,253,180,416,98.80
PLT005,PRT007,2026-06-29,1300,209,206,96.80
PLT005,PRT007,2026-06-30,797,230,487,126.20
PLT005,PRT007,2026-07-01,1269,482,251,89.00
PLT005,PRT007,2026-07-02,1272,404,261,124.50
PLT005,PRT007,2026-07-03,1372,185,589,85.90
PLT005,PRT007,2026-07-04,1390,376,229,109.30
PLT005,PRT007,2026-07-05,809,426,443,107.80
PLT005,PRT007,2026-07-06,1971,327,696,86.70
PLT005,PRT007,2026-07-07,1099,175,688,62.90
PLT005,PRT007,2026-07-08,1440,394,652,109.80
PLT005,PRT007,2026-07-09,1443,326,447,109.10
PLT005,PRT007,2026-07-10,785,217,756,109.20
PLT005,PRT007,2026-07-11,1047,245,393,126.60
PLT005,PRT007,2026-07-12,1897,225,624,25.00
PLT005,PRT007,2026-07-13,314,476,205,67.90
PLT005,PRT007,2026-07-14,225,471,629,138.00
PLT005,PRT007,2026-07-15,151,196,577,147.30
PLT005,PRT007,2026-07-16,221,367,595,23.20
PLT005,PRT007,2026-07-17,546,499,702,139.90
PLT005,PRT007,2026-07-18,620,197,604,109.90
PLT005,PRT007,2026-07-19,743,198,764,91.60
PLT005,PRT007,2026-07-20,1946,388,321,150.00
PLT005,PRT007,2026-07-21,1262,280,654,57.40
PLT005,PRT007,2026-07-22,1942,246,429,138.70
PLT005,PRT007,2026-07-23,1028,500,254,91.60
PLT005,PRT007,2026-07-24,233,318,321,22.50
PLT005,PRT007,2026-07-25,663,461,490,136.30
PLT005,PRT007,2026-07-26,725,112,295,50.00
PLT005,PRT007,2026-07-27,832,229,703,30.00
PLT005,PRT007,2026-07-28,171,256,274,28.20
PLT005,PRT007,2026-07-29,429,219,599,67.50
PLT005,PRT007,2026-07-30,1353,138,558,39.00
PLT005,PRT007,2026-07-31,1203,221,449,92.00
PLT005,PRT007,2026-08-01,1039,210,658,105.80
PLT005,PRT007,2026-08-02,809,256,562,65.10
PLT005,PRT007,2026-08-03,1329,252,362,19.20
PLT005,PRT007,2026-08-04,290,226,540,145.90
PLT005,PRT007,2026-08-05,368,341,289,54.60
PLT005,PRT007,2026-08-06,114,323,357,69.30
PLT005,PRT007,2026-08-07,1551,306,468,40.70
PLT005,PRT007,2026-08-08,2083,287,252,148.50
PLT005,PRT007,2026-08-09,1497,263,213,130.80
PLT005,PRT007,2026-08-10,1918,361,274,25.90
PLT005,PRT007,2026-08-11,1411,423,766,89.50
PLT005,PRT007,2026-08-12,1116,140,502,76.30
PLT005,PRT007,2026-08-13,1692,387,787,49.40
PLT005,PRT007,2026-08-14,1931,291,309,154.80
PLT005,PRT007,2026-08-15,1134,185,634,69.80
PLT005,PRT007,2026-08-16,1532,350,525,45.10
PLT005,PRT007,2026-08-17,1410,477,221,123.30
PLT005,PRT007,2026-08-18,529,123,576,21.10
PLT005,PRT007,2026-08-19,1572,265,238,90.00
PLT005,PRT007,2026-08-20,486,460,201,58.50
PLT005,PRT007,2026-08-21,1841,313,444,70.10
PLT005,PRT007,2026-08-22,1115,370,473,18.20
PLT005,PRT007,2026-08-23,1011,364,516,151.50
PLT005,PRT007,2026-08-24,1351,279,328,90.00
PLT005,PRT007,2026-08-25,1243,394,647,35.50
PLT005,PRT007,2026-08-26,987,192,539,128.90
PLT005,PRT007,2026-08-27,1559,117,570,66.40
PLT005,PRT007,2026-08-28,998,376,373,39.90
PLT005,PRT007,2026-08-29,1906,496,277,129.70
PLT005,PRT007,2026-08-30,451,224,314,71.30
PLT005,PRT007,2026-08-31,1379,215,712,116.90
PLT005,PRT007,2026-09-01,671,371,279,24.40
PLT005,PRT007,2026-09-02,1326,412,628,19.50
PLT005,PRT007,2026-09-03,548,128,741,18.90
PLT005,PRT007,2026-09-04,1048,288,669,88.70
PLT005,PRT007,2026-09-05,808,205,590,94.60
PLT005,PRT007,2026-09-06,1695,357,219,49.60
PLT005,PRT007,2026-09-07,187,274,679,27.10
PLT005,PRT007,2026-09-08,491,448,577,40.00
PLT005,PRT007,2026-09-09,93,218,209,106.90
PLT005,PRT007,2026-09-10,1406,460,256,25.20
PLT005,PRT007,2026-09-11,1978,346,344,36.90
PLT005,PRT007,2026-09-12,2170,236,620,101.70
PLT005,PRT008,2026-06-15,667,366,757,82.80
PLT005,PRT008,2026-06-16,936,465,643,144.80
PLT005,PRT008,2026-06-17,1076,261,379,97.00
PLT005,PRT008,2026-06-18,1754,417,479,66.90
PLT005,PRT008,2026-06-19,1043,113,480,54.70
PLT005,PRT008,2026-06-20,1069,120,226,95.50
PLT005,PRT008,2026-06-21,648,269,728,37.90
PLT005,PRT008,2026-06-22,311,179,218,16.50
PLT005,PRT008,2026-06-23,1727,429,460,94.10
PLT005,PRT008,2026-06-24,692,103,475,26.50
PLT005,PRT008,2026-06-25,919,209,789,76.90
PLT005,PRT008,2026-06-26,230,169,389,114.60
PLT005,PRT008,2026-06-27,779,322,358,20.50
PLT005,PRT008,2026-06-28,2025,481,668,45.00
PLT005,PRT008,2026-06-29,1543,113,583,148.10
PLT005,PRT008,2026-06-30,440,479,755,43.00
PLT005,PRT008,2026-07-01,1057,103,442,110.40
PLT005,PRT008,2026-07-02,1204,220,582,104.50
PLT005,PRT008,2026-07-03,1433,263,545,95.50
PLT005,PRT008,2026-07-04,540,248,716,70.00
PLT005,PRT008,2026-07-05,2014,217,631,131.40
PLT005,PRT008,2026-07-06,1042,317,565,142.30
PLT005,PRT008,2026-07-07,1111,292,366,70.80
PLT005,PRT008,2026-07-08,1450,312,290,71.30
PLT005,PRT008,2026-07-09,440,232,389,95.00
PLT005,PRT008,2026-07-10,1665,478,738,74.50
PLT005,PRT008,2026-07-11,1265,242,625,144.10
PLT005,PRT008,2026-07-12,790,347,748,97.00
PLT005,PRT008,2026-07-13,1314,474,425,104.30
PLT005,PRT008,2026-07-14,947,254,687,26.30
PLT005,PRT008,2026-07-15,150,290,347,103.70
PLT005,PRT008,2026-07-16,55,185,352,47.40
PLT005,PRT008,2026-07-17,1432,149,397,10.40
PLT005,PRT008,2026-07-18,387,337,544,72.50
PLT005,PRT008,2026-07-19,1329,465,711,13.70
PLT005,PRT008,2026-07-20,1350,353,583,82.50
PLT005,PRT008,2026-07-21,473,392,314,125.40
PLT005,PRT008,2026-07-22,1969,476,789,142.70
PLT005,PRT008,2026-07-23,473,232,347,96.30
PLT005,PRT008,2026-07-24,1712,292,569,41.20
PLT005,PRT008,2026-07-25,1717,420,399,34.10
PLT005,PRT008,2026-07-26,1853,498,375,121.50
PLT005,PRT008,2026-07-27,500,425,213,89.70
PLT005,PRT008,2026-07-28,1367,395,774,74.10
PLT005,PRT008,2026-07-29,900,265,278,143.90
PLT005,PRT008,2026-07-30,556,201,581,146.70
PLT005,PRT008,2026-07-31,402,239,322,12.60
PLT005,PRT008,2026-08-01,955,489,284,108.70
PLT005,PRT008,2026-08-02,1637,421,570,78.10
PLT005,PRT008,2026-08-03,1849,487,493,103.90
PLT005,PRT008,2026-08-04,1868,349,740,146.10
PLT005,PRT008,2026-08-05,512,295,569,125.30
PLT005,PRT008,2026-08-06,434,170,344,120.90
PLT005,PRT008,2026-08-07,78,470,721,37.10
PLT005,PRT008,2026-08-08,2077,490,462,127.80
PLT005,PRT008,2026-08-09,1944,336,779,20.10
PLT005,PRT008,2026-08-10,868,153,712,33.90
PLT005,PRT008,2026-08-11,839,392,239,139.00
PLT005,PRT008,2026-08-12,1316,168,222,99.30
PLT005,PRT008,2026-08-13,620,346,669,70.20
PLT005,PRT008,2026-08-14,1054,359,446,142.40
PLT005,PRT008,2026-08-15,1181,243,515,77.90
PLT005,PRT008,2026-08-16,496,162,618,53.50
PLT005,PRT008,2026-08-17,1161,246,468,47.00
PLT005,PRT008,2026-08-18,546,462,344,107.20
PLT005,PRT008,2026-08-19,1304,207,494,19.20
PLT005,PRT008,2026-08-20,1360,489,627,152.70
PLT005,PRT008,2026-08-21,1043,104,500,12.40
PLT005,PRT008,2026-08-22,334,291,313,46.80
PLT005,PRT008,2026-08-23,2064,199,263,67.20
PLT005,PRT008,2026-08-24,1844,483,442,56.80
PLT005,PRT008,2026-08-25,1014,130,728,54.80
PLT005,PRT008,2026-08-26,1891,178,643,43.60
PLT005,PRT008,2026-08-27,221,476,759,108.80
PLT005,PRT008,2026-08-28,454,282,361,84.50
PLT005,PRT008,2026-08-29,1091,131,693,84.60
PLT005,PRT008,2026-08-30,1432,369,267,91.00
PLT005,PRT008,2026-08-31,1875,260,217,33.70
PLT005,PRT008,2026-09-01,1599,439,773,153.10
PLT005,PRT008,2026-09-02,195,376,214,69.40
PLT005,PRT008,2026-09-03,1055,488,430,61.10
PLT005,PRT008,2026-09-04,1813,159,766,104.20
PLT005,PRT008,2026-09-05,607,459,785,128.30
PLT005,PRT008,2026-09-06,1545,440,774,37.30
PLT005,PRT008,2026-09-07,899,338,498,13.10
PLT005,PRT008,2026-09-08,1890,330,284,130.30
PLT005,PRT008,2026-09-09,802,190,459,31.90
PLT005,PRT008,2026-09-10,844,395,241,11.20
PLT005,PRT008,2026-09-11,471,237,734,18.00
PLT005,PRT008,2026-09-12,1522,368,449,33.00
PLT005,PRT009,2026-06-15,1426,394,659,54.60
PLT005,PRT009,2026-06-16,637,273,790,147.50
PLT005,PRT009,2026-06-17,1572,342,695,84.30
PLT005,PRT009,2026-06-18,1446,353,252,16.40
PLT005,PRT009,2026-06-19,260,377,306,85.00
PLT005,PRT009,2026-06-20,281,235,654,72.80
PLT005,PRT009,2026-06-21,276,399,343,20.40
PLT005,PRT009,2026-06-22,1984,294,284,138.40
PLT005,PRT009,2026-06-23,911,403,240,17.60
PLT005,PRT009,2026-06-24,1360,398,215,44.70
PLT005,PRT009,2026-06-25,386,110,744,133.70
PLT005,PRT009,2026-06-26,1249,318,788,36.70
PLT005,PRT009,2026-06-27,1284,322,496,137.00
PLT005,PRT009,2026-06-28,1338,225,333,152.30
PLT005,PRT009,2026-06-29,199,424,749,102.40
PLT005,PRT009,2026-06-30,1994,263,283,62.20
PLT005,PRT009,2026-07-01,783,331,637,144.20
PLT005,PRT009,2026-07-02,899,487,214,17.80
PLT005,PRT009,2026-07-03,1009,303,472,143.80
PLT005,PRT009,2026-07-04,636,382,768,79.80
PLT005,PRT009,2026-07-05,2193,190,784,41.30
PLT005,PRT009,2026-07-06,907,488,545,51.60
PLT005,PRT009,2026-07-07,1954,183,771,14.00
PLT005,PRT009,2026-07-08,1670,472,642,99.30
PLT005,PRT009,2026-07-09,1523,212,510,90.40
PLT005,PRT009,2026-07-10,312,284,348,35.60
PLT005,PRT009,2026-07-11,1544,220,385,118.50
PLT005,PRT009,2026-07-12,2024,438,596,136.10
PLT005,PRT009,2026-07-13,221,392,513,36.60
PLT005,PRT009,2026-07-14,263,447,627,102.40
PLT005,PRT009,2026-07-15,1819,114,332,62.70
PLT005,PRT009,2026-07-16,1168,334,760,136.10
PLT005,PRT009,2026-07-17,85,375,693,89.30
PLT005,PRT009,2026-07-18,819,336,254,100.30
PLT005,PRT009,2026-07-19,993,191,324,62.90
PLT005,PRT009,2026-07-20,222,174,298,58.00
PLT005,PRT009,2026-07-21,1121,119,776,46.70
PLT005,PRT009,2026-07-22,613,217,566,68.40
PLT005,PRT009,2026-07-23,1604,293,736,120.40
PLT005,PRT009,2026-07-24,255,389,352,25.10
PLT005,PRT009,2026-07-25,657,110,740,62.50
PLT005,PRT009,2026-07-26,330,203,607,52.80
PLT005,PRT009,2026-07-27,124,339,254,129.10
PLT005,PRT009,2026-07-28,934,101,678,120.60
PLT005,PRT009,2026-07-29,1352,114,528,42.00
PLT005,PRT009,2026-07-30,1826,402,585,97.20
PLT005,PRT009,2026-07-31,1832,258,632,128.50
PLT005,PRT009,2026-08-01,1266,343,326,136.70
PLT005,PRT009,2026-08-02,1939,403,704,90.10
PLT005,PRT009,2026-08-03,207,267,364,73.20
PLT005,PRT009,2026-08-04,59,280,595,104.20
PLT005,PRT009,2026-08-05,1557,316,549,15.20
PLT005,PRT009,2026-08-06,1738,317,775,97.10
PLT005,PRT009,2026-08-07,663,220,608,147.10
PLT005,PRT009,2026-08-08,1886,476,531,144.60
PLT005,PRT009,2026-08-09,980,168,427,93.80
PLT005,PRT009,2026-08-10,741,491,567,140.80
PLT005,PRT009,2026-08-11,652,469,327,64.70
PLT005,PRT009,2026-08-12,678,135,574,130.90
PLT005,PRT009,2026-08-13,1929,213,558,85.00
PLT005,PRT009,2026-08-14,219,302,680,109.00
PLT005,PRT009,2026-08-15,1115,111,229,42.30
PLT005,PRT009,2026-08-16,2064,247,493,129.90
PLT005,PRT009,2026-08-17,498,366,371,134.60
PLT005,PRT009,2026-08-18,1718,341,313,24.10
PLT005,PRT009,2026-08-19,579,374,491,119.00
PLT005,PRT009,2026-08-20,1500,220,351,103.10
PLT005,PRT009,2026-08-21,794,342,495,129.10
PLT005,PRT009,2026-08-22,366,308,664,132.00
PLT005,PRT009,2026-08-23,1227,392,417,105.00
PLT005,PRT009,2026-08-24,413,219,516,130.10
PLT005,PRT009,2026-08-25,292,360,259,136.50
PLT005,PRT009,2026-08-26,1102,287,620,76.40
PLT005,PRT009,2026-08-27,1604,421,556,130.70
PLT005,PRT009,2026-08-28,546,465,565,16.00
PLT005,PRT009,2026-08-29,1605,315,329,124.40
PLT005,PRT009,2026-08-30,1435,233,769,132.90
PLT005,PRT009,2026-08-31,778,104,565,78.00
PLT005,PRT009,2026-09-01,1472,321,492,68.80
PLT005,PRT009,2026-09-02,756,178,659,90.60
PLT005,PRT009,2026-09-03,847,223,631,100.70
PLT005,PRT009,2026-09-04,1586,354,413,26.40
PLT005,PRT009,2026-09-05,684,215,638,54.60
PLT005,PRT009,2026-09-06,1612,295,369,51.90
PLT005,PRT009,2026-09-07,215,220,683,12.00
PLT005,PRT009,2026-09-08,765,271,403,111.70
PLT005,PRT009,2026-09-09,1486,147,617,24.40
PLT005,PRT009,2026-09-10,829,327,663,136.50
PLT005,PRT009,2026-09-11,539,293,398,84.60
PLT005,PRT009,2026-09-12,590,164,516,77.80
PLT005,PRT012,2026-06-15,1773,142,762,143.50
PLT005,PRT012,2026-06-16,1927,143,212,65.20
PLT005,PRT012,2026-06-17,1041,370,689,104.70
PLT005,PRT012,2026-06-18,982,324,603,64.40
PLT005,PRT012,2026-06-19,687,371,259,113.90
PLT005,PRT012,2026-06-20,2105,176,627,33.30
PLT005,PRT012,2026-06-21,271,282,614,133.20
PLT005,PRT012,2026-06-22,1142,169,221,63.70
PLT005,PRT012,2026-06-23,318,293,482,37.30
PLT005,PRT012,2026-06-24,983,415,424,143.30
PLT005,PRT012,2026-06-25,76,157,341,82.70
PLT005,PRT012,2026-06-26,451,348,280,83.50
PLT005,PRT012,2026-06-27,960,220,724,110.90
PLT005,PRT012,2026-06-28,2091,133,297,147.60
PLT005,PRT012,2026-06-29,1041,392,281,15.50
PLT005,PRT012,2026-06-30,670,355,744,91.50
PLT005,PRT012,2026-07-01,54,414,217,145.00
PLT005,PRT012,2026-07-02,885,417,710,73.20
PLT005,PRT012,2026-07-03,803,381,589,109.10
PLT005,PRT012,2026-07-04,770,313,390,117.90
PLT005,PRT012,2026-07-05,397,246,404,11.00
PLT005,PRT012,2026-07-06,1526,243,390,35.30
PLT005,PRT012,2026-07-07,1340,152,274,81.30
PLT005,PRT012,2026-07-08,1912,283,283,53.70
PLT005,PRT012,2026-07-09,876,206,534,21.60
PLT005,PRT012,2026-07-10,1360,464,525,13.60
PLT005,PRT012,2026-07-11,1029,260,456,83.20
PLT005,PRT012,2026-07-12,1162,353,257,47.20
PLT005,PRT012,2026-07-13,225,333,683,35.00
PLT005,PRT012,2026-07-14,1005,263,408,149.40
PLT005,PRT012,2026-07-15,556,393,722,122.20
PLT005,PRT012,2026-07-16,264,387,390,37.60
PLT005,PRT012,2026-07-17,1105,276,769,120.50
PLT005,PRT012,2026-07-18,744,375,615,79.00
PLT005,PRT012,2026-07-19,1113,364,661,74.90
PLT005,PRT012,2026-07-20,1031,135,687,109.80
PLT005,PRT012,2026-07-21,1841,192,675,85.90
PLT005,PRT012,2026-07-22,1408,279,702,100.50
PLT005,PRT012,2026-07-23,1613,380,287,118.60
PLT005,PRT012,2026-07-24,1566,394,476,92.40
PLT005,PRT012,2026-07-25,2117,356,360,33.40
PLT005,PRT012,2026-07-26,1649,231,738,46.20
PLT005,PRT012,2026-07-27,1555,322,776,143.20
PLT005,PRT012,2026-07-28,970,191,339,138.40
PLT005,PRT012,2026-07-29,1075,196,492,56.80
PLT005,PRT012,2026-07-30,1271,391,392,103.30
PLT005,PRT012,2026-07-31,1522,149,676,46.70
PLT005,PRT012,2026-08-01,432,129,438,130.60
PLT005,PRT012,2026-08-02,1987,290,635,53.60
PLT005,PRT012,2026-08-03,769,215,294,26.60
PLT005,PRT012,2026-08-04,360,251,574,84.70
PLT005,PRT012,2026-08-05,261,160,230,140.20
PLT005,PRT012,2026-08-06,576,221,591,40.50
PLT005,PRT012,2026-08-07,1611,303,262,72.40
PLT005,PRT012,2026-08-08,391,204,245,37.30
PLT005,PRT012,2026-08-09,978,440,501,143.40
PLT005,PRT012,2026-08-10,1889,324,792,30.30
PLT005,PRT012,2026-08-11,858,240,774,81.00
PLT005,PRT012,2026-08-12,449,375,265,127.10
PLT005,PRT012,2026-08-13,1199,220,612,110.20
PLT005,PRT012,2026-08-14,1710,224,361,23.60
PLT005,PRT012,2026-08-15,1811,334,646,12.70
PLT005,PRT012,2026-08-16,1913,227,257,40.20
PLT005,PRT012,2026-08-17,247,154,340,139.60
PLT005,PRT012,2026-08-18,788,257,590,119.20
PLT005,PRT012,2026-08-19,114,242,696,38.30
PLT005,PRT012,2026-08-20,1950,227,515,24.60
PLT005,PRT012,2026-08-21,457,257,552,84.20
PLT005,PRT012,2026-08-22,1221,486,429,30.50
PLT005,PRT012,2026-08-23,732,113,470,82.60
PLT005,PRT012,2026-08-24,1290,259,444,99.50
PLT005,PRT012,2026-08-25,1325,304,724,93.60
PLT005,PRT012,2026-08-26,1667,297,740,113.20
PLT005,PRT012,2026-08-27,1205,175,782,64.90
PLT005,PRT012,2026-08-28,1611,148,348,74.20
PLT005,PRT012,2026-08-29,1956,389,724,90.70
PLT005,PRT012,2026-08-30,896,498,617,99.00
PLT005,PRT012,2026-08-31,1255,174,553,125.90
PLT005,PRT012,2026-09-01,809,342,691,15.00
PLT005,PRT012,2026-09-02,610,171,666,110.30
PLT005,PRT012,2026-09-03,1505,424,433,57.10
PLT005,PRT012,2026-09-04,1273,203,276,145.90
PLT005,PRT012,2026-09-05,2056,193,603,107.10
PLT005,PRT012,2026-09-06,1344,214,656,111.10
PLT005,PRT012,2026-09-07,906,297,285,115.00
PLT005,PRT012,2026-09-08,367,155,420,113.00
PLT005,PRT012,2026-09-09,394,166,464,48.90
PLT005,PRT012,2026-09-10,716,497,375,74.20
PLT005,PRT012,2026-09-11,1552,395,580,73.90
PLT005,PRT012,2026-09-12,707,218,330,65.10
PLT005,PRT016,2026-06-15,1662,440,709,29.60
PLT005,PRT016,2026-06-16,460,346,497,120.60
PLT005,PRT016,2026-06-17,1993,308,345,52.20
PLT005,PRT016,2026-06-18,131,361,553,33.50
PLT005,PRT016,2026-06-19,1181,300,332,39.00
PLT005,PRT016,2026-06-20,970,263,359,147.10
PLT005,PRT016,2026-06-21,351,437,399,92.60
PLT005,PRT016,2026-06-22,525,172,223,112.30
PLT005,PRT016,2026-06-23,1404,335,677,63.40
PLT005,PRT016,2026-06-24,1079,469,316,134.00
PLT005,PRT016,2026-06-25,1227,185,208,45.30
PLT005,PRT016,2026-06-26,1985,353,276,112.90
PLT005,PRT016,2026-06-27,2037,335,580,62.20
PLT005,PRT016,2026-06-28,606,125,683,134.10
PLT005,PRT016,2026-06-29,842,498,627,47.60
PLT005,PRT016,2026-06-30,1568,289,235,106.70
PLT005,PRT016,2026-07-01,1662,471,707,151.80
PLT005,PRT016,2026-07-02,1444,272,590,112.50
PLT005,PRT016,2026-07-03,908,106,531,94.20
PLT005,PRT016,2026-07-04,1029,383,561,63.40
PLT005,PRT016,2026-07-05,785,425,608,124.20
PLT005,PRT016,2026-07-06,442,294,272,145.20
PLT005,PRT016,2026-07-07,1282,256,442,141.30
PLT005,PRT016,2026-07-08,814,306,581,117.50
PLT005,PRT016,2026-07-09,1931,428,240,87.40
PLT005,PRT016,2026-07-10,761,138,205,18.70
PLT005,PRT016,2026-07-11,358,380,746,73.60
PLT005,PRT016,2026-07-12,859,150,729,102.00
PLT005,PRT016,2026-07-13,140,391,242,112.50
PLT005,PRT016,2026-07-14,1791,381,246,33.40
PLT005,PRT016,2026-07-15,333,434,552,39.90
PLT005,PRT016,2026-07-16,1048,159,462,101.00
PLT005,PRT016,2026-07-17,404,129,466,44.20
PLT005,PRT016,2026-07-18,827,259,611,88.20
PLT005,PRT016,2026-07-19,1581,445,616,51.00
PLT005,PRT016,2026-07-20,1539,289,251,152.10
PLT005,PRT016,2026-07-21,1750,398,303,47.50
PLT005,PRT016,2026-07-22,1168,204,549,62.20
PLT005,PRT016,2026-07-23,237,389,584,48.70
PLT005,PRT016,2026-07-24,900,256,654,133.80
PLT005,PRT016,2026-07-25,628,349,775,20.90
PLT005,PRT016,2026-07-26,313,263,533,69.80
PLT005,PRT016,2026-07-27,1797,140,381,92.40
PLT005,PRT016,2026-07-28,1202,253,747,31.00
PLT005,PRT016,2026-07-29,1561,240,457,77.10
PLT005,PRT016,2026-07-30,94,372,482,67.20
PLT005,PRT016,2026-07-31,64,158,764,38.20
PLT005,PRT016,2026-08-01,1428,378,472,109.70
PLT005,PRT016,2026-08-02,315,163,545,132.90
PLT005,PRT016,2026-08-03,1418,227,711,59.80
PLT005,PRT016,2026-08-04,1567,314,496,93.60
PLT005,PRT016,2026-08-05,599,479,276,99.80
PLT005,PRT016,2026-08-06,304,352,288,16.50
PLT005,PRT016,2026-08-07,1413,208,413,50.00
PLT005,PRT016,2026-08-08,336,114,535,140.00
PLT005,PRT016,2026-08-09,1120,209,522,61.40
PLT005,PRT016,2026-08-10,499,424,394,52.60
PLT005,PRT016,2026-08-11,277,317,356,149.70
PLT005,PRT016,2026-08-12,1824,330,345,90.40
PLT005,PRT016,2026-08-13,1433,345,365,70.00
PLT005,PRT016,2026-08-14,1898,225,539,136.90
PLT005,PRT016,2026-08-15,1743,414,498,138.00
PLT005,PRT016,2026-08-16,551,141,563,114.00
PLT005,PRT016,2026-08-17,1190,205,510,90.00
PLT005,PRT016,2026-08-18,589,397,756,31.30
PLT005,PRT016,2026-08-19,1036,117,712,75.00
PLT005,PRT016,2026-08-20,963,265,731,96.70
PLT005,PRT016,2026-08-21,1404,285,242,137.50
PLT005,PRT016,2026-08-22,523,323,239,125.20
PLT005,PRT016,2026-08-23,828,146,627,96.30
PLT005,PRT016,2026-08-24,1586,275,292,144.90
PLT005,PRT016,2026-08-25,1774,325,617,74.40
PLT005,PRT016,2026-08-26,1433,124,508,121.80
PLT005,PRT016,2026-08-27,513,326,786,27.20
PLT005,PRT016,2026-08-28,177,355,660,143.00
PLT005,PRT016,2026-08-29,1744,155,597,123.60
PLT005,PRT016,2026-08-30,1009,360,311,23.00
PLT005,PRT016,2026-08-31,108,278,253,84.70
PLT005,PRT016,2026-09-01,956,332,504,104.80
PLT005,PRT016,2026-09-02,597,328,780,57.40
PLT005,PRT016,2026-09-03,1966,329,793,100.70
PLT005,PRT016,2026-09-04,1953,339,711,21.30
PLT005,PRT016,2026-09-05,1697,386,359,68.80
PLT005,PRT016,2026-09-06,2125,102,522,64.20
PLT005,PRT016,2026-09-07,1907,128,377,17.00
PLT005,PRT016,2026-09-08,1841,462,508,76.30
PLT005,PRT016,2026-09-09,1571,162,393,96.90
PLT005,PRT016,2026-09-10,1971,481,653,152.30
PLT005,PRT016,2026-09-11,567,318,395,118.10
PLT005,PRT016,2026-09-12,1232,425,794,141.70
PLT005,PRT017,2026-06-15,1831,178,587,130.20
PLT005,PRT017,2026-06-16,530,446,631,41.80
PLT005,PRT017,2026-06-17,360,139,393,48.10
PLT005,PRT017,2026-06-18,1019,104,410,16.50
PLT005,PRT017,2026-06-19,1424,283,502,34.10
PLT005,PRT017,2026-06-20,2151,415,689,60.60
PLT005,PRT017,2026-06-21,1265,361,630,143.20
PLT005,PRT017,2026-06-22,772,110,420,94.60
PLT005,PRT017,2026-06-23,1906,183,372,64.60
PLT005,PRT017,2026-06-24,333,180,586,148.50
PLT005,PRT017,2026-06-25,588,349,775,121.80
PLT005,PRT017,2026-06-26,1397,336,468,102.60
PLT005,PRT017,2026-06-27,927,360,264,48.00
PLT005,PRT017,2026-06-28,1098,451,756,53.30
PLT005,PRT017,2026-06-29,1513,483,350,100.70
PLT005,PRT017,2026-06-30,1079,235,747,99.40
PLT005,PRT017,2026-07-01,90,430,796,22.70
PLT005,PRT017,2026-07-02,1193,124,734,90.90
PLT005,PRT017,2026-07-03,1845,474,256,21.60
PLT005,PRT017,2026-07-04,266,173,710,108.90
PLT005,PRT017,2026-07-05,1227,208,230,32.30
PLT005,PRT017,2026-07-06,972,364,340,94.70
PLT005,PRT017,2026-07-07,1816,150,744,23.80
PLT005,PRT017,2026-07-08,346,424,665,77.30
PLT005,PRT017,2026-07-09,873,382,796,20.70
PLT005,PRT017,2026-07-10,316,260,778,144.10
PLT005,PRT017,2026-07-11,1353,277,291,150.30
PLT005,PRT017,2026-07-12,2169,381,468,68.00
PLT005,PRT017,2026-07-13,1543,299,508,27.80
PLT005,PRT017,2026-07-14,455,257,633,42.20
PLT005,PRT017,2026-07-15,1838,465,373,129.50
PLT005,PRT017,2026-07-16,1046,202,723,151.50
PLT005,PRT017,2026-07-17,609,486,212,98.50
PLT005,PRT017,2026-07-18,1377,273,778,53.80
PLT005,PRT017,2026-07-19,990,202,783,142.60
PLT005,PRT017,2026-07-20,929,346,586,41.40
PLT005,PRT017,2026-07-21,1325,263,209,126.40
PLT005,PRT017,2026-07-22,1531,360,691,51.30
PLT005,PRT017,2026-07-23,1806,102,201,78.70
PLT005,PRT017,2026-07-24,1819,403,457,49.20
PLT005,PRT017,2026-07-25,1949,180,277,154.20
PLT005,PRT017,2026-07-26,986,362,326,25.20
PLT005,PRT017,2026-07-27,502,414,769,64.60
PLT005,PRT017,2026-07-28,407,251,324,17.40
PLT005,PRT017,2026-07-29,692,185,632,123.70
PLT005,PRT017,2026-07-30,1349,496,572,24.50
PLT005,PRT017,2026-07-31,647,446,538,80.90
PLT005,PRT017,2026-08-01,1079,328,524,46.50
PLT005,PRT017,2026-08-02,637,166,227,35.10
PLT005,PRT017,2026-08-03,1539,278,463,100.30
PLT005,PRT017,2026-08-04,739,381,611,44.60
PLT005,PRT017,2026-08-05,604,158,421,135.60
PLT005,PRT017,2026-08-06,1771,458,616,114.70
PLT005,PRT017,2026-08-07,1405,498,286,135.60
PLT005,PRT017,2026-08-08,1578,303,562,35.70
PLT005,PRT017,2026-08-09,811,342,495,146.90
PLT005,PRT017,2026-08-10,683,279,354,144.80
PLT005,PRT017,2026-08-11,597,274,669,78.10
PLT005,PRT017,2026-08-12,1632,340,683,53.70
PLT005,PRT017,2026-08-13,1285,473,292,83.30
PLT005,PRT017,2026-08-14,1668,248,382,116.30
PLT005,PRT017,2026-08-15,1991,373,425,70.60
PLT005,PRT017,2026-08-16,1547,374,691,127.30
PLT005,PRT017,2026-08-17,839,264,449,16.70
PLT005,PRT017,2026-08-18,1208,328,209,42.00
PLT005,PRT017,2026-08-19,300,222,276,110.50
PLT005,PRT017,2026-08-20,1757,174,675,116.00
PLT005,PRT017,2026-08-21,1851,322,628,76.00
PLT005,PRT017,2026-08-22,742,316,343,108.10
PLT005,PRT017,2026-08-23,568,326,497,14.00
PLT005,PRT017,2026-08-24,1347,355,718,57.80
PLT005,PRT017,2026-08-25,1903,118,785,23.90
PLT005,PRT017,2026-08-26,531,232,480,38.20
PLT005,PRT017,2026-08-27,1285,346,719,77.40
PLT005,PRT017,2026-08-28,1961,114,363,83.90
PLT005,PRT017,2026-08-29,738,346,555,49.40
PLT005,PRT017,2026-08-30,488,150,568,43.30
PLT005,PRT017,2026-08-31,544,318,751,84.40
PLT005,PRT017,2026-09-01,1453,318,238,148.70
PLT005,PRT017,2026-09-02,241,446,474,91.80
PLT005,PRT017,2026-09-03,1984,444,457,153.50
PLT005,PRT017,2026-09-04,441,253,773,117.60
PLT005,PRT017,2026-09-05,461,428,290,92.10
PLT005,PRT017,2026-09-06,1945,441,201,140.10
PLT005,PRT017,2026-09-07,1286,428,773,82.40
PLT005,PRT017,2026-09-08,302,182,605,41.60
PLT005,PRT017,2026-09-09,794,189,291,110.50
PLT005,PRT017,2026-09-10,1295,392,245,50.90
PLT005,PRT017,2026-09-11,1610,295,599,151.40
PLT005,PRT017,2026-09-12,1675,428,508,55.00
PLT005,PRT018,2026-06-15,404,420,580,109.30
PLT005,PRT018,2026-06-16,1894,466,482,74.80
PLT005,PRT018,2026-06-17,968,497,492,23.00
PLT005,PRT018,2026-06-18,387,151,546,26.70
PLT005,PRT018,2026-06-19,1276,492,441,95.30
PLT005,PRT018,2026-06-20,1720,310,481,94.00
PLT005,PRT018,2026-06-21,1204,316,453,126.70
PLT005,PRT018,2026-06-22,291,379,441,60.20
PLT005,PRT018,2026-06-23,698,154,526,142.50
PLT005,PRT018,2026-06-24,1661,292,493,110.40
PLT005,PRT018,2026-06-25,613,219,784,84.00
PLT005,PRT018,2026-06-26,85,414,367,80.00
PLT005,PRT018,2026-06-27,1717,451,766,48.70
PLT005,PRT018,2026-06-28,252,380,447,80.90
PLT005,PRT018,2026-06-29,246,167,660,20.30
PLT005,PRT018,2026-06-30,333,451,788,44.50
PLT005,PRT018,2026-07-01,1888,240,638,64.50
PLT005,PRT018,2026-07-02,313,468,653,37.70
PLT005,PRT018,2026-07-03,483,176,374,128.60
PLT005,PRT018,2026-07-04,1043,191,524,16.50
PLT005,PRT018,2026-07-05,1067,187,337,29.20
PLT005,PRT018,2026-07-06,569,314,324,61.30
PLT005,PRT018,2026-07-07,252,264,750,131.80
PLT005,PRT018,2026-07-08,768,305,563,80.80
PLT005,PRT018,2026-07-09,1000,493,716,18.40
PLT005,PRT018,2026-07-10,691,397,380,21.20
PLT005,PRT018,2026-07-11,1816,146,673,86.30
PLT005,PRT018,2026-07-12,1358,203,450,10.00
PLT005,PRT018,2026-07-13,203,121,293,65.80
PLT005,PRT018,2026-07-14,865,448,711,97.60
PLT005,PRT018,2026-07-15,1812,180,414,12.70
PLT005,PRT018,2026-07-16,333,406,534,90.10
PLT005,PRT018,2026-07-17,762,145,800,150.80
PLT005,PRT018,2026-07-18,2060,270,514,59.10
PLT005,PRT018,2026-07-19,1470,264,583,46.00
PLT005,PRT018,2026-07-20,1698,409,544,56.80
PLT005,PRT018,2026-07-21,513,345,645,126.50
PLT005,PRT018,2026-07-22,1827,375,663,13.80
PLT005,PRT018,2026-07-23,171,158,543,53.90
PLT005,PRT018,2026-07-24,1199,142,320,66.90
PLT005,PRT018,2026-07-25,739,269,765,43.30
PLT005,PRT018,2026-07-26,1266,153,617,107.00
PLT005,PRT018,2026-07-27,833,493,310,144.60
PLT005,PRT018,2026-07-28,1573,127,430,142.60
PLT005,PRT018,2026-07-29,796,345,556,93.00
PLT005,PRT018,2026-07-30,517,441,790,131.50
PLT005,PRT018,2026-07-31,236,343,496,27.80
PLT005,PRT018,2026-08-01,1441,395,378,85.60
PLT005,PRT018,2026-08-02,1622,246,324,21.70
PLT005,PRT018,2026-08-03,567,232,552,90.80
PLT005,PRT018,2026-08-04,1072,397,337,66.60
PLT005,PRT018,2026-08-05,514,419,318,68.00
PLT005,PRT018,2026-08-06,578,382,281,67.50
PLT005,PRT018,2026-08-07,1537,120,287,128.80
PLT005,PRT018,2026-08-08,1922,121,742,64.90
PLT005,PRT018,2026-08-09,1593,362,630,132.60
PLT005,PRT018,2026-08-10,1644,426,642,71.60
PLT005,PRT018,2026-08-11,172,417,298,125.60
PLT005,PRT018,2026-08-12,338,287,701,46.00
PLT005,PRT018,2026-08-13,1624,329,791,142.60
PLT005,PRT018,2026-08-14,1656,171,619,122.60
PLT005,PRT018,2026-08-15,1203,128,773,93.00
PLT005,PRT018,2026-08-16,1540,361,666,57.20
PLT005,PRT018,2026-08-17,478,289,463,14.60
PLT005,PRT018,2026-08-18,685,482,466,98.90
PLT005,PRT018,2026-08-19,1625,283,660,58.90
PLT005,PRT018,2026-08-20,1090,481,552,154.40
PLT005,PRT018,2026-08-21,934,498,709,41.30
PLT005,PRT018,2026-08-22,1070,121,689,126.70
PLT005,PRT018,2026-08-23,1997,326,692,42.70
PLT005,PRT018,2026-08-24,490,166,646,47.60
PLT005,PRT018,2026-08-25,570,380,243,70.20
PLT005,PRT018,2026-08-26,1079,497,295,76.40
PLT005,PRT018,2026-08-27,1685,279,538,84.00
PLT005,PRT018,2026-08-28,1341,157,471,66.20
PLT005,PRT018,2026-08-29,1480,490,545,15.70
PLT005,PRT018,2026-08-30,1007,312,722,19.90
PLT005,PRT018,2026-08-31,1680,104,674,102.50
PLT005,PRT018,2026-09-01,492,370,768,73.50
PLT005,PRT018,2026-09-02,255,376,420,76.80
PLT005,PRT018,2026-09-03,752,172,328,136.90
PLT005,PRT018,2026-09-04,692,171,583,117.90
PLT005,PRT018,2026-09-05,2042,294,241,57.90
PLT005,PRT018,2026-09-06,1252,207,798,88.20
PLT005,PRT018,2026-09-07,1706,341,533,115.00
PLT005,PRT018,2026-09-08,51,206,770,154.00
PLT005,PRT018,2026-09-09,859,289,487,84.30
PLT005,PRT018,2026-09-10,552,446,461,31.20
PLT005,PRT018,2026-09-11,953,381,788,84.00
PLT005,PRT018,2026-09-12,1530,448,498,102.10
PLT005,PRT019,2026-06-15,1768,236,418,65.70
PLT005,PRT019,2026-06-16,844,336,279,53.70
PLT005,PRT019,2026-06-17,853,140,330,66.60
PLT005,PRT019,2026-06-18,968,496,347,107.60
PLT005,PRT019,2026-06-19,1171,457,558,31.60
PLT005,PRT019,2026-06-20,582,114,343,138.70
PLT005,PRT019,2026-06-21,283,217,310,89.00
PLT005,PRT019,2026-06-22,1963,102,404,92.60
PLT005,PRT019,2026-06-23,190,178,758,118.40
PLT005,PRT019,2026-06-24,1152,393,788,144.40
PLT005,PRT019,2026-06-25,1148,241,366,136.00
PLT005,PRT019,2026-06-26,911,445,551,123.20
PLT005,PRT019,2026-06-27,881,102,268,96.40
PLT005,PRT019,2026-06-28,1942,407,285,13.40
PLT005,PRT019,2026-06-29,1810,100,442,56.30
PLT005,PRT019,2026-06-30,1062,277,333,146.70
PLT005,PRT019,2026-07-01,1836,462,285,82.10
PLT005,PRT019,2026-07-02,1380,156,486,101.30
PLT005,PRT019,2026-07-03,1572,124,554,52.80
PLT005,PRT019,2026-07-04,1314,235,206,87.20
PLT005,PRT019,2026-07-05,821,369,707,81.10
PLT005,PRT019,2026-07-06,1246,237,702,39.00
PLT005,PRT019,2026-07-07,435,479,678,13.90
PLT005,PRT019,2026-07-08,917,490,474,47.70
PLT005,PRT019,2026-07-09,478,129,741,15.30
PLT005,PRT019,2026-07-10,708,290,416,94.70
PLT005,PRT019,2026-07-11,2185,194,583,67.10
PLT005,PRT019,2026-07-12,1818,321,228,56.90
PLT005,PRT019,2026-07-13,1069,205,440,83.20
PLT005,PRT019,2026-07-14,1608,269,277,136.60
PLT005,PRT019,2026-07-15,1560,315,452,38.00
PLT005,PRT019,2026-07-16,1626,487,521,75.20
PLT005,PRT019,2026-07-17,1514,258,342,108.00
PLT005,PRT019,2026-07-18,2072,124,290,27.30
PLT005,PRT019,2026-07-19,751,402,422,105.00
PLT005,PRT019,2026-07-20,719,342,524,144.10
PLT005,PRT019,2026-07-21,687,466,744,153.90
PLT005,PRT019,2026-07-22,823,427,433,90.90
PLT005,PRT019,2026-07-23,727,162,696,110.60
PLT005,PRT019,2026-07-24,860,228,572,145.80
PLT005,PRT019,2026-07-25,824,329,214,127.70
PLT005,PRT019,2026-07-26,398,356,529,32.40
PLT005,PRT019,2026-07-27,409,377,414,116.60
PLT005,PRT019,2026-07-28,1039,406,629,54.80
PLT005,PRT019,2026-07-29,72,129,569,29.80
PLT005,PRT019,2026-07-30,1884,337,552,38.00
PLT005,PRT019,2026-07-31,185,357,792,91.10
PLT005,PRT019,2026-08-01,619,344,420,49.20
PLT005,PRT019,2026-08-02,854,488,256,40.50
PLT005,PRT019,2026-08-03,1928,204,481,54.30
PLT005,PRT019,2026-08-04,487,480,208,107.60
PLT005,PRT019,2026-08-05,605,156,702,37.50
PLT005,PRT019,2026-08-06,1269,438,547,121.40
PLT005,PRT019,2026-08-07,182,291,427,28.30
PLT005,PRT019,2026-08-08,1524,195,230,88.90
PLT005,PRT019,2026-08-09,1502,277,659,13.10
PLT005,PRT019,2026-08-10,778,400,317,20.70
PLT005,PRT019,2026-08-11,1595,217,526,75.30
PLT005,PRT019,2026-08-12,273,374,268,79.40
PLT005,PRT019,2026-08-13,800,287,606,52.00
PLT005,PRT019,2026-08-14,538,215,292,78.50
PLT005,PRT019,2026-08-15,1030,275,627,27.20
PLT005,PRT019,2026-08-16,1713,309,793,20.30
PLT005,PRT019,2026-08-17,705,405,208,109.40
PLT005,PRT019,2026-08-18,1403,295,471,134.40
PLT005,PRT019,2026-08-19,1008,487,443,39.30
PLT005,PRT019,2026-08-20,1098,371,336,86.40
PLT005,PRT019,2026-08-21,947,325,599,140.50
PLT005,PRT019,2026-08-22,932,166,647,37.40
PLT005,PRT019,2026-08-23,1889,195,480,121.40
PLT005,PRT019,2026-08-24,795,480,576,75.70
PLT005,PRT019,2026-08-25,1126,360,578,52.80
PLT005,PRT019,2026-08-26,1390,247,318,77.60
PLT005,PRT019,2026-08-27,85,151,238,129.50
PLT005,PRT019,2026-08-28,1459,392,406,116.50
PLT005,PRT019,2026-08-29,453,478,411,108.20
PLT005,PRT019,2026-08-30,1469,180,204,122.90
PLT005,PRT019,2026-08-31,177,420,585,115.50
PLT005,PRT019,2026-09-01,1472,177,282,104.70
PLT005,PRT019,2026-09-02,529,186,369,135.80
PLT005,PRT019,2026-09-03,1441,302,500,20.00
PLT005,PRT019,2026-09-04,1443,142,355,89.10
PLT005,PRT019,2026-09-05,1684,235,614,112.00
PLT005,PRT019,2026-09-06,1680,151,675,69.40
PLT005,PRT019,2026-09-07,1554,367,200,81.40
PLT005,PRT019,2026-09-08,225,243,443,131.40
PLT005,PRT019,2026-09-09,1077,320,429,141.10
PLT005,PRT019,2026-09-10,1783,223,292,120.70
PLT005,PRT019,2026-09-11,866,474,409,98.20
PLT005,PRT019,2026-09-12,372,221,550,92.70
PLT005,PRT020,2026-06-15,220,350,679,99.50
PLT005,PRT020,2026-06-16,1777,457,415,81.60
PLT005,PRT020,2026-06-17,1209,408,591,125.60
PLT005,PRT020,2026-06-18,400,189,202,39.90
PLT005,PRT020,2026-06-19,668,349,374,145.00
PLT005,PRT020,2026-06-20,1371,499,278,125.80
PLT005,PRT020,2026-06-21,315,446,375,100.80
PLT005,PRT020,2026-06-22,1416,174,637,98.90
PLT005,PRT020,2026-06-23,1100,495,207,96.90
PLT005,PRT020,2026-06-24,680,403,332,119.00
PLT005,PRT020,2026-06-25,1984,420,279,147.50
PLT005,PRT020,2026-06-26,1347,125,610,25.40
PLT005,PRT020,2026-06-27,2058,241,266,129.50
PLT005,PRT020,2026-06-28,1371,348,477,132.60
PLT005,PRT020,2026-06-29,696,111,716,82.10
PLT005,PRT020,2026-06-30,89,325,758,66.10
PLT005,PRT020,2026-07-01,1519,360,325,96.90
PLT005,PRT020,2026-07-02,446,415,539,27.10
PLT005,PRT020,2026-07-03,1566,367,705,106.20
PLT005,PRT020,2026-07-04,1195,349,643,21.80
PLT005,PRT020,2026-07-05,834,212,300,117.90
PLT005,PRT020,2026-07-06,1621,493,316,134.60
PLT005,PRT020,2026-07-07,1162,277,314,136.60
PLT005,PRT020,2026-07-08,1611,495,668,66.80
PLT005,PRT020,2026-07-09,1373,434,433,39.70
PLT005,PRT020,2026-07-10,271,346,302,19.30
PLT005,PRT020,2026-07-11,1513,117,525,25.20
PLT005,PRT020,2026-07-12,2032,371,766,97.70
PLT005,PRT020,2026-07-13,1775,458,509,36.90
PLT005,PRT020,2026-07-14,108,399,508,34.70
PLT005,PRT020,2026-07-15,1959,436,345,14.90
PLT005,PRT020,2026-07-16,121,325,473,131.70
PLT005,PRT020,2026-07-17,1068,163,368,60.80
PLT005,PRT020,2026-07-18,1531,267,237,81.20
PLT005,PRT020,2026-07-19,2105,317,706,102.50
PLT005,PRT020,2026-07-20,228,303,288,85.40
PLT005,PRT020,2026-07-21,733,172,715,101.90
PLT005,PRT020,2026-07-22,1414,498,779,115.30
PLT005,PRT020,2026-07-23,1315,389,705,120.30
PLT005,PRT020,2026-07-24,1812,421,507,139.10
PLT005,PRT020,2026-07-25,1410,456,414,107.90
PLT005,PRT020,2026-07-26,1373,177,281,136.60
PLT005,PRT020,2026-07-27,197,109,559,78.00
PLT005,PRT020,2026-07-28,596,281,256,57.50
PLT005,PRT020,2026-07-29,1678,477,724,92.40
PLT005,PRT020,2026-07-30,1228,294,633,103.30
PLT005,PRT020,2026-07-31,1382,112,642,40.80
PLT005,PRT020,2026-08-01,1331,129,348,97.70
PLT005,PRT020,2026-08-02,352,381,659,150.70
PLT005,PRT020,2026-08-03,296,206,274,124.10
PLT005,PRT020,2026-08-04,1806,291,534,99.20
PLT005,PRT020,2026-08-05,311,232,757,71.40
PLT005,PRT020,2026-08-06,1005,113,492,68.70
PLT005,PRT020,2026-08-07,1116,284,367,32.70
PLT005,PRT020,2026-08-08,1392,360,206,150.50
PLT005,PRT020,2026-08-09,1456,246,601,97.70
PLT005,PRT020,2026-08-10,1491,132,384,56.50
PLT005,PRT020,2026-08-11,230,481,516,50.40
PLT005,PRT020,2026-08-12,288,266,677,17.90
PLT005,PRT020,2026-08-13,1596,323,326,71.30
PLT005,PRT020,2026-08-14,702,134,392,37.50
PLT005,PRT020,2026-08-15,2153,287,567,104.50
PLT005,PRT020,2026-08-16,1140,434,404,57.20
PLT005,PRT020,2026-08-17,1675,154,310,153.20
PLT005,PRT020,2026-08-18,897,489,491,51.60
PLT005,PRT020,2026-08-19,1332,302,615,82.60
PLT005,PRT020,2026-08-20,945,418,380,25.60
PLT005,PRT020,2026-08-21,619,390,364,148.40
PLT005,PRT020,2026-08-22,705,359,756,36.50
PLT005,PRT020,2026-08-23,2085,400,217,137.60
PLT005,PRT020,2026-08-24,833,436,294,146.60
PLT005,PRT020,2026-08-25,786,424,257,68.00
PLT005,PRT020,2026-08-26,1158,453,493,35.70
PLT005,PRT020,2026-08-27,1227,229,563,36.50
PLT005,PRT020,2026-08-28,1925,159,288,41.90
PLT005,PRT020,2026-08-29,1072,344,443,27.30
PLT005,PRT020,2026-08-30,2047,134,618,99.80
PLT005,PRT020,2026-08-31,1401,370,440,133.10
PLT005,PRT020,2026-09-01,1605,315,771,71.60
PLT005,PRT020,2026-09-02,1682,148,326,65.00
PLT005,PRT020,2026-09-03,219,263,329,17.30
PLT005,PRT020,2026-09-04,1635,115,788,77.80
PLT005,PRT020,2026-09-05,2160,381,404,57.30
PLT005,PRT020,2026-09-06,893,139,622,37.80
PLT005,PRT020,2026-09-07,964,190,343,45.40
PLT005,PRT020,2026-09-08,1453,193,335,78.00
PLT005,PRT020,2026-09-09,1550,282,312,78.70
PLT005,PRT020,2026-09-10,1602,164,590,117.40
PLT005,PRT020,2026-09-11,1227,409,232,71.10
PLT005,PRT020,2026-09-12,1373,438,489,142.80
PLT006,PRT001,2026-06-15,1333,102,454,44.80
PLT006,PRT001,2026-06-16,119,183,349,17.80
PLT006,PRT001,2026-06-17,1002,432,336,59.20
PLT006,PRT001,2026-06-18,1818,478,613,154.90
PLT006,PRT001,2026-06-19,323,148,566,103.30
PLT006,PRT001,2026-06-20,495,129,576,63.50
PLT006,PRT001,2026-06-21,1688,249,366,51.00
PLT006,PRT001,2026-06-22,1740,188,711,98.40
PLT006,PRT001,2026-06-23,1649,154,611,133.70
PLT006,PRT001,2026-06-24,1534,457,200,72.50
PLT006,PRT001,2026-06-25,1896,258,441,94.20
PLT006,PRT001,2026-06-26,1379,182,382,88.70
PLT006,PRT001,2026-06-27,786,281,688,82.20
PLT006,PRT001,2026-06-28,2077,205,402,28.00
PLT006,PRT001,2026-06-29,917,263,509,126.50
PLT006,PRT001,2026-06-30,1256,386,528,142.20
PLT006,PRT001,2026-07-01,317,486,276,55.30
PLT006,PRT001,2026-07-02,1296,252,733,142.40
PLT006,PRT001,2026-07-03,1655,136,284,113.10
PLT006,PRT001,2026-07-04,1258,354,648,153.30
PLT006,PRT001,2026-07-05,2094,393,786,30.60
PLT006,PRT001,2026-07-06,1966,311,488,70.80
PLT006,PRT001,2026-07-07,336,472,680,57.50
PLT006,PRT001,2026-07-08,1845,204,320,33.00
PLT006,PRT001,2026-07-09,1409,274,602,38.40
PLT006,PRT001,2026-07-10,1953,337,660,104.30
PLT006,PRT001,2026-07-11,1396,418,587,22.00
PLT006,PRT001,2026-07-12,1021,150,542,81.00
PLT006,PRT001,2026-07-13,1401,478,264,54.60
PLT006,PRT001,2026-07-14,1471,459,410,131.80
PLT006,PRT001,2026-07-15,1067,435,529,36.80
PLT006,PRT001,2026-07-16,1013,475,318,90.00
PLT006,PRT001,2026-07-17,863,103,726,35.20
PLT006,PRT001,2026-07-18,2192,149,333,122.90
PLT006,PRT001,2026-07-19,701,202,707,101.70
PLT006,PRT001,2026-07-20,1680,242,550,107.90
PLT006,PRT001,2026-07-21,1796,419,563,113.20
PLT006,PRT001,2026-07-22,110,391,624,117.50
PLT006,PRT001,2026-07-23,1571,131,533,140.30
PLT006,PRT001,2026-07-24,794,114,511,148.20
PLT006,PRT001,2026-07-25,1378,494,786,94.80
PLT006,PRT001,2026-07-26,1201,234,229,138.70
PLT006,PRT001,2026-07-27,780,306,438,57.80
PLT006,PRT001,2026-07-28,986,455,401,142.40
PLT006,PRT001,2026-07-29,952,459,498,43.20
PLT006,PRT001,2026-07-30,1737,415,406,46.30
PLT006,PRT001,2026-07-31,1141,327,743,104.30
PLT006,PRT001,2026-08-01,1811,464,623,132.10
PLT006,PRT001,2026-08-02,530,137,251,98.30
PLT006,PRT001,2026-08-03,1938,480,433,118.50
PLT006,PRT001,2026-08-04,338,293,536,48.60
PLT006,PRT001,2026-08-05,299,171,535,134.90
PLT006,PRT001,2026-08-06,1007,130,362,39.90
PLT006,PRT001,2026-08-07,249,207,794,79.00
PLT006,PRT001,2026-08-08,553,448,423,65.80
PLT006,PRT001,2026-08-09,1095,300,554,141.30
PLT006,PRT001,2026-08-10,1757,362,443,144.80
PLT006,PRT001,2026-08-11,667,211,799,114.30
PLT006,PRT001,2026-08-12,1844,407,467,65.10
PLT006,PRT001,2026-08-13,1794,468,438,115.90
PLT006,PRT001,2026-08-14,638,441,309,126.10
PLT006,PRT001,2026-08-15,1745,337,452,91.00
PLT006,PRT001,2026-08-16,1337,428,499,69.30
PLT006,PRT001,2026-08-17,657,238,242,85.10
PLT006,PRT001,2026-08-18,1620,139,719,140.30
PLT006,PRT001,2026-08-19,913,209,706,13.40
PLT006,PRT001,2026-08-20,1263,191,522,60.20
PLT006,PRT001,2026-08-21,698,288,743,85.10
PLT006,PRT001,2026-08-22,2066,414,396,73.50
PLT006,PRT001,2026-08-23,1115,444,627,114.60
PLT006,PRT001,2026-08-24,681,258,227,132.40
PLT006,PRT001,2026-08-25,69,108,390,120.70
PLT006,PRT001,2026-08-26,171,189,755,47.20
PLT006,PRT001,2026-08-27,499,497,271,31.80
PLT006,PRT001,2026-08-28,1907,454,790,40.90
PLT006,PRT001,2026-08-29,1416,184,212,138.60
PLT006,PRT001,2026-08-30,695,469,327,63.70
PLT006,PRT001,2026-08-31,671,417,511,145.30
PLT006,PRT001,2026-09-01,1916,272,609,126.40
PLT006,PRT001,2026-09-02,673,478,793,92.40
PLT006,PRT001,2026-09-03,1267,194,525,30.00
PLT006,PRT001,2026-09-04,1283,402,541,52.10
PLT006,PRT001,2026-09-05,403,304,458,40.70
PLT006,PRT001,2026-09-06,576,478,373,19.00
PLT006,PRT001,2026-09-07,1541,451,525,145.30
PLT006,PRT001,2026-09-08,1344,320,261,94.10
PLT006,PRT001,2026-09-09,409,309,757,131.30
PLT006,PRT001,2026-09-10,364,255,607,144.00
PLT006,PRT001,2026-09-11,1224,427,323,93.00
PLT006,PRT001,2026-09-12,1505,104,476,88.30
PLT006,PRT002,2026-06-15,1923,377,737,65.00
PLT006,PRT002,2026-06-16,256,122,270,138.30
PLT006,PRT002,2026-06-17,1386,123,206,18.80
PLT006,PRT002,2026-06-18,1377,292,525,147.00
PLT006,PRT002,2026-06-19,1615,349,464,41.30
PLT006,PRT002,2026-06-20,559,375,510,54.30
PLT006,PRT002,2026-06-21,1465,219,457,83.80
PLT006,PRT002,2026-06-22,1860,170,266,150.50
PLT006,PRT002,2026-06-23,432,128,637,71.50
PLT006,PRT002,2026-06-24,294,216,434,52.60
PLT006,PRT002,2026-06-25,1185,345,394,128.80
PLT006,PRT002,2026-06-26,1357,236,485,106.60
PLT006,PRT002,2026-06-27,1048,233,611,102.00
PLT006,PRT002,2026-06-28,1194,322,735,53.60
PLT006,PRT002,2026-06-29,505,351,419,84.40
PLT006,PRT002,2026-06-30,1318,211,396,109.80
PLT006,PRT002,2026-07-01,1638,458,349,111.60
PLT006,PRT002,2026-07-02,1339,445,353,43.10
PLT006,PRT002,2026-07-03,1917,174,313,115.30
PLT006,PRT002,2026-07-04,1888,132,393,121.80
PLT006,PRT002,2026-07-05,540,196,588,59.70
PLT006,PRT002,2026-07-06,1385,224,274,55.20
PLT006,PRT002,2026-07-07,1589,477,798,148.30
PLT006,PRT002,2026-07-08,1518,202,331,78.50
PLT006,PRT002,2026-07-09,894,325,619,101.60
PLT006,PRT002,2026-07-10,1133,327,670,134.80
PLT006,PRT002,2026-07-11,1210,153,554,26.20
PLT006,PRT002,2026-07-12,649,436,668,142.00
PLT006,PRT002,2026-07-13,100,136,784,124.40
PLT006,PRT002,2026-07-14,938,125,412,129.90
PLT006,PRT002,2026-07-15,1667,451,302,129.00
PLT006,PRT002,2026-07-16,1578,403,769,92.50
PLT006,PRT002,2026-07-17,1236,233,559,68.30
PLT006,PRT002,2026-07-18,1065,337,283,99.00
PLT006,PRT002,2026-07-19,591,389,443,107.70
PLT006,PRT002,2026-07-20,794,304,244,24.00
PLT006,PRT002,2026-07-21,1044,396,639,38.50
PLT006,PRT002,2026-07-22,1800,377,797,112.40
PLT006,PRT002,2026-07-23,1479,286,323,108.40
PLT006,PRT002,2026-07-24,201,365,459,96.80
PLT006,PRT002,2026-07-25,386,155,303,13.30
PLT006,PRT002,2026-07-26,1890,444,416,74.20
PLT006,PRT002,2026-07-27,1801,227,475,113.20
PLT006,PRT002,2026-07-28,1111,174,635,26.20
PLT006,PRT002,2026-07-29,311,380,496,31.90
PLT006,PRT002,2026-07-30,565,257,789,18.90
PLT006,PRT002,2026-07-31,574,432,664,132.20
PLT006,PRT002,2026-08-01,1864,301,283,94.50
PLT006,PRT002,2026-08-02,1917,308,675,18.00
PLT006,PRT002,2026-08-03,426,347,423,13.70
PLT006,PRT002,2026-08-04,109,264,278,31.90
PLT006,PRT002,2026-08-05,1330,240,670,80.30
PLT006,PRT002,2026-08-06,1823,138,721,92.20
PLT006,PRT002,2026-08-07,1956,457,458,90.00
PLT006,PRT002,2026-08-08,825,247,330,94.00
PLT006,PRT002,2026-08-09,1234,265,276,115.80
PLT006,PRT002,2026-08-10,1764,193,277,115.90
PLT006,PRT002,2026-08-11,1923,392,698,36.30
PLT006,PRT002,2026-08-12,1254,159,214,30.60
PLT006,PRT002,2026-08-13,1203,385,293,112.20
PLT006,PRT002,2026-08-14,1607,350,490,21.10
PLT006,PRT002,2026-08-15,1141,349,428,30.00
PLT006,PRT002,2026-08-16,1994,153,678,134.40
PLT006,PRT002,2026-08-17,208,316,721,112.90
PLT006,PRT002,2026-08-18,1993,143,501,82.40
PLT006,PRT002,2026-08-19,1639,470,510,129.10
PLT006,PRT002,2026-08-20,1275,310,470,79.40
PLT006,PRT002,2026-08-21,1463,471,774,146.40
PLT006,PRT002,2026-08-22,1616,437,461,74.40
PLT006,PRT002,2026-08-23,1230,450,435,102.10
PLT006,PRT002,2026-08-24,543,343,510,94.10
PLT006,PRT002,2026-08-25,465,144,580,19.10
PLT006,PRT002,2026-08-26,1996,174,431,59.90
PLT006,PRT002,2026-08-27,126,269,618,88.80
PLT006,PRT002,2026-08-28,812,410,308,91.90
PLT006,PRT002,2026-08-29,1701,337,754,91.60
PLT006,PRT002,2026-08-30,2000,461,720,74.00
PLT006,PRT002,2026-08-31,358,402,379,65.20
PLT006,PRT002,2026-09-01,1678,372,738,140.80
PLT006,PRT002,2026-09-02,791,481,477,108.20
PLT006,PRT002,2026-09-03,1970,320,435,65.60
PLT006,PRT002,2026-09-04,1813,279,671,134.50
PLT006,PRT002,2026-09-05,255,156,475,107.30
PLT006,PRT002,2026-09-06,1177,441,263,122.20
PLT006,PRT002,2026-09-07,319,488,756,134.90
PLT006,PRT002,2026-09-08,435,218,362,137.30
PLT006,PRT002,2026-09-09,1743,486,311,101.90
PLT006,PRT002,2026-09-10,1845,176,241,140.10
PLT006,PRT002,2026-09-11,1277,415,782,147.40
PLT006,PRT002,2026-09-12,1746,288,623,75.00
PLT006,PRT004,2026-06-15,1937,332,305,74.90
PLT006,PRT004,2026-06-16,1364,463,678,98.20
PLT006,PRT004,2026-06-17,542,356,656,129.30
PLT006,PRT004,2026-06-18,1728,258,528,34.40
PLT006,PRT004,2026-06-19,1712,297,598,99.60
PLT006,PRT004,2026-06-20,1484,307,760,100.00
PLT006,PRT004,2026-06-21,1383,435,602,84.20
PLT006,PRT004,2026-06-22,944,152,499,82.70
PLT006,PRT004,2026-06-23,574,311,531,20.20
PLT006,PRT004,2026-06-24,1190,445,719,119.20
PLT006,PRT004,2026-06-25,1768,483,481,146.80
PLT006,PRT004,2026-06-26,1032,446,286,46.50
PLT006,PRT004,2026-06-27,1376,489,236,130.40
PLT006,PRT004,2026-06-28,483,248,470,40.70
PLT006,PRT004,2026-06-29,1206,474,675,54.30
PLT006,PRT004,2026-06-30,1358,302,484,85.50
PLT006,PRT004,2026-07-01,1158,492,374,146.70
PLT006,PRT004,2026-07-02,997,286,390,47.40
PLT006,PRT004,2026-07-03,851,443,750,115.80
PLT006,PRT004,2026-07-04,454,429,222,62.80
PLT006,PRT004,2026-07-05,1039,284,424,139.70
PLT006,PRT004,2026-07-06,273,326,383,16.70
PLT006,PRT004,2026-07-07,854,221,431,28.10
PLT006,PRT004,2026-07-08,1690,229,775,86.90
PLT006,PRT004,2026-07-09,1207,433,583,145.20
PLT006,PRT004,2026-07-10,548,420,731,15.80
PLT006,PRT004,2026-07-11,2183,221,689,64.50
PLT006,PRT004,2026-07-12,1392,132,301,134.30
PLT006,PRT004,2026-07-13,569,369,731,40.80
PLT006,PRT004,2026-07-14,1130,392,293,106.00
PLT006,PRT004,2026-07-15,1620,489,253,29.20
PLT006,PRT004,2026-07-16,1503,137,426,140.00
PLT006,PRT004,2026-07-17,965,337,495,19.10
PLT006,PRT004,2026-07-18,1378,164,339,68.70
PLT006,PRT004,2026-07-19,650,369,589,31.50
PLT006,PRT004,2026-07-20,1521,392,779,131.80
PLT006,PRT004,2026-07-21,1565,268,224,36.30
PLT006,PRT004,2026-07-22,222,383,714,26.10
PLT006,PRT004,2026-07-23,1022,139,680,57.50
PLT006,PRT004,2026-07-24,1157,304,219,83.70
PLT006,PRT004,2026-07-25,318,412,482,67.60
PLT006,PRT004,2026-07-26,414,472,796,70.50
PLT006,PRT004,2026-07-27,541,463,645,39.50
PLT006,PRT004,2026-07-28,711,165,355,139.90
PLT006,PRT004,2026-07-29,775,114,250,17.00
PLT006,PRT004,2026-07-30,146,127,651,30.30
PLT006,PRT004,2026-07-31,1630,245,431,22.00
PLT006,PRT004,2026-08-01,1568,115,219,120.10
PLT006,PRT004,2026-08-02,1632,494,706,104.40
PLT006,PRT004,2026-08-03,880,161,505,53.60
PLT006,PRT004,2026-08-04,1651,392,637,30.90
PLT006,PRT004,2026-08-05,696,304,676,21.70
PLT006,PRT004,2026-08-06,1952,433,451,107.20
PLT006,PRT004,2026-08-07,53,324,684,38.20
PLT006,PRT004,2026-08-08,379,450,560,144.80
PLT006,PRT004,2026-08-09,988,441,449,55.80
PLT006,PRT004,2026-08-10,708,425,576,148.10
PLT006,PRT004,2026-08-11,1728,347,349,124.40
PLT006,PRT004,2026-08-12,1404,221,617,103.90
PLT006,PRT004,2026-08-13,1567,462,351,120.00
PLT006,PRT004,2026-08-14,528,256,568,62.20
PLT006,PRT004,2026-08-15,1745,130,502,134.80
PLT006,PRT004,2026-08-16,470,423,558,42.20
PLT006,PRT004,2026-08-17,571,154,665,31.60
PLT006,PRT004,2026-08-18,1772,154,709,90.50
PLT006,PRT004,2026-08-19,1400,450,779,29.30
PLT006,PRT004,2026-08-20,1012,213,445,107.80
PLT006,PRT004,2026-08-21,1374,281,425,47.20
PLT006,PRT004,2026-08-22,787,323,479,64.50
PLT006,PRT004,2026-08-23,508,324,415,95.90
PLT006,PRT004,2026-08-24,1119,433,691,119.10
PLT006,PRT004,2026-08-25,206,283,393,13.00
PLT006,PRT004,2026-08-26,1893,217,459,51.90
PLT006,PRT004,2026-08-27,1034,390,406,38.70
PLT006,PRT004,2026-08-28,300,375,395,38.90
PLT006,PRT004,2026-08-29,473,116,600,121.00
PLT006,PRT004,2026-08-30,1715,107,451,141.00
PLT006,PRT004,2026-08-31,631,329,574,84.60
PLT006,PRT004,2026-09-01,1554,301,632,88.50
PLT006,PRT004,2026-09-02,1195,162,750,81.60
PLT006,PRT004,2026-09-03,584,302,484,91.80
PLT006,PRT004,2026-09-04,677,108,459,87.00
PLT006,PRT004,2026-09-05,565,263,505,101.50
PLT006,PRT004,2026-09-06,492,211,340,66.20
PLT006,PRT004,2026-09-07,272,185,399,121.00
PLT006,PRT004,2026-09-08,1873,210,533,84.80
PLT006,PRT004,2026-09-09,1187,348,319,86.40
PLT006,PRT004,2026-09-10,1835,125,581,143.30
PLT006,PRT004,2026-09-11,1148,255,742,95.10
PLT006,PRT004,2026-09-12,1947,268,449,20.30
PLT006,PRT005,2026-06-15,889,366,220,93.90
PLT006,PRT005,2026-06-16,686,364,241,90.70
PLT006,PRT005,2026-06-17,1399,219,651,85.60
PLT006,PRT005,2026-06-18,1145,414,515,26.80
PLT006,PRT005,2026-06-19,1911,102,308,83.80
PLT006,PRT005,2026-06-20,1542,219,482,70.80
PLT006,PRT005,2026-06-21,2152,299,201,120.00
PLT006,PRT005,2026-06-22,608,283,509,141.30
PLT006,PRT005,2026-06-23,1161,467,206,138.80
PLT006,PRT005,2026-06-24,1877,375,447,39.60
PLT006,PRT005,2026-06-25,1193,205,531,110.50
PLT006,PRT005,2026-06-26,1690,311,444,113.90
PLT006,PRT005,2026-06-27,2113,126,747,55.00
PLT006,PRT005,2026-06-28,331,401,250,52.80
PLT006,PRT005,2026-06-29,820,392,243,132.90
PLT006,PRT005,2026-06-30,180,484,594,142.00
PLT006,PRT005,2026-07-01,1712,132,769,140.00
PLT006,PRT005,2026-07-02,1454,166,359,87.10
PLT006,PRT005,2026-07-03,1102,304,500,152.30
PLT006,PRT005,2026-07-04,470,211,535,151.50
PLT006,PRT005,2026-07-05,1333,275,380,150.70
PLT006,PRT005,2026-07-06,1006,282,526,131.30
PLT006,PRT005,2026-07-07,1268,418,630,62.60
PLT006,PRT005,2026-07-08,1271,409,658,84.00
PLT006,PRT005,2026-07-09,786,154,532,140.90
PLT006,PRT005,2026-07-10,1745,448,769,47.20
PLT006,PRT005,2026-07-11,745,282,767,119.30
PLT006,PRT005,2026-07-12,972,163,638,42.10
PLT006,PRT005,2026-07-13,291,361,644,37.90
PLT006,PRT005,2026-07-14,301,205,293,87.00
PLT006,PRT005,2026-07-15,736,288,205,38.00
PLT006,PRT005,2026-07-16,1286,360,264,16.90
PLT006,PRT005,2026-07-17,860,424,656,82.30
PLT006,PRT005,2026-07-18,253,251,401,133.00
PLT006,PRT005,2026-07-19,1233,291,214,94.90
PLT006,PRT005,2026-07-20,261,280,254,129.20
PLT006,PRT005,2026-07-21,350,398,628,111.90
PLT006,PRT005,2026-07-22,660,447,700,32.50
PLT006,PRT005,2026-07-23,677,242,546,16.20
PLT006,PRT005,2026-07-24,162,481,707,134.40
PLT006,PRT005,2026-07-25,1561,114,235,150.30
PLT006,PRT005,2026-07-26,1687,144,478,17.10
PLT006,PRT005,2026-07-27,1918,423,406,63.10
PLT006,PRT005,2026-07-28,1706,246,692,63.80
PLT006,PRT005,2026-07-29,126,492,327,39.30
PLT006,PRT005,2026-07-30,1321,281,657,62.00
PLT006,PRT005,2026-07-31,189,359,256,14.90
PLT006,PRT005,2026-08-01,1349,433,791,49.80
PLT006,PRT005,2026-08-02,958,499,607,111.70
PLT006,PRT005,2026-08-03,161,452,304,151.00
PLT006,PRT005,2026-08-04,192,340,322,76.80
PLT006,PRT005,2026-08-05,1114,379,356,32.60
PLT006,PRT005,2026-08-06,611,278,432,48.20
PLT006,PRT005,2026-08-07,421,182,618,131.60
PLT006,PRT005,2026-08-08,733,100,665,151.70
PLT006,PRT005,2026-08-09,1409,295,729,99.60
PLT006,PRT005,2026-08-10,776,135,213,80.80
PLT006,PRT005,2026-08-11,164,102,428,72.80
PLT006,PRT005,2026-08-12,1741,475,510,38.00
PLT006,PRT005,2026-08-13,707,262,393,47.40
PLT006,PRT005,2026-08-14,1869,439,703,127.40
PLT006,PRT005,2026-08-15,1827,293,346,73.70
PLT006,PRT005,2026-08-16,356,143,245,145.60
PLT006,PRT005,2026-08-17,1810,106,692,29.90
PLT006,PRT005,2026-08-18,1705,194,209,81.30
PLT006,PRT005,2026-08-19,332,320,545,115.10
PLT006,PRT005,2026-08-20,1391,297,202,92.70
PLT006,PRT005,2026-08-21,611,132,288,44.30
PLT006,PRT005,2026-08-22,2055,166,277,51.00
PLT006,PRT005,2026-08-23,2092,371,216,57.70
PLT006,PRT005,2026-08-24,612,104,486,133.40
PLT006,PRT005,2026-08-25,1034,321,348,32.10
PLT006,PRT005,2026-08-26,1670,461,612,29.20
PLT006,PRT005,2026-08-27,1408,222,281,136.70
PLT006,PRT005,2026-08-28,1635,355,674,88.80
PLT006,PRT005,2026-08-29,561,192,786,83.30
PLT006,PRT005,2026-08-30,264,361,719,97.60
PLT006,PRT005,2026-08-31,1576,453,254,109.10
PLT006,PRT005,2026-09-01,534,102,776,96.40
PLT006,PRT005,2026-09-02,466,412,229,132.00
PLT006,PRT005,2026-09-03,1354,410,618,47.70
PLT006,PRT005,2026-09-04,1628,440,620,143.80
PLT006,PRT005,2026-09-05,828,205,429,141.90
PLT006,PRT005,2026-09-06,1509,129,721,82.20
PLT006,PRT005,2026-09-07,1643,150,777,94.50
PLT006,PRT005,2026-09-08,174,264,526,45.60
PLT006,PRT005,2026-09-09,517,229,755,54.00
PLT006,PRT005,2026-09-10,551,434,570,122.40
PLT006,PRT005,2026-09-11,1395,276,773,20.40
PLT006,PRT005,2026-09-12,1354,342,298,13.90
PLT006,PRT008,2026-06-15,449,408,268,33.80
PLT006,PRT008,2026-06-16,476,311,386,135.70
PLT006,PRT008,2026-06-17,579,450,382,60.10
PLT006,PRT008,2026-06-18,1054,361,299,21.50
PLT006,PRT008,2026-06-19,1442,234,575,113.10
PLT006,PRT008,2026-06-20,1901,473,241,91.50
PLT006,PRT008,2026-06-21,696,323,394,21.80
PLT006,PRT008,2026-06-22,948,246,551,122.00
PLT006,PRT008,2026-06-23,1002,122,234,90.20
PLT006,PRT008,2026-06-24,1461,249,552,101.20
PLT006,PRT008,2026-06-25,1880,214,307,84.70
PLT006,PRT008,2026-06-26,1243,378,274,95.90
PLT006,PRT008,2026-06-27,622,228,696,107.70
PLT006,PRT008,2026-06-28,1686,262,318,44.40
PLT006,PRT008,2026-06-29,1082,348,665,57.60
PLT006,PRT008,2026-06-30,1725,177,639,86.00
PLT006,PRT008,2026-07-01,514,198,670,128.70
PLT006,PRT008,2026-07-02,1560,158,723,95.20
PLT006,PRT008,2026-07-03,1593,208,314,111.00
PLT006,PRT008,2026-07-04,751,448,680,67.20
PLT006,PRT008,2026-07-05,975,453,279,100.20
PLT006,PRT008,2026-07-06,1819,321,221,84.90
PLT006,PRT008,2026-07-07,808,101,431,52.60
PLT006,PRT008,2026-07-08,156,436,758,150.20
PLT006,PRT008,2026-07-09,579,252,326,42.50
PLT006,PRT008,2026-07-10,550,328,214,139.50
PLT006,PRT008,2026-07-11,1525,234,582,30.00
PLT006,PRT008,2026-07-12,558,162,573,22.10
PLT006,PRT008,2026-07-13,1111,370,311,138.00
PLT006,PRT008,2026-07-14,857,344,700,27.60
PLT006,PRT008,2026-07-15,272,376,632,19.60
PLT006,PRT008,2026-07-16,739,338,432,136.30
PLT006,PRT008,2026-07-17,829,476,710,69.70
PLT006,PRT008,2026-07-18,1121,103,648,36.20
PLT006,PRT008,2026-07-19,779,141,481,146.50
PLT006,PRT008,2026-07-20,295,412,560,106.70
PLT006,PRT008,2026-07-21,1078,333,733,51.80
PLT006,PRT008,2026-07-22,885,302,281,24.60
PLT006,PRT008,2026-07-23,730,164,320,73.40
PLT006,PRT008,2026-07-24,857,368,417,84.80
PLT006,PRT008,2026-07-25,1821,280,492,139.90
PLT006,PRT008,2026-07-26,557,337,321,106.70
PLT006,PRT008,2026-07-27,161,272,603,46.50
PLT006,PRT008,2026-07-28,980,447,750,108.20
PLT006,PRT008,2026-07-29,412,422,691,28.20
PLT006,PRT008,2026-07-30,836,120,742,49.20
PLT006,PRT008,2026-07-31,1906,357,432,91.50
PLT006,PRT008,2026-08-01,888,243,621,78.70
PLT006,PRT008,2026-08-02,1533,313,592,49.80
PLT006,PRT008,2026-08-03,1773,429,315,151.60
PLT006,PRT008,2026-08-04,196,191,516,108.30
PLT006,PRT008,2026-08-05,1287,141,410,61.10
PLT006,PRT008,2026-08-06,720,433,410,140.70
PLT006,PRT008,2026-08-07,861,244,303,150.00
PLT006,PRT008,2026-08-08,483,387,663,21.60
PLT006,PRT008,2026-08-09,1933,382,200,122.50
PLT006,PRT008,2026-08-10,420,451,419,29.00
PLT006,PRT008,2026-08-11,940,131,541,95.30
PLT006,PRT008,2026-08-12,103,273,325,34.60
PLT006,PRT008,2026-08-13,622,238,691,27.70
PLT006,PRT008,2026-08-14,1436,389,558,37.70
PLT006,PRT008,2026-08-15,1630,322,633,96.70
PLT006,PRT008,2026-08-16,505,453,558,90.50
PLT006,PRT008,2026-08-17,1673,251,611,86.60
PLT006,PRT008,2026-08-18,1912,189,545,104.10
PLT006,PRT008,2026-08-19,233,195,345,48.10
PLT006,PRT008,2026-08-20,190,382,264,122.30
PLT006,PRT008,2026-08-21,1698,489,467,64.70
PLT006,PRT008,2026-08-22,352,142,258,57.70
PLT006,PRT008,2026-08-23,2040,465,312,85.60
PLT006,PRT008,2026-08-24,1807,217,795,153.60
PLT006,PRT008,2026-08-25,902,345,555,21.80
PLT006,PRT008,2026-08-26,1633,316,446,135.70
PLT006,PRT008,2026-08-27,574,239,610,37.30
PLT006,PRT008,2026-08-28,818,110,568,26.30
PLT006,PRT008,2026-08-29,2076,217,405,51.50
PLT006,PRT008,2026-08-30,1036,498,758,13.60
PLT006,PRT008,2026-08-31,831,477,527,129.50
PLT006,PRT008,2026-09-01,824,153,705,139.40
PLT006,PRT008,2026-09-02,1477,294,697,39.20
PLT006,PRT008,2026-09-03,373,324,702,151.00
PLT006,PRT008,2026-09-04,929,450,359,85.90
PLT006,PRT008,2026-09-05,706,140,403,14.10
PLT006,PRT008,2026-09-06,811,241,447,54.80
PLT006,PRT008,2026-09-07,418,344,789,140.30
PLT006,PRT008,2026-09-08,243,476,717,127.50
PLT006,PRT008,2026-09-09,1117,399,531,50.30
PLT006,PRT008,2026-09-10,1651,101,752,43.40
PLT006,PRT008,2026-09-11,1533,219,704,25.00
PLT006,PRT008,2026-09-12,1089,213,318,73.00
PLT006,PRT010,2026-06-15,686,374,624,86.90
PLT006,PRT010,2026-06-16,647,126,339,139.50
PLT006,PRT010,2026-06-17,153,500,753,78.00
PLT006,PRT010,2026-06-18,403,101,324,62.80
PLT006,PRT010,2026-06-19,1251,276,622,151.40
PLT006,PRT010,2026-06-20,957,104,260,31.00
PLT006,PRT010,2026-06-21,624,206,703,146.00
PLT006,PRT010,2026-06-22,1903,182,224,61.40
PLT006,PRT010,2026-06-23,439,477,629,49.20
PLT006,PRT010,2026-06-24,498,316,689,42.30
PLT006,PRT010,2026-06-25,240,370,276,121.10
PLT006,PRT010,2026-06-26,95,441,466,42.60
PLT006,PRT010,2026-06-27,2088,371,570,143.80
PLT006,PRT010,2026-06-28,459,459,515,129.00
PLT006,PRT010,2026-06-29,357,354,622,124.40
PLT006,PRT010,2026-06-30,1644,278,697,120.40
PLT006,PRT010,2026-07-01,735,338,601,37.00
PLT006,PRT010,2026-07-02,956,378,686,27.40
PLT006,PRT010,2026-07-03,446,373,424,56.40
PLT006,PRT010,2026-07-04,1319,494,672,136.60
PLT006,PRT010,2026-07-05,1058,470,208,70.20
PLT006,PRT010,2026-07-06,1338,467,700,34.60
PLT006,PRT010,2026-07-07,628,468,664,45.10
PLT006,PRT010,2026-07-08,536,198,455,87.50
PLT006,PRT010,2026-07-09,1887,405,330,73.70
PLT006,PRT010,2026-07-10,1397,236,703,123.30
PLT006,PRT010,2026-07-11,738,259,800,48.40
PLT006,PRT010,2026-07-12,1763,250,219,120.70
PLT006,PRT010,2026-07-13,947,391,607,110.10
PLT006,PRT010,2026-07-14,239,409,391,63.60
PLT006,PRT010,2026-07-15,1032,332,518,32.40
PLT006,PRT010,2026-07-16,1430,408,703,107.00
PLT006,PRT010,2026-07-17,1979,496,597,93.70
PLT006,PRT010,2026-07-18,2095,461,663,38.60
PLT006,PRT010,2026-07-19,1705,241,685,40.20
PLT006,PRT010,2026-07-20,221,152,316,29.60
PLT006,PRT010,2026-07-21,110,174,708,36.20
PLT006,PRT010,2026-07-22,1228,295,502,122.90
PLT006,PRT010,2026-07-23,1879,249,619,54.30
PLT006,PRT010,2026-07-24,1048,439,368,44.10
PLT006,PRT010,2026-07-25,1751,205,226,21.80
PLT006,PRT010,2026-07-26,1323,367,327,37.70
PLT006,PRT010,2026-07-27,420,197,469,72.10
PLT006,PRT010,2026-07-28,986,137,384,134.20
PLT006,PRT010,2026-07-29,158,310,264,123.00
PLT006,PRT010,2026-07-30,1202,124,444,121.70
PLT006,PRT010,2026-07-31,1820,199,403,100.20
PLT006,PRT010,2026-08-01,1073,144,704,49.10
PLT006,PRT010,2026-08-02,2122,479,316,24.30
PLT006,PRT010,2026-08-03,1717,111,643,91.40
PLT006,PRT010,2026-08-04,261,422,228,38.70
PLT006,PRT010,2026-08-05,284,106,541,82.10
PLT006,PRT010,2026-08-06,1281,353,647,34.60
PLT006,PRT010,2026-08-07,906,219,668,29.60
PLT006,PRT010,2026-08-08,1392,419,349,120.50
PLT006,PRT010,2026-08-09,1701,107,430,138.60
PLT006,PRT010,2026-08-10,1245,220,653,105.20
PLT006,PRT010,2026-08-11,1059,381,755,73.80
PLT006,PRT010,2026-08-12,953,179,346,50.30
PLT006,PRT010,2026-08-13,707,396,448,142.10
PLT006,PRT010,2026-08-14,825,218,517,145.40
PLT006,PRT010,2026-08-15,579,448,752,136.60
PLT006,PRT010,2026-08-16,371,294,569,17.90
PLT006,PRT010,2026-08-17,1710,181,659,131.50
PLT006,PRT010,2026-08-18,1036,283,355,78.20
PLT006,PRT010,2026-08-19,1449,222,629,59.50
PLT006,PRT010,2026-08-20,1807,339,650,90.90
PLT006,PRT010,2026-08-21,154,342,415,101.00
PLT006,PRT010,2026-08-22,420,230,611,36.90
PLT006,PRT010,2026-08-23,1522,203,219,110.40
PLT006,PRT010,2026-08-24,339,377,605,111.20
PLT006,PRT010,2026-08-25,1880,246,373,77.20
PLT006,PRT010,2026-08-26,1136,424,776,119.10
PLT006,PRT010,2026-08-27,142,374,605,77.70
PLT006,PRT010,2026-08-28,1412,288,577,120.10
PLT006,PRT010,2026-08-29,1021,352,284,18.10
PLT006,PRT010,2026-08-30,1366,468,713,30.60
PLT006,PRT010,2026-08-31,1525,247,200,147.20
PLT006,PRT010,2026-09-01,839,180,341,128.10
PLT006,PRT010,2026-09-02,607,467,408,29.00
PLT006,PRT010,2026-09-03,1382,300,533,36.40
PLT006,PRT010,2026-09-04,1946,485,460,102.00
PLT006,PRT010,2026-09-05,1935,238,649,124.50
PLT006,PRT010,2026-09-06,1418,294,564,142.40
PLT006,PRT010,2026-09-07,524,197,776,54.00
PLT006,PRT010,2026-09-08,598,328,738,38.90
PLT006,PRT010,2026-09-09,1500,403,786,51.10
PLT006,PRT010,2026-09-10,1892,464,202,91.20
PLT006,PRT010,2026-09-11,455,104,654,106.60
PLT006,PRT010,2026-09-12,1378,159,254,135.40
PLT006,PRT011,2026-06-15,1825,132,421,15.00
PLT006,PRT011,2026-06-16,1750,429,639,36.50
PLT006,PRT011,2026-06-17,1408,127,334,129.50
PLT006,PRT011,2026-06-18,930,198,408,69.50
PLT006,PRT011,2026-06-19,1821,326,302,110.20
PLT006,PRT011,2026-06-20,1549,318,282,114.50
PLT006,PRT011,2026-06-21,776,135,472,19.20
PLT006,PRT011,2026-06-22,1001,219,417,62.30
PLT006,PRT011,2026-06-23,1713,152,537,88.40
PLT006,PRT011,2026-06-24,281,257,663,75.60
PLT006,PRT011,2026-06-25,1313,153,486,36.20
PLT006,PRT011,2026-06-26,1118,478,539,81.40
PLT006,PRT011,2026-06-27,1219,375,712,97.70
PLT006,PRT011,2026-06-28,493,365,727,51.90
PLT006,PRT011,2026-06-29,1331,135,380,36.00
PLT006,PRT011,2026-06-30,1086,422,257,20.50
PLT006,PRT011,2026-07-01,286,110,617,42.90
PLT006,PRT011,2026-07-02,1560,307,678,66.30
PLT006,PRT011,2026-07-03,246,328,244,136.70
PLT006,PRT011,2026-07-04,1613,123,726,67.30
PLT006,PRT011,2026-07-05,1257,455,448,114.30
PLT006,PRT011,2026-07-06,814,192,618,99.00
PLT006,PRT011,2026-07-07,1293,209,414,20.60
PLT006,PRT011,2026-07-08,532,499,234,82.70
PLT006,PRT011,2026-07-09,988,417,666,105.40
PLT006,PRT011,2026-07-10,213,279,430,26.00
PLT006,PRT011,2026-07-11,1024,408,205,95.10
PLT006,PRT011,2026-07-12,1705,399,708,68.90
PLT006,PRT011,2026-07-13,1939,103,299,81.30
PLT006,PRT011,2026-07-14,477,232,665,107.90
PLT006,PRT011,2026-07-15,504,249,415,43.80
PLT006,PRT011,2026-07-16,1796,290,511,37.70
PLT006,PRT011,2026-07-17,1861,146,369,87.60
PLT006,PRT011,2026-07-18,406,444,203,67.00
PLT006,PRT011,2026-07-19,1422,238,326,33.20
PLT006,PRT011,2026-07-20,1079,206,400,137.90
PLT006,PRT011,2026-07-21,1493,461,417,141.60
PLT006,PRT011,2026-07-22,1098,471,726,43.70
PLT006,PRT011,2026-07-23,1895,269,498,133.90
PLT006,PRT011,2026-07-24,598,224,703,108.10
PLT006,PRT011,2026-07-25,744,354,289,48.80
PLT006,PRT011,2026-07-26,1120,106,659,134.10
PLT006,PRT011,2026-07-27,760,457,706,109.90
PLT006,PRT011,2026-07-28,170,327,764,122.90
PLT006,PRT011,2026-07-29,322,351,320,55.70
PLT006,PRT011,2026-07-30,1445,445,208,142.30
PLT006,PRT011,2026-07-31,800,368,746,106.70
PLT006,PRT011,2026-08-01,1033,116,714,32.50
PLT006,PRT011,2026-08-02,1973,132,576,43.90
PLT006,PRT011,2026-08-03,537,397,720,38.10
PLT006,PRT011,2026-08-04,625,483,710,80.00
PLT006,PRT011,2026-08-05,1903,479,401,54.30
PLT006,PRT011,2026-08-06,1212,145,597,22.80
PLT006,PRT011,2026-08-07,1637,386,585,109.70
PLT006,PRT011,2026-08-08,800,367,519,99.00
PLT006,PRT011,2026-08-09,1767,136,530,29.10
PLT006,PRT011,2026-08-10,640,288,777,39.60
PLT006,PRT011,2026-08-11,1479,409,786,28.90
PLT006,PRT011,2026-08-12,519,401,775,148.00
PLT006,PRT011,2026-08-13,83,288,544,144.20
PLT006,PRT011,2026-08-14,729,209,390,118.20
PLT006,PRT011,2026-08-15,1306,453,289,103.00
PLT006,PRT011,2026-08-16,1950,328,725,34.20
PLT006,PRT011,2026-08-17,224,316,238,18.60
PLT006,PRT011,2026-08-18,165,490,382,79.60
PLT006,PRT011,2026-08-19,629,146,473,135.60
PLT006,PRT011,2026-08-20,882,234,443,66.40
PLT006,PRT011,2026-08-21,1902,185,221,44.10
PLT006,PRT011,2026-08-22,1605,486,428,114.10
PLT006,PRT011,2026-08-23,822,351,681,146.00
PLT006,PRT011,2026-08-24,1015,286,336,79.00
PLT006,PRT011,2026-08-25,1812,299,460,141.00
PLT006,PRT011,2026-08-26,641,301,617,28.50
PLT006,PRT011,2026-08-27,1043,361,368,67.20
PLT006,PRT011,2026-08-28,869,495,743,72.00
PLT006,PRT011,2026-08-29,513,125,593,54.30
PLT006,PRT011,2026-08-30,1773,273,421,43.80
PLT006,PRT011,2026-08-31,559,123,766,22.00
PLT006,PRT011,2026-09-01,195,111,638,55.90
PLT006,PRT011,2026-09-02,995,232,745,98.20
PLT006,PRT011,2026-09-03,176,274,476,137.80
PLT006,PRT011,2026-09-04,1583,392,469,42.30
PLT006,PRT011,2026-09-05,2108,364,350,55.00
PLT006,PRT011,2026-09-06,314,337,547,131.80
PLT006,PRT011,2026-09-07,1091,403,393,106.80
PLT006,PRT011,2026-09-08,1893,484,489,17.10
PLT006,PRT011,2026-09-09,1905,409,454,76.50
PLT006,PRT011,2026-09-10,340,340,689,121.10
PLT006,PRT011,2026-09-11,1905,311,291,125.50
PLT006,PRT011,2026-09-12,821,160,702,57.40
PLT006,PRT013,2026-06-15,1906,167,400,83.30
PLT006,PRT013,2026-06-16,1881,241,517,93.80
PLT006,PRT013,2026-06-17,285,231,743,150.50
PLT006,PRT013,2026-06-18,768,377,379,85.00
PLT006,PRT013,2026-06-19,1731,137,619,94.30
PLT006,PRT013,2026-06-20,1127,268,243,153.40
PLT006,PRT013,2026-06-21,379,273,529,95.40
PLT006,PRT013,2026-06-22,1753,286,542,118.00
PLT006,PRT013,2026-06-23,482,125,682,124.60
PLT006,PRT013,2026-06-24,573,359,616,140.40
PLT006,PRT013,2026-06-25,1876,436,433,82.40
PLT006,PRT013,2026-06-26,539,462,434,109.80
PLT006,PRT013,2026-06-27,1258,289,351,92.50
PLT006,PRT013,2026-06-28,941,488,670,28.50
PLT006,PRT013,2026-06-29,1015,475,627,95.80
PLT006,PRT013,2026-06-30,1423,265,281,115.60
PLT006,PRT013,2026-07-01,1562,260,327,111.50
PLT006,PRT013,2026-07-02,637,207,568,47.20
PLT006,PRT013,2026-07-03,1852,181,583,111.90
PLT006,PRT013,2026-07-04,585,350,619,139.90
PLT006,PRT013,2026-07-05,933,252,342,142.20
PLT006,PRT013,2026-07-06,690,469,395,80.40
PLT006,PRT013,2026-07-07,991,436,417,102.30
PLT006,PRT013,2026-07-08,307,160,777,76.40
PLT006,PRT013,2026-07-09,1543,111,280,153.90
PLT006,PRT013,2026-07-10,864,136,564,115.60
PLT006,PRT013,2026-07-11,1072,363,486,131.80
PLT006,PRT013,2026-07-12,668,227,265,70.60
PLT006,PRT013,2026-07-13,771,461,568,76.00
PLT006,PRT013,2026-07-14,1296,396,601,98.90
PLT006,PRT013,2026-07-15,1500,229,401,18.70
PLT006,PRT013,2026-07-16,1027,300,222,80.20
PLT006,PRT013,2026-07-17,229,186,661,61.90
PLT006,PRT013,2026-07-18,1972,478,496,136.00
PLT006,PRT013,2026-07-19,1323,461,720,146.80
PLT006,PRT013,2026-07-20,166,185,578,87.80
PLT006,PRT013,2026-07-21,1820,396,307,89.80
PLT006,PRT013,2026-07-22,545,327,611,123.70
PLT006,PRT013,2026-07-23,554,260,310,26.30
PLT006,PRT013,2026-07-24,1981,403,550,116.50
PLT006,PRT013,2026-07-25,1454,349,381,141.00
PLT006,PRT013,2026-07-26,932,387,556,62.00
PLT006,PRT013,2026-07-27,1690,449,771,79.40
PLT006,PRT013,2026-07-28,343,100,488,76.50
PLT006,PRT013,2026-07-29,1831,246,362,73.90
PLT006,PRT013,2026-07-30,1385,399,356,66.90
PLT006,PRT013,2026-07-31,1251,228,672,38.50
PLT006,PRT013,2026-08-01,1586,323,371,64.10
PLT006,PRT013,2026-08-02,1945,166,482,139.40
PLT006,PRT013,2026-08-03,1709,124,709,155.00
PLT006,PRT013,2026-08-04,1294,462,754,12.10
PLT006,PRT013,2026-08-05,1650,338,316,15.00
PLT006,PRT013,2026-08-06,1544,478,493,129.20
PLT006,PRT013,2026-08-07,884,293,582,55.00
PLT006,PRT013,2026-08-08,2169,256,474,143.30
PLT006,PRT013,2026-08-09,2177,388,301,135.10
PLT006,PRT013,2026-08-10,1874,239,770,69.60
PLT006,PRT013,2026-08-11,1848,491,218,54.10
PLT006,PRT013,2026-08-12,1892,371,420,28.00
PLT006,PRT013,2026-08-13,279,157,575,132.70
PLT006,PRT013,2026-08-14,794,275,469,95.80
PLT006,PRT013,2026-08-15,2013,271,735,131.00
PLT006,PRT013,2026-08-16,280,145,692,145.50
PLT006,PRT013,2026-08-17,1969,367,314,85.30
PLT006,PRT013,2026-08-18,1518,497,303,135.30
PLT006,PRT013,2026-08-19,681,293,295,136.10
PLT006,PRT013,2026-08-20,1342,469,406,104.40
PLT006,PRT013,2026-08-21,703,225,436,13.50
PLT006,PRT013,2026-08-22,1543,165,558,111.70
PLT006,PRT013,2026-08-23,554,242,792,74.80
PLT006,PRT013,2026-08-24,796,214,489,14.00
PLT006,PRT013,2026-08-25,919,205,366,42.90
PLT006,PRT013,2026-08-26,1863,492,243,74.00
PLT006,PRT013,2026-08-27,489,467,294,93.10
PLT006,PRT013,2026-08-28,1720,403,784,62.90
PLT006,PRT013,2026-08-29,1504,442,536,48.20
PLT006,PRT013,2026-08-30,461,272,708,91.90
PLT006,PRT013,2026-08-31,1604,101,427,92.90
PLT006,PRT013,2026-09-01,232,232,378,72.70
PLT006,PRT013,2026-09-02,1142,303,468,117.60
PLT006,PRT013,2026-09-03,815,265,552,77.20
PLT006,PRT013,2026-09-04,94,126,630,152.80
PLT006,PRT013,2026-09-05,628,122,419,28.80
PLT006,PRT013,2026-09-06,2163,129,429,59.40
PLT006,PRT013,2026-09-07,1750,453,755,150.50
PLT006,PRT013,2026-09-08,1359,174,499,102.40
PLT006,PRT013,2026-09-09,826,124,668,64.10
PLT006,PRT013,2026-09-10,644,163,518,149.50
PLT006,PRT013,2026-09-11,1152,490,707,133.30
PLT006,PRT013,2026-09-12,993,165,561,33.40
PLT006,PRT014,2026-06-15,654,242,653,125.80
PLT006,PRT014,2026-06-16,441,285,549,78.80
PLT006,PRT014,2026-06-17,916,327,625,54.50
PLT006,PRT014,2026-06-18,854,176,201,73.30
PLT006,PRT014,2026-06-19,1650,296,536,108.40
PLT006,PRT014,2026-06-20,743,411,710,83.10
PLT006,PRT014,2026-06-21,644,303,419,10.10
PLT006,PRT014,2026-06-22,1770,402,339,82.90
PLT006,PRT014,2026-06-23,110,410,202,35.10
PLT006,PRT014,2026-06-24,197,214,583,63.30
PLT006,PRT014,2026-06-25,682,225,736,86.50
PLT006,PRT014,2026-06-26,573,402,728,152.60
PLT006,PRT014,2026-06-27,1447,254,248,93.20
PLT006,PRT014,2026-06-28,1977,373,289,72.50
PLT006,PRT014,2026-06-29,616,107,353,114.30
PLT006,PRT014,2026-06-30,1658,488,260,132.70
PLT006,PRT014,2026-07-01,684,213,271,69.50
PLT006,PRT014,2026-07-02,327,355,292,96.80
PLT006,PRT014,2026-07-03,700,216,494,108.00
PLT006,PRT014,2026-07-04,1535,346,692,146.80
PLT006,PRT014,2026-07-05,1770,278,620,77.50
PLT006,PRT014,2026-07-06,635,278,298,118.10
PLT006,PRT014,2026-07-07,1707,133,628,128.70
PLT006,PRT014,2026-07-08,1792,289,576,132.60
PLT006,PRT014,2026-07-09,672,294,722,130.80
PLT006,PRT014,2026-07-10,324,118,278,87.70
PLT006,PRT014,2026-07-11,501,207,368,120.90
PLT006,PRT014,2026-07-12,1020,376,420,54.50
PLT006,PRT014,2026-07-13,1951,189,262,145.70
PLT006,PRT014,2026-07-14,1202,408,688,32.70
PLT006,PRT014,2026-07-15,1117,399,772,22.80
PLT006,PRT014,2026-07-16,1264,242,637,140.50
PLT006,PRT014,2026-07-17,1894,244,480,81.20
PLT006,PRT014,2026-07-18,857,406,271,132.70
PLT006,PRT014,2026-07-19,2163,390,755,68.40
PLT006,PRT014,2026-07-20,526,296,489,42.00
PLT006,PRT014,2026-07-21,1709,359,636,50.50
PLT006,PRT014,2026-07-22,687,212,789,153.00
PLT006,PRT014,2026-07-23,515,470,478,129.80
PLT006,PRT014,2026-07-24,430,129,664,55.40
PLT006,PRT014,2026-07-25,533,196,226,37.30
PLT006,PRT014,2026-07-26,393,112,668,41.80
PLT006,PRT014,2026-07-27,1863,320,367,88.10
PLT006,PRT014,2026-07-28,534,386,491,99.70
PLT006,PRT014,2026-07-29,517,304,233,114.60
PLT006,PRT014,2026-07-30,84,290,710,133.70
PLT006,PRT014,2026-07-31,812,467,743,123.90
PLT006,PRT014,2026-08-01,1028,350,584,44.70
PLT006,PRT014,2026-08-02,1553,111,631,88.10
PLT006,PRT014,2026-08-03,452,313,681,26.30
PLT006,PRT014,2026-08-04,578,261,513,20.10
PLT006,PRT014,2026-08-05,1017,206,378,80.60
PLT006,PRT014,2026-08-06,502,349,736,94.00
PLT006,PRT014,2026-08-07,1485,274,225,18.60
PLT006,PRT014,2026-08-08,1270,126,516,62.00
PLT006,PRT014,2026-08-09,612,485,226,71.00
PLT006,PRT014,2026-08-10,544,452,224,27.30
PLT006,PRT014,2026-08-11,1698,169,691,34.30
PLT006,PRT014,2026-08-12,1128,336,800,64.00
PLT006,PRT014,2026-08-13,1178,461,217,136.10
PLT006,PRT014,2026-08-14,879,421,699,64.60
PLT006,PRT014,2026-08-15,1032,335,501,69.60
PLT006,PRT014,2026-08-16,1775,451,695,85.20
PLT006,PRT014,2026-08-17,77,435,479,88.20
PLT006,PRT014,2026-08-18,1046,324,708,124.30
PLT006,PRT014,2026-08-19,1912,368,291,69.50
PLT006,PRT014,2026-08-20,641,198,796,30.90
PLT006,PRT014,2026-08-21,1186,166,667,18.30
PLT006,PRT014,2026-08-22,1641,184,706,106.10
PLT006,PRT014,2026-08-23,1076,210,552,121.20
PLT006,PRT014,2026-08-24,452,400,476,110.70
PLT006,PRT014,2026-08-25,73,200,422,132.90
PLT006,PRT014,2026-08-26,1598,394,692,45.50
PLT006,PRT014,2026-08-27,735,428,527,77.30
PLT006,PRT014,2026-08-28,1242,370,383,73.40
PLT006,PRT014,2026-08-29,1696,216,417,66.90
PLT006,PRT014,2026-08-30,1840,290,317,36.50
PLT006,PRT014,2026-08-31,1183,107,651,71.40
PLT006,PRT014,2026-09-01,1245,412,378,125.20
PLT006,PRT014,2026-09-02,127,430,362,135.70
PLT006,PRT014,2026-09-03,1606,297,264,60.90
PLT006,PRT014,2026-09-04,1565,258,582,71.20
PLT006,PRT014,2026-09-05,1629,151,500,96.90
PLT006,PRT014,2026-09-06,860,309,462,57.30
PLT006,PRT014,2026-09-07,1136,382,796,37.20
PLT006,PRT014,2026-09-08,1093,428,408,58.50
PLT006,PRT014,2026-09-09,663,194,389,93.70
PLT006,PRT014,2026-09-10,820,217,542,18.70
PLT006,PRT014,2026-09-11,1134,255,388,128.60
PLT006,PRT014,2026-09-12,1065,334,580,39.80
PLT006,PRT016,2026-06-15,974,327,727,54.70
PLT006,PRT016,2026-06-16,695,136,614,84.60
PLT006,PRT016,2026-06-17,584,158,518,134.50
PLT006,PRT016,2026-06-18,210,172,544,68.50
PLT006,PRT016,2026-06-19,1230,363,619,25.80
PLT006,PRT016,2026-06-20,1117,228,636,53.20
PLT006,PRT016,2026-06-21,2160,232,500,134.10
PLT006,PRT016,2026-06-22,788,426,342,14.10
PLT006,PRT016,2026-06-23,90,262,517,31.40
PLT006,PRT016,2026-06-24,945,415,341,28.90
PLT006,PRT016,2026-06-25,774,281,390,109.10
PLT006,PRT016,2026-06-26,1816,338,385,97.20
PLT006,PRT016,2026-06-27,2039,296,618,76.60
PLT006,PRT016,2026-06-28,1515,316,757,31.60
PLT006,PRT016,2026-06-29,827,213,465,13.40
PLT006,PRT016,2026-06-30,1582,473,605,52.20
PLT006,PRT016,2026-07-01,1918,496,794,110.90
PLT006,PRT016,2026-07-02,1381,192,243,34.00
PLT006,PRT016,2026-07-03,1307,272,663,28.10
PLT006,PRT016,2026-07-04,434,448,642,86.40
PLT006,PRT016,2026-07-05,1072,368,488,23.60
PLT006,PRT016,2026-07-06,1134,386,692,26.50
PLT006,PRT016,2026-07-07,545,108,240,42.30
PLT006,PRT016,2026-07-08,729,379,738,118.80
PLT006,PRT016,2026-07-09,1271,424,685,58.60
PLT006,PRT016,2026-07-10,1404,244,709,24.30
PLT006,PRT016,2026-07-11,804,159,200,48.40
PLT006,PRT016,2026-07-12,1087,206,782,57.50
PLT006,PRT016,2026-07-13,1488,225,406,140.20
PLT006,PRT016,2026-07-14,496,375,628,141.90
PLT006,PRT016,2026-07-15,531,124,663,20.60
PLT006,PRT016,2026-07-16,558,476,312,125.60
PLT006,PRT016,2026-07-17,1615,307,499,41.90
PLT006,PRT016,2026-07-18,1029,252,305,131.90
PLT006,PRT016,2026-07-19,671,125,632,33.20
PLT006,PRT016,2026-07-20,945,114,474,76.60
PLT006,PRT016,2026-07-21,717,356,540,72.80
PLT006,PRT016,2026-07-22,536,197,516,149.50
PLT006,PRT016,2026-07-23,1033,316,522,138.70
PLT006,PRT016,2026-07-24,1984,296,255,128.40
PLT006,PRT016,2026-07-25,441,353,537,111.70
PLT006,PRT016,2026-07-26,1394,115,223,20.20
PLT006,PRT016,2026-07-27,169,127,323,125.10
PLT006,PRT016,2026-07-28,835,393,695,68.50
PLT006,PRT016,2026-07-29,1786,278,484,119.30
PLT006,PRT016,2026-07-30,548,186,614,41.20
PLT006,PRT016,2026-07-31,357,341,447,51.70
PLT006,PRT016,2026-08-01,1875,400,394,117.90
PLT006,PRT016,2026-08-02,292,380,735,78.50
PLT006,PRT016,2026-08-03,1445,448,545,81.70
PLT006,PRT016,2026-08-04,387,239,551,45.10
PLT006,PRT016,2026-08-05,1538,302,731,14.40
PLT006,PRT016,2026-08-06,797,409,245,56.30
PLT006,PRT016,2026-08-07,1618,346,750,63.70
PLT006,PRT016,2026-08-08,427,256,487,27.10
PLT006,PRT016,2026-08-09,1509,298,398,107.10
PLT006,PRT016,2026-08-10,1635,347,638,145.30
PLT006,PRT016,2026-08-11,1548,418,437,99.30
PLT006,PRT016,2026-08-12,1180,185,204,22.00
PLT006,PRT016,2026-08-13,1783,494,739,80.90
PLT006,PRT016,2026-08-14,1001,443,734,32.20
PLT006,PRT016,2026-08-15,2126,285,432,84.30
PLT006,PRT016,2026-08-16,1867,350,586,90.40
PLT006,PRT016,2026-08-17,1883,395,553,102.90
PLT006,PRT016,2026-08-18,592,395,568,94.80
PLT006,PRT016,2026-08-19,1398,102,665,14.30
PLT006,PRT016,2026-08-20,714,232,776,108.00
PLT006,PRT016,2026-08-21,1515,118,421,91.20
PLT006,PRT016,2026-08-22,1600,275,502,102.70
PLT006,PRT016,2026-08-23,857,394,287,106.90
PLT006,PRT016,2026-08-24,628,341,750,26.80
PLT006,PRT016,2026-08-25,1451,487,644,66.00
PLT006,PRT016,2026-08-26,170,164,512,71.30
PLT006,PRT016,2026-08-27,1797,289,510,15.20
PLT006,PRT016,2026-08-28,532,327,393,87.70
PLT006,PRT016,2026-08-29,1174,298,529,55.50
PLT006,PRT016,2026-08-30,1455,364,444,45.20
PLT006,PRT016,2026-08-31,1530,479,379,139.40
PLT006,PRT016,2026-09-01,1291,218,608,146.80
PLT006,PRT016,2026-09-02,592,294,535,138.80
PLT006,PRT016,2026-09-03,380,438,433,98.00
PLT006,PRT016,2026-09-04,1814,153,607,83.30
PLT006,PRT016,2026-09-05,1057,150,676,78.40
PLT006,PRT016,2026-09-06,253,498,242,112.90
PLT006,PRT016,2026-09-07,1439,210,421,48.80
PLT006,PRT016,2026-09-08,1275,274,750,118.80
PLT006,PRT016,2026-09-09,1140,463,690,56.30
PLT006,PRT016,2026-09-10,1843,489,320,24.40
PLT006,PRT016,2026-09-11,1694,238,790,120.60
PLT006,PRT016,2026-09-12,2108,196,308,92.50
PLT006,PRT018,2026-06-15,439,452,751,118.20
PLT006,PRT018,2026-06-16,1762,312,350,66.80
PLT006,PRT018,2026-06-17,1151,236,614,113.90
PLT006,PRT018,2026-06-18,1916,441,306,39.90
PLT006,PRT018,2026-06-19,212,118,614,107.20
PLT006,PRT018,2026-06-20,1593,431,607,53.60
PLT006,PRT018,2026-06-21,558,336,215,107.90
PLT006,PRT018,2026-06-22,73,241,235,82.20
PLT006,PRT018,2026-06-23,1409,152,595,102.10
PLT006,PRT018,2026-06-24,1898,216,772,122.70
PLT006,PRT018,2026-06-25,285,455,603,63.90
PLT006,PRT018,2026-06-26,614,423,710,137.80
PLT006,PRT018,2026-06-27,1415,403,785,126.50
PLT006,PRT018,2026-06-28,659,127,393,51.10
PLT006,PRT018,2026-06-29,59,480,634,136.80
PLT006,PRT018,2026-06-30,941,500,519,78.60
PLT006,PRT018,2026-07-01,602,471,249,37.00
PLT006,PRT018,2026-07-02,1279,362,753,45.80
PLT006,PRT018,2026-07-03,463,235,661,75.30
PLT006,PRT018,2026-07-04,1288,176,474,111.00
PLT006,PRT018,2026-07-05,805,230,284,118.80
PLT006,PRT018,2026-07-06,1737,375,567,96.00
PLT006,PRT018,2026-07-07,1775,117,736,20.20
PLT006,PRT018,2026-07-08,232,139,716,45.30
PLT006,PRT018,2026-07-09,426,106,536,97.90
PLT006,PRT018,2026-07-10,941,378,301,122.30
PLT006,PRT018,2026-07-11,2078,186,749,43.60
PLT006,PRT018,2026-07-12,678,424,784,35.70
PLT006,PRT018,2026-07-13,1416,261,644,106.50
PLT006,PRT018,2026-07-14,1367,238,265,44.40
PLT006,PRT018,2026-07-15,1995,489,378,28.40
PLT006,PRT018,2026-07-16,933,122,679,40.70
PLT006,PRT018,2026-07-17,372,353,444,117.10
PLT006,PRT018,2026-07-18,502,302,713,140.10
PLT006,PRT018,2026-07-19,807,304,542,105.90
PLT006,PRT018,2026-07-20,1115,403,382,57.10
PLT006,PRT018,2026-07-21,923,208,489,17.20
PLT006,PRT018,2026-07-22,507,440,432,113.60
PLT006,PRT018,2026-07-23,537,465,707,103.40
PLT006,PRT018,2026-07-24,1552,479,234,60.10
PLT006,PRT018,2026-07-25,1181,364,545,90.60
PLT006,PRT018,2026-07-26,2053,289,582,73.60
PLT006,PRT018,2026-07-27,539,251,615,149.00
PLT006,PRT018,2026-07-28,60,152,762,106.40
PLT006,PRT018,2026-07-29,146,310,317,130.10
PLT006,PRT018,2026-07-30,416,178,380,27.00
PLT006,PRT018,2026-07-31,1762,225,578,85.40
PLT006,PRT018,2026-08-01,498,255,339,140.50
PLT006,PRT018,2026-08-02,517,136,425,78.40
PLT006,PRT018,2026-08-03,1177,484,765,104.60
PLT006,PRT018,2026-08-04,1402,285,225,16.20
PLT006,PRT018,2026-08-05,1666,211,467,123.60
PLT006,PRT018,2026-08-06,1572,481,428,70.10
PLT006,PRT018,2026-08-07,881,457,279,30.30
PLT006,PRT018,2026-08-08,378,321,547,49.30
PLT006,PRT018,2026-08-09,858,331,206,41.90
PLT006,PRT018,2026-08-10,492,259,756,49.20
PLT006,PRT018,2026-08-11,1847,339,616,115.30
PLT006,PRT018,2026-08-12,971,150,621,71.10
PLT006,PRT018,2026-08-13,1828,418,232,63.30
PLT006,PRT018,2026-08-14,228,442,514,95.20
PLT006,PRT018,2026-08-15,1422,337,538,77.40
PLT006,PRT018,2026-08-16,1279,443,609,70.20
PLT006,PRT018,2026-08-17,1053,432,317,129.40
PLT006,PRT018,2026-08-18,271,448,796,66.70
PLT006,PRT018,2026-08-19,1950,250,596,43.90
PLT006,PRT018,2026-08-20,911,141,781,126.90
PLT006,PRT018,2026-08-21,398,458,467,93.60
PLT006,PRT018,2026-08-22,836,205,478,89.90
PLT006,PRT018,2026-08-23,1986,223,308,106.20
PLT006,PRT018,2026-08-24,336,120,595,64.70
PLT006,PRT018,2026-08-25,1272,363,315,27.30
PLT006,PRT018,2026-08-26,310,318,395,147.40
PLT006,PRT018,2026-08-27,1232,158,717,129.70
PLT006,PRT018,2026-08-28,1537,170,240,28.20
PLT006,PRT018,2026-08-29,420,485,478,125.80
PLT006,PRT018,2026-08-30,2108,353,687,149.10
PLT006,PRT018,2026-08-31,726,247,442,141.50
PLT006,PRT018,2026-09-01,314,337,524,50.00
PLT006,PRT018,2026-09-02,654,104,584,130.70
PLT006,PRT018,2026-09-03,534,411,329,81.50
PLT006,PRT018,2026-09-04,1615,274,638,152.60
PLT006,PRT018,2026-09-05,1393,454,230,26.70
PLT006,PRT018,2026-09-06,1270,450,544,32.20
PLT006,PRT018,2026-09-07,306,126,366,21.10
PLT006,PRT018,2026-09-08,483,262,288,45.10
PLT006,PRT018,2026-09-09,51,240,675,147.90
PLT006,PRT018,2026-09-10,1135,148,780,41.20
PLT006,PRT018,2026-09-11,410,499,227,137.00
PLT006,PRT018,2026-09-12,1752,428,313,77.00
PLT006,PRT019,2026-06-15,210,459,578,131.60
PLT006,PRT019,2026-06-16,1587,314,579,45.30
PLT006,PRT019,2026-06-17,1062,476,629,112.30
PLT006,PRT019,2026-06-18,1212,156,784,96.20
PLT006,PRT019,2026-06-19,699,325,489,62.60
PLT006,PRT019,2026-06-20,2032,494,505,89.30
PLT006,PRT019,2026-06-21,768,223,390,67.80
PLT006,PRT019,2026-06-22,283,118,545,145.90
PLT006,PRT019,2026-06-23,855,251,378,99.90
PLT006,PRT019,2026-06-24,1768,176,328,45.60
PLT006,PRT019,2026-06-25,153,311,275,145.10
PLT006,PRT019,2026-06-26,1430,336,334,100.10
PLT006,PRT019,2026-06-27,2049,191,624,124.60
PLT006,PRT019,2026-06-28,1323,199,435,36.60
PLT006,PRT019,2026-06-29,702,173,796,53.70
PLT006,PRT019,2026-06-30,339,308,226,126.10
PLT006,PRT019,2026-07-01,841,359,574,39.90
PLT006,PRT019,2026-07-02,1197,152,279,27.50
PLT006,PRT019,2026-07-03,1746,374,206,107.20
PLT006,PRT019,2026-07-04,561,397,223,59.50
PLT006,PRT019,2026-07-05,375,422,372,126.60
PLT006,PRT019,2026-07-06,387,302,525,57.50
PLT006,PRT019,2026-07-07,1075,405,701,31.10
PLT006,PRT019,2026-07-08,1009,167,239,16.20
PLT006,PRT019,2026-07-09,712,323,765,55.50
PLT006,PRT019,2026-07-10,1768,269,627,72.90
PLT006,PRT019,2026-07-11,1766,400,731,65.20
PLT006,PRT019,2026-07-12,1968,155,501,95.30
PLT006,PRT019,2026-07-13,753,416,739,48.40
PLT006,PRT019,2026-07-14,1534,440,388,111.00
PLT006,PRT019,2026-07-15,1952,221,579,103.50
PLT006,PRT019,2026-07-16,1281,258,271,152.30
PLT006,PRT019,2026-07-17,545,348,374,133.60
PLT006,PRT019,2026-07-18,1117,268,791,37.50
PLT006,PRT019,2026-07-19,1960,201,299,38.00
PLT006,PRT019,2026-07-20,617,459,608,146.00
PLT006,PRT019,2026-07-21,589,173,286,95.90
PLT006,PRT019,2026-07-22,1267,137,663,130.00
PLT006,PRT019,2026-07-23,1527,450,633,110.00
PLT006,PRT019,2026-07-24,1179,268,290,82.00
PLT006,PRT019,2026-07-25,721,319,496,33.90
PLT006,PRT019,2026-07-26,1923,432,740,99.30
PLT006,PRT019,2026-07-27,1894,201,781,18.10
PLT006,PRT019,2026-07-28,219,112,513,22.50
PLT006,PRT019,2026-07-29,626,345,769,70.40
PLT006,PRT019,2026-07-30,1878,242,692,30.80
PLT006,PRT019,2026-07-31,1564,494,389,113.10
PLT006,PRT019,2026-08-01,354,211,786,22.60
PLT006,PRT019,2026-08-02,1355,134,714,69.80
PLT006,PRT019,2026-08-03,1013,443,683,56.90
PLT006,PRT019,2026-08-04,835,340,793,130.50
PLT006,PRT019,2026-08-05,1039,135,777,36.70
PLT006,PRT019,2026-08-06,838,381,273,105.90
PLT006,PRT019,2026-08-07,421,163,358,144.10
PLT006,PRT019,2026-08-08,1624,251,228,67.80
PLT006,PRT019,2026-08-09,2091,401,477,73.10
PLT006,PRT019,2026-08-10,223,233,789,89.30
PLT006,PRT019,2026-08-11,266,171,743,29.90
PLT006,PRT019,2026-08-12,1410,108,346,20.30
PLT006,PRT019,2026-08-13,1001,252,339,24.00
PLT006,PRT019,2026-08-14,1920,424,579,150.40
PLT006,PRT019,2026-08-15,1671,333,754,52.40
PLT006,PRT019,2026-08-16,1644,437,336,39.10
PLT006,PRT019,2026-08-17,564,278,542,44.10
PLT006,PRT019,2026-08-18,989,449,261,95.30
PLT006,PRT019,2026-08-19,787,187,412,149.90
PLT006,PRT019,2026-08-20,585,225,309,20.60
PLT006,PRT019,2026-08-21,373,360,547,36.40
PLT006,PRT019,2026-08-22,2074,323,269,49.00
PLT006,PRT019,2026-08-23,1514,200,635,78.90
PLT006,PRT019,2026-08-24,292,151,638,128.90
PLT006,PRT019,2026-08-25,1149,393,772,137.00
PLT006,PRT019,2026-08-26,834,118,653,15.10
PLT006,PRT019,2026-08-27,804,274,657,150.10
PLT006,PRT019,2026-08-28,182,403,687,74.20
PLT006,PRT019,2026-08-29,1508,252,594,90.80
PLT006,PRT019,2026-08-30,903,266,543,46.90
PLT006,PRT019,2026-08-31,1382,121,738,67.30
PLT006,PRT019,2026-09-01,480,184,411,102.90
PLT006,PRT019,2026-09-02,353,248,592,114.30
PLT006,PRT019,2026-09-03,358,192,469,83.80
PLT006,PRT019,2026-09-04,1310,382,645,23.90
PLT006,PRT019,2026-09-05,970,392,332,122.70
PLT006,PRT019,2026-09-06,885,341,274,124.50
PLT006,PRT019,2026-09-07,1346,265,318,123.70
PLT006,PRT019,2026-09-08,571,342,498,88.40
PLT006,PRT019,2026-09-09,1582,221,790,51.10
PLT006,PRT019,2026-09-10,414,140,618,35.10
PLT006,PRT019,2026-09-11,472,364,520,92.40
PLT006,PRT019,2026-09-12,957,289,386,79.20
PLT006,PRT020,2026-06-15,1719,362,643,39.40
PLT006,PRT020,2026-06-16,59,114,526,87.10
PLT006,PRT020,2026-06-17,1831,450,407,77.50
PLT006,PRT020,2026-06-18,1649,387,621,26.20
PLT006,PRT020,2026-06-19,111,241,496,27.40
PLT006,PRT020,2026-06-20,354,275,665,62.20
PLT006,PRT020,2026-06-21,1849,132,445,98.90
PLT006,PRT020,2026-06-22,189,310,607,50.00
PLT006,PRT020,2026-06-23,1194,493,419,125.20
PLT006,PRT020,2026-06-24,1750,392,771,52.50
PLT006,PRT020,2026-06-25,734,420,684,137.60
PLT006,PRT020,2026-06-26,1308,411,524,76.50
PLT006,PRT020,2026-06-27,2181,448,591,120.70
PLT006,PRT020,2026-06-28,948,240,249,32.60
PLT006,PRT020,2026-06-29,286,346,400,110.80
PLT006,PRT020,2026-06-30,1072,368,312,107.20
PLT006,PRT020,2026-07-01,614,178,407,24.90
PLT006,PRT020,2026-07-02,311,350,408,95.60
PLT006,PRT020,2026-07-03,1312,485,469,23.90
PLT006,PRT020,2026-07-04,267,215,665,81.20
PLT006,PRT020,2026-07-05,887,191,382,17.20
PLT006,PRT020,2026-07-06,1765,375,670,74.90
PLT006,PRT020,2026-07-07,1263,295,356,14.40
PLT006,PRT020,2026-07-08,165,345,711,22.30
PLT006,PRT020,2026-07-09,1707,281,672,40.00
PLT006,PRT020,2026-07-10,195,303,268,19.60
PLT006,PRT020,2026-07-11,640,128,397,111.10
PLT006,PRT020,2026-07-12,1773,398,402,114.40
PLT006,PRT020,2026-07-13,1237,336,291,129.80
PLT006,PRT020,2026-07-14,748,500,508,19.60
PLT006,PRT020,2026-07-15,194,367,275,24.10
PLT006,PRT020,2026-07-16,1681,353,601,141.80
PLT006,PRT020,2026-07-17,1623,174,629,67.00
PLT006,PRT020,2026-07-18,1946,227,640,127.90
PLT006,PRT020,2026-07-19,1321,104,647,95.00
PLT006,PRT020,2026-07-20,1379,307,777,83.90
PLT006,PRT020,2026-07-21,595,202,595,51.00
PLT006,PRT020,2026-07-22,529,475,372,26.90
PLT006,PRT020,2026-07-23,689,105,374,108.60
PLT006,PRT020,2026-07-24,1580,145,513,55.90
PLT006,PRT020,2026-07-25,614,342,611,51.10
PLT006,PRT020,2026-07-26,1822,306,497,64.80
PLT006,PRT020,2026-07-27,992,159,580,98.90
PLT006,PRT020,2026-07-28,1424,493,716,11.90
PLT006,PRT020,2026-07-29,1936,123,652,149.90
PLT006,PRT020,2026-07-30,921,193,382,76.70
PLT006,PRT020,2026-07-31,845,361,423,50.20
PLT006,PRT020,2026-08-01,758,486,774,19.00
PLT006,PRT020,2026-08-02,2167,100,653,64.70
PLT006,PRT020,2026-08-03,945,170,496,101.40
PLT006,PRT020,2026-08-04,1810,377,375,81.10
PLT006,PRT020,2026-08-05,1995,314,341,94.00
PLT006,PRT020,2026-08-06,165,359,410,47.50
PLT006,PRT020,2026-08-07,1497,259,401,25.00
PLT006,PRT020,2026-08-08,302,303,548,100.10
PLT006,PRT020,2026-08-09,2014,463,717,19.80
PLT006,PRT020,2026-08-10,731,403,632,108.90
PLT006,PRT020,2026-08-11,515,406,496,69.30
PLT006,PRT020,2026-08-12,310,155,323,32.10
PLT006,PRT020,2026-08-13,1741,107,430,63.10
PLT006,PRT020,2026-08-14,1019,489,608,79.80
PLT006,PRT020,2026-08-15,675,223,752,113.00
PLT006,PRT020,2026-08-16,1330,155,652,33.70
PLT006,PRT020,2026-08-17,1691,146,361,65.10
PLT006,PRT020,2026-08-18,371,279,331,70.60
PLT006,PRT020,2026-08-19,961,294,752,74.70
PLT006,PRT020,2026-08-20,910,416,727,150.00
PLT006,PRT020,2026-08-21,1219,291,517,90.00
PLT006,PRT020,2026-08-22,1580,168,491,89.20
PLT006,PRT020,2026-08-23,262,300,313,90.30
PLT006,PRT020,2026-08-24,1704,227,243,78.00
PLT006,PRT020,2026-08-25,942,439,689,27.30
PLT006,PRT020,2026-08-26,1689,405,374,97.70
PLT006,PRT020,2026-08-27,1888,160,508,68.40
PLT006,PRT020,2026-08-28,1199,493,572,140.30
PLT006,PRT020,2026-08-29,1373,178,299,51.00
PLT006,PRT020,2026-08-30,1267,133,512,92.80
PLT006,PRT020,2026-08-31,988,393,322,80.10
PLT006,PRT020,2026-09-01,939,490,436,118.50
PLT006,PRT020,2026-09-02,457,362,337,142.60
PLT006,PRT020,2026-09-03,933,285,660,15.70
PLT006,PRT020,2026-09-04,1010,446,431,86.90
PLT006,PRT020,2026-09-05,839,437,245,39.60
PLT006,PRT020,2026-09-06,692,288,704,15.60
PLT006,PRT020,2026-09-07,1533,321,344,59.00
PLT006,PRT020,2026-09-08,973,306,328,103.80
PLT006,PRT020,2026-09-09,1663,311,767,102.70
PLT006,PRT020,2026-09-10,1687,446,635,151.50
PLT006,PRT020,2026-09-11,1022,174,203,122.10
PLT006,PRT020,2026-09-12,1908,311,318,143.80
PLT007,PRT002,2026-06-15,764,118,400,107.50
PLT007,PRT002,2026-06-16,1729,490,202,104.10
PLT007,PRT002,2026-06-17,823,478,372,142.70
PLT007,PRT002,2026-06-18,405,348,212,50.40
PLT007,PRT002,2026-06-19,122,400,551,66.50
PLT007,PRT002,2026-06-20,2152,313,224,123.90
PLT007,PRT002,2026-06-21,663,105,771,79.30
PLT007,PRT002,2026-06-22,1465,335,681,99.40
PLT007,PRT002,2026-06-23,585,135,470,19.90
PLT007,PRT002,2026-06-24,858,157,631,39.60
PLT007,PRT002,2026-06-25,808,361,633,23.60
PLT007,PRT002,2026-06-26,1466,169,436,29.80
PLT007,PRT002,2026-06-27,1801,355,281,53.70
PLT007,PRT002,2026-06-28,698,234,411,145.10
PLT007,PRT002,2026-06-29,1857,144,254,21.90
PLT007,PRT002,2026-06-30,1271,388,737,68.90
PLT007,PRT002,2026-07-01,502,486,401,16.60
PLT007,PRT002,2026-07-02,1279,146,717,83.70
PLT007,PRT002,2026-07-03,440,170,743,29.30
PLT007,PRT002,2026-07-04,984,192,626,27.20
PLT007,PRT002,2026-07-05,546,145,428,49.80
PLT007,PRT002,2026-07-06,1547,442,562,13.50
PLT007,PRT002,2026-07-07,1155,312,492,138.00
PLT007,PRT002,2026-07-08,740,483,556,39.60
PLT007,PRT002,2026-07-09,884,475,387,138.50
PLT007,PRT002,2026-07-10,835,362,467,148.40
PLT007,PRT002,2026-07-11,993,166,637,67.60
PLT007,PRT002,2026-07-12,853,159,551,86.40
PLT007,PRT002,2026-07-13,834,403,299,17.90
PLT007,PRT002,2026-07-14,1182,218,685,73.00
PLT007,PRT002,2026-07-15,874,353,446,126.90
PLT007,PRT002,2026-07-16,1854,179,470,34.30
PLT007,PRT002,2026-07-17,593,495,659,13.70
PLT007,PRT002,2026-07-18,398,192,632,63.80
PLT007,PRT002,2026-07-19,1691,211,417,96.20
PLT007,PRT002,2026-07-20,989,271,210,72.00
PLT007,PRT002,2026-07-21,650,254,388,14.60
PLT007,PRT002,2026-07-22,1886,494,511,126.70
PLT007,PRT002,2026-07-23,119,198,350,81.00
PLT007,PRT002,2026-07-24,1510,189,673,14.60
PLT007,PRT002,2026-07-25,1998,318,371,68.80
PLT007,PRT002,2026-07-26,273,358,759,93.50
PLT007,PRT002,2026-07-27,1912,436,603,125.50
PLT007,PRT002,2026-07-28,946,456,546,32.70
PLT007,PRT002,2026-07-29,336,484,658,59.30
PLT007,PRT002,2026-07-30,279,288,625,147.20
PLT007,PRT002,2026-07-31,225,443,380,148.70
PLT007,PRT002,2026-08-01,1882,415,485,47.70
PLT007,PRT002,2026-08-02,352,238,601,89.00
PLT007,PRT002,2026-08-03,574,175,370,108.70
PLT007,PRT002,2026-08-04,1374,430,729,91.60
PLT007,PRT002,2026-08-05,840,303,695,102.80
PLT007,PRT002,2026-08-06,663,106,673,44.90
PLT007,PRT002,2026-08-07,1745,232,558,35.70
PLT007,PRT002,2026-08-08,1635,488,217,34.70
PLT007,PRT002,2026-08-09,1569,346,390,121.80
PLT007,PRT002,2026-08-10,81,278,625,122.80
PLT007,PRT002,2026-08-11,1803,324,371,29.60
PLT007,PRT002,2026-08-12,195,213,437,73.50
PLT007,PRT002,2026-08-13,725,119,752,35.00
PLT007,PRT002,2026-08-14,945,423,417,63.80
PLT007,PRT002,2026-08-15,1955,267,325,123.10
PLT007,PRT002,2026-08-16,1471,417,542,74.60
PLT007,PRT002,2026-08-17,819,320,588,59.80
PLT007,PRT002,2026-08-18,1756,500,649,149.00
PLT007,PRT002,2026-08-19,497,384,760,60.30
PLT007,PRT002,2026-08-20,1784,340,572,39.50
PLT007,PRT002,2026-08-21,717,288,588,95.50
PLT007,PRT002,2026-08-22,1347,276,342,98.80
PLT007,PRT002,2026-08-23,486,166,217,70.70
PLT007,PRT002,2026-08-24,1943,316,693,135.20
PLT007,PRT002,2026-08-25,339,179,293,17.60
PLT007,PRT002,2026-08-26,1114,473,209,86.70
PLT007,PRT002,2026-08-27,219,366,615,110.50
PLT007,PRT002,2026-08-28,1218,152,636,107.10
PLT007,PRT002,2026-08-29,966,393,306,118.30
PLT007,PRT002,2026-08-30,1431,488,761,62.70
PLT007,PRT002,2026-08-31,1078,234,403,16.10
PLT007,PRT002,2026-09-01,1869,198,339,140.00
PLT007,PRT002,2026-09-02,1905,144,572,107.50
PLT007,PRT002,2026-09-03,578,231,773,85.40
PLT007,PRT002,2026-09-04,787,424,671,38.80
PLT007,PRT002,2026-09-05,1456,126,387,110.60
PLT007,PRT002,2026-09-06,1903,188,348,92.20
PLT007,PRT002,2026-09-07,145,481,656,138.00
PLT007,PRT002,2026-09-08,1928,467,539,105.40
PLT007,PRT002,2026-09-09,1419,189,467,106.40
PLT007,PRT002,2026-09-10,996,255,350,63.00
PLT007,PRT002,2026-09-11,1749,427,545,100.10
PLT007,PRT002,2026-09-12,1938,237,540,61.10
PLT007,PRT004,2026-06-15,1948,232,426,130.60
PLT007,PRT004,2026-06-16,950,446,779,55.00
PLT007,PRT004,2026-06-17,620,478,754,147.50
PLT007,PRT004,2026-06-18,85,466,570,35.90
PLT007,PRT004,2026-06-19,1438,290,388,15.90
PLT007,PRT004,2026-06-20,1513,394,799,82.60
PLT007,PRT004,2026-06-21,636,226,740,47.80
PLT007,PRT004,2026-06-22,1339,286,597,78.80
PLT007,PRT004,2026-06-23,1808,365,564,22.00
PLT007,PRT004,2026-06-24,1977,363,454,16.70
PLT007,PRT004,2026-06-25,1316,356,478,69.00
PLT007,PRT004,2026-06-26,911,282,409,106.00
PLT007,PRT004,2026-06-27,2060,417,258,25.00
PLT007,PRT004,2026-06-28,396,113,439,17.10
PLT007,PRT004,2026-06-29,464,352,591,84.60
PLT007,PRT004,2026-06-30,1398,306,650,117.90
PLT007,PRT004,2026-07-01,77,412,449,31.00
PLT007,PRT004,2026-07-02,457,422,253,96.30
PLT007,PRT004,2026-07-03,1541,137,576,64.90
PLT007,PRT004,2026-07-04,725,204,762,106.30
PLT007,PRT004,2026-07-05,739,388,634,125.40
PLT007,PRT004,2026-07-06,1504,436,323,122.90
PLT007,PRT004,2026-07-07,1417,379,561,38.70
PLT007,PRT004,2026-07-08,1441,372,422,100.90
PLT007,PRT004,2026-07-09,58,492,763,88.60
PLT007,PRT004,2026-07-10,1948,320,710,16.60
PLT007,PRT004,2026-07-11,2049,356,711,80.60
PLT007,PRT004,2026-07-12,2186,231,615,128.50
PLT007,PRT004,2026-07-13,1154,283,381,98.70
PLT007,PRT004,2026-07-14,541,276,795,59.70
PLT007,PRT004,2026-07-15,96,392,768,111.40
PLT007,PRT004,2026-07-16,312,499,307,131.50
PLT007,PRT004,2026-07-17,63,133,725,116.50
PLT007,PRT004,2026-07-18,1489,189,289,45.00
PLT007,PRT004,2026-07-19,1317,201,291,135.30
PLT007,PRT004,2026-07-20,989,259,647,60.80
PLT007,PRT004,2026-07-21,878,304,761,13.80
PLT007,PRT004,2026-07-22,162,407,281,123.60
PLT007,PRT004,2026-07-23,504,154,535,132.00
PLT007,PRT004,2026-07-24,1180,448,284,33.80
PLT007,PRT004,2026-07-25,1907,469,719,34.20
PLT007,PRT004,2026-07-26,1110,424,599,35.30
PLT007,PRT004,2026-07-27,1382,288,513,15.50
PLT007,PRT004,2026-07-28,129,358,769,124.20
PLT007,PRT004,2026-07-29,509,444,370,145.40
PLT007,PRT004,2026-07-30,583,394,578,20.30
PLT007,PRT004,2026-07-31,1679,245,532,77.90
PLT007,PRT004,2026-08-01,1807,150,219,67.10
PLT007,PRT004,2026-08-02,1099,267,622,45.30
PLT007,PRT004,2026-08-03,618,130,312,57.60
PLT007,PRT004,2026-08-04,788,393,681,80.50
PLT007,PRT004,2026-08-05,1766,163,614,150.10
PLT007,PRT004,2026-08-06,1423,245,394,53.90
PLT007,PRT004,2026-08-07,1109,480,454,43.20
PLT007,PRT004,2026-08-08,1982,178,444,82.80
PLT007,PRT004,2026-08-09,1573,102,486,58.60
PLT007,PRT004,2026-08-10,1486,240,550,131.20
PLT007,PRT004,2026-08-11,313,249,657,130.10
PLT007,PRT004,2026-08-12,623,122,712,55.90
PLT007,PRT004,2026-08-13,420,361,676,101.40
PLT007,PRT004,2026-08-14,583,439,372,34.40
PLT007,PRT004,2026-08-15,1525,446,728,13.00
PLT007,PRT004,2026-08-16,484,389,741,61.70
PLT007,PRT004,2026-08-17,1510,404,336,119.50
PLT007,PRT004,2026-08-18,610,137,775,140.40
PLT007,PRT004,2026-08-19,1465,494,653,135.80
PLT007,PRT004,2026-08-20,1190,277,727,19.70
PLT007,PRT004,2026-08-21,1067,280,412,103.90
PLT007,PRT004,2026-08-22,1259,214,706,74.90
PLT007,PRT004,2026-08-23,1454,330,339,48.20
PLT007,PRT004,2026-08-24,1554,430,237,149.80
PLT007,PRT004,2026-08-25,1266,357,448,57.80
PLT007,PRT004,2026-08-26,1551,185,200,142.00
PLT007,PRT004,2026-08-27,600,245,602,128.40
PLT007,PRT004,2026-08-28,177,461,360,93.10
PLT007,PRT004,2026-08-29,1858,349,636,94.70
PLT007,PRT004,2026-08-30,1291,319,410,71.20
PLT007,PRT004,2026-08-31,1518,182,296,58.50
PLT007,PRT004,2026-09-01,1252,306,669,57.60
PLT007,PRT004,2026-09-02,1213,430,519,139.60
PLT007,PRT004,2026-09-03,133,196,632,129.60
PLT007,PRT004,2026-09-04,564,297,521,102.10
PLT007,PRT004,2026-09-05,1448,197,667,100.00
PLT007,PRT004,2026-09-06,457,201,274,142.30
PLT007,PRT004,2026-09-07,1958,324,486,132.60
PLT007,PRT004,2026-09-08,1661,431,744,96.30
PLT007,PRT004,2026-09-09,83,316,325,35.00
PLT007,PRT004,2026-09-10,1604,214,380,60.80
PLT007,PRT004,2026-09-11,65,473,652,23.70
PLT007,PRT004,2026-09-12,2105,374,673,102.50
PLT007,PRT005,2026-06-15,153,122,603,136.60
PLT007,PRT005,2026-06-16,1580,382,779,113.70
PLT007,PRT005,2026-06-17,1131,426,421,82.30
PLT007,PRT005,2026-06-18,590,389,685,139.40
PLT007,PRT005,2026-06-19,1757,119,251,152.30
PLT007,PRT005,2026-06-20,1865,193,721,137.30
PLT007,PRT005,2026-06-21,828,149,774,65.20
PLT007,PRT005,2026-06-22,877,215,672,38.60
PLT007,PRT005,2026-06-23,958,452,511,114.90
PLT007,PRT005,2026-06-24,1424,475,301,81.60
PLT007,PRT005,2026-06-25,1646,297,684,90.20
PLT007,PRT005,2026-06-26,474,376,236,97.30
PLT007,PRT005,2026-06-27,563,394,278,36.80
PLT007,PRT005,2026-06-28,799,485,784,68.50
PLT007,PRT005,2026-06-29,1742,423,790,108.80
PLT007,PRT005,2026-06-30,330,375,791,93.70
PLT007,PRT005,2026-07-01,546,148,433,12.00
PLT007,PRT005,2026-07-02,1400,442,305,84.00
PLT007,PRT005,2026-07-03,1202,464,457,31.30
PLT007,PRT005,2026-07-04,747,414,624,32.80
PLT007,PRT005,2026-07-05,1860,498,719,31.60
PLT007,PRT005,2026-07-06,1327,297,355,83.00
PLT007,PRT005,2026-07-07,2000,242,722,70.50
PLT007,PRT005,2026-07-08,788,240,596,40.50
PLT007,PRT005,2026-07-09,1668,260,543,19.60
PLT007,PRT005,2026-07-10,825,326,469,47.50
PLT007,PRT005,2026-07-11,1025,300,794,36.20
PLT007,PRT005,2026-07-12,927,203,228,29.70
PLT007,PRT005,2026-07-13,185,122,732,96.30
PLT007,PRT005,2026-07-14,622,132,258,44.30
PLT007,PRT005,2026-07-15,843,252,785,119.70
PLT007,PRT005,2026-07-16,1431,220,752,26.60
PLT007,PRT005,2026-07-17,1008,128,702,80.10
PLT007,PRT005,2026-07-18,793,191,285,84.00
PLT007,PRT005,2026-07-19,980,291,284,20.70
PLT007,PRT005,2026-07-20,1169,187,399,117.30
PLT007,PRT005,2026-07-21,1106,453,636,73.00
PLT007,PRT005,2026-07-22,166,295,323,40.00
PLT007,PRT005,2026-07-23,1611,479,509,134.70
PLT007,PRT005,2026-07-24,1814,496,576,24.80
PLT007,PRT005,2026-07-25,2015,315,346,68.10
PLT007,PRT005,2026-07-26,772,433,546,130.60
PLT007,PRT005,2026-07-27,671,326,622,75.90
PLT007,PRT005,2026-07-28,1287,476,384,70.40
PLT007,PRT005,2026-07-29,625,232,480,60.20
PLT007,PRT005,2026-07-30,1260,171,397,129.60
PLT007,PRT005,2026-07-31,897,401,585,20.80
PLT007,PRT005,2026-08-01,1168,145,614,119.80
PLT007,PRT005,2026-08-02,682,315,623,119.10
PLT007,PRT005,2026-08-03,183,427,537,57.20
PLT007,PRT005,2026-08-04,1558,237,584,90.60
PLT007,PRT005,2026-08-05,1248,169,436,60.60
PLT007,PRT005,2026-08-06,1098,457,495,47.80
PLT007,PRT005,2026-08-07,1255,152,682,39.30
PLT007,PRT005,2026-08-08,613,478,311,135.10
PLT007,PRT005,2026-08-09,1023,308,711,134.80
PLT007,PRT005,2026-08-10,102,305,422,70.70
PLT007,PRT005,2026-08-11,333,416,796,79.50
PLT007,PRT005,2026-08-12,171,462,298,79.10
PLT007,PRT005,2026-08-13,233,341,728,69.20
PLT007,PRT005,2026-08-14,284,303,235,114.00
PLT007,PRT005,2026-08-15,649,106,588,68.10
PLT007,PRT005,2026-08-16,289,151,463,132.30
PLT007,PRT005,2026-08-17,1330,360,593,25.50
PLT007,PRT005,2026-08-18,574,441,771,81.80
PLT007,PRT005,2026-08-19,1412,212,717,59.80
PLT007,PRT005,2026-08-20,1563,432,295,21.10
PLT007,PRT005,2026-08-21,970,203,763,73.30
PLT007,PRT005,2026-08-22,1106,163,491,68.00
PLT007,PRT005,2026-08-23,631,329,390,79.70
PLT007,PRT005,2026-08-24,1511,304,738,153.90
PLT007,PRT005,2026-08-25,795,171,748,46.30
PLT007,PRT005,2026-08-26,188,166,537,76.40
PLT007,PRT005,2026-08-27,389,496,486,67.70
PLT007,PRT005,2026-08-28,1192,180,380,28.30
PLT007,PRT005,2026-08-29,1560,394,455,71.70
PLT007,PRT005,2026-08-30,1422,119,549,108.90
PLT007,PRT005,2026-08-31,583,123,288,130.80
PLT007,PRT005,2026-09-01,1155,478,307,18.10
PLT007,PRT005,2026-09-02,1151,235,520,141.50
PLT007,PRT005,2026-09-03,1446,257,361,28.80
PLT007,PRT005,2026-09-04,1323,212,741,21.40
PLT007,PRT005,2026-09-05,1302,391,504,146.00
PLT007,PRT005,2026-09-06,1648,483,228,132.50
PLT007,PRT005,2026-09-07,1859,134,774,102.60
PLT007,PRT005,2026-09-08,1906,315,409,153.10
PLT007,PRT005,2026-09-09,1384,221,761,135.00
PLT007,PRT005,2026-09-10,1410,388,276,94.60
PLT007,PRT005,2026-09-11,353,334,596,133.00
PLT007,PRT005,2026-09-12,1149,395,520,152.50
PLT007,PRT006,2026-06-15,855,467,455,38.50
PLT007,PRT006,2026-06-16,1311,416,347,68.80
PLT007,PRT006,2026-06-17,640,471,398,64.40
PLT007,PRT006,2026-06-18,645,190,592,70.40
PLT007,PRT006,2026-06-19,761,148,487,20.60
PLT007,PRT006,2026-06-20,1747,259,251,43.90
PLT007,PRT006,2026-06-21,931,489,463,149.90
PLT007,PRT006,2026-06-22,442,259,541,55.90
PLT007,PRT006,2026-06-23,1312,308,526,30.00
PLT007,PRT006,2026-06-24,952,354,600,24.70
PLT007,PRT006,2026-06-25,567,360,733,38.00
PLT007,PRT006,2026-06-26,1617,357,726,141.30
PLT007,PRT006,2026-06-27,289,122,413,17.00
PLT007,PRT006,2026-06-28,1416,242,394,69.00
PLT007,PRT006,2026-06-29,970,284,670,83.50
PLT007,PRT006,2026-06-30,1374,176,592,80.20
PLT007,PRT006,2026-07-01,412,173,552,95.90
PLT007,PRT006,2026-07-02,981,371,639,138.20
PLT007,PRT006,2026-07-03,1120,365,604,99.00
PLT007,PRT006,2026-07-04,1533,363,450,85.80
PLT007,PRT006,2026-07-05,853,241,471,66.00
PLT007,PRT006,2026-07-06,578,213,457,142.90
PLT007,PRT006,2026-07-07,1385,354,714,94.40
PLT007,PRT006,2026-07-08,270,422,691,123.30
PLT007,PRT006,2026-07-09,1395,264,569,24.10
PLT007,PRT006,2026-07-10,802,380,662,107.20
PLT007,PRT006,2026-07-11,1793,162,758,59.00
PLT007,PRT006,2026-07-12,1818,484,420,87.10
PLT007,PRT006,2026-07-13,1830,208,678,52.70
PLT007,PRT006,2026-07-14,496,274,648,143.00
PLT007,PRT006,2026-07-15,218,493,675,96.20
PLT007,PRT006,2026-07-16,1371,218,733,115.40
PLT007,PRT006,2026-07-17,1720,272,240,61.30
PLT007,PRT006,2026-07-18,990,466,796,46.80
PLT007,PRT006,2026-07-19,2079,493,682,40.10
PLT007,PRT006,2026-07-20,1445,319,590,77.20
PLT007,PRT006,2026-07-21,1463,329,259,132.40
PLT007,PRT006,2026-07-22,574,180,476,24.50
PLT007,PRT006,2026-07-23,630,181,659,73.80
PLT007,PRT006,2026-07-24,1254,173,658,128.60
PLT007,PRT006,2026-07-25,386,138,500,76.20
PLT007,PRT006,2026-07-26,2142,320,645,140.60
PLT007,PRT006,2026-07-27,1507,376,282,95.40
PLT007,PRT006,2026-07-28,1926,165,619,36.70
PLT007,PRT006,2026-07-29,1710,479,258,11.50
PLT007,PRT006,2026-07-30,1777,315,423,38.00
PLT007,PRT006,2026-07-31,527,447,421,29.60
PLT007,PRT006,2026-08-01,2108,428,588,125.20
PLT007,PRT006,2026-08-02,737,390,451,73.50
PLT007,PRT006,2026-08-03,226,492,369,15.70
PLT007,PRT006,2026-08-04,1474,436,352,109.00
PLT007,PRT006,2026-08-05,322,497,743,105.70
PLT007,PRT006,2026-08-06,1694,482,794,116.90
PLT007,PRT006,2026-08-07,632,280,596,32.80
PLT007,PRT006,2026-08-08,2048,413,473,46.80
PLT007,PRT006,2026-08-09,1654,485,778,148.60
PLT007,PRT006,2026-08-10,61,112,612,43.20
PLT007,PRT006,2026-08-11,902,374,736,37.90
PLT007,PRT006,2026-08-12,362,365,544,29.00
PLT007,PRT006,2026-08-13,616,425,395,115.00
PLT007,PRT006,2026-08-14,1830,136,642,84.80
PLT007,PRT006,2026-08-15,1434,405,620,134.70
PLT007,PRT006,2026-08-16,1176,268,735,83.70
PLT007,PRT006,2026-08-17,1797,434,211,29.30
PLT007,PRT006,2026-08-18,1512,129,671,16.80
PLT007,PRT006,2026-08-19,379,142,763,129.20
PLT007,PRT006,2026-08-20,482,416,656,100.70
PLT007,PRT006,2026-08-21,613,118,741,62.50
PLT007,PRT006,2026-08-22,2047,134,353,151.10
PLT007,PRT006,2026-08-23,758,192,656,135.80
PLT007,PRT006,2026-08-24,1529,236,663,97.70
PLT007,PRT006,2026-08-25,1101,470,466,125.40
PLT007,PRT006,2026-08-26,1543,443,441,49.50
PLT007,PRT006,2026-08-27,1045,138,485,29.70
PLT007,PRT006,2026-08-28,815,395,297,132.00
PLT007,PRT006,2026-08-29,307,170,250,75.00
PLT007,PRT006,2026-08-30,441,333,535,146.70
PLT007,PRT006,2026-08-31,736,220,576,78.30
PLT007,PRT006,2026-09-01,1553,246,277,113.60
PLT007,PRT006,2026-09-02,470,338,266,119.40
PLT007,PRT006,2026-09-03,469,226,700,18.40
PLT007,PRT006,2026-09-04,990,409,287,149.80
PLT007,PRT006,2026-09-05,2116,422,663,18.20
PLT007,PRT006,2026-09-06,513,409,725,34.90
PLT007,PRT006,2026-09-07,1783,155,206,92.00
PLT007,PRT006,2026-09-08,1345,178,653,67.90
PLT007,PRT006,2026-09-09,1412,309,302,146.70
PLT007,PRT006,2026-09-10,1374,330,465,93.50
PLT007,PRT006,2026-09-11,62,379,293,115.50
PLT007,PRT006,2026-09-12,1198,180,274,90.20
PLT007,PRT007,2026-06-15,1515,275,742,123.60
PLT007,PRT007,2026-06-16,135,334,415,75.80
PLT007,PRT007,2026-06-17,440,293,693,18.10
PLT007,PRT007,2026-06-18,585,263,671,58.50
PLT007,PRT007,2026-06-19,740,175,756,107.00
PLT007,PRT007,2026-06-20,1762,343,492,20.30
PLT007,PRT007,2026-06-21,1334,166,463,81.10
PLT007,PRT007,2026-06-22,1743,217,772,70.70
PLT007,PRT007,2026-06-23,868,180,288,50.50
PLT007,PRT007,2026-06-24,1274,407,627,47.00
PLT007,PRT007,2026-06-25,1202,187,306,66.70
PLT007,PRT007,2026-06-26,1417,472,588,39.80
PLT007,PRT007,2026-06-27,2052,105,345,149.30
PLT007,PRT007,2026-06-28,1777,158,414,53.80
PLT007,PRT007,2026-06-29,797,129,321,51.40
PLT007,PRT007,2026-06-30,1702,321,698,86.60
PLT007,PRT007,2026-07-01,1176,361,606,38.80
PLT007,PRT007,2026-07-02,425,255,317,78.40
PLT007,PRT007,2026-07-03,190,428,779,152.10
PLT007,PRT007,2026-07-04,1759,296,326,63.40
PLT007,PRT007,2026-07-05,807,285,215,107.80
PLT007,PRT007,2026-07-06,623,249,227,50.90
PLT007,PRT007,2026-07-07,1002,286,359,55.30
PLT007,PRT007,2026-07-08,1757,347,498,98.70
PLT007,PRT007,2026-07-09,1381,242,561,36.80
PLT007,PRT007,2026-07-10,554,269,520,66.60
PLT007,PRT007,2026-07-11,749,143,350,114.70
PLT007,PRT007,2026-07-12,1098,101,336,93.30
PLT007,PRT007,2026-07-13,755,434,785,99.10
PLT007,PRT007,2026-07-14,869,406,480,141.60
PLT007,PRT007,2026-07-15,967,175,537,116.10
PLT007,PRT007,2026-07-16,1506,432,236,41.10
PLT007,PRT007,2026-07-17,1673,190,561,95.00
PLT007,PRT007,2026-07-18,1259,189,394,70.80
PLT007,PRT007,2026-07-19,872,134,246,143.30
PLT007,PRT007,2026-07-20,1567,354,374,49.30
PLT007,PRT007,2026-07-21,705,439,785,46.80
PLT007,PRT007,2026-07-22,101,120,658,129.00
PLT007,PRT007,2026-07-23,1734,342,790,106.40
PLT007,PRT007,2026-07-24,83,244,502,76.80
PLT007,PRT007,2026-07-25,1261,402,240,19.70
PLT007,PRT007,2026-07-26,2063,470,622,118.70
PLT007,PRT007,2026-07-27,946,226,640,130.80
PLT007,PRT007,2026-07-28,71,272,306,117.10
PLT007,PRT007,2026-07-29,1655,446,668,65.80
PLT007,PRT007,2026-07-30,522,483,220,148.80
PLT007,PRT007,2026-07-31,1141,403,665,77.20
PLT007,PRT007,2026-08-01,519,327,682,58.00
PLT007,PRT007,2026-08-02,1540,152,493,117.90
PLT007,PRT007,2026-08-03,1989,385,738,118.80
PLT007,PRT007,2026-08-04,1448,211,331,31.20
PLT007,PRT007,2026-08-05,1144,100,601,65.50
PLT007,PRT007,2026-08-06,901,287,313,134.30
PLT007,PRT007,2026-08-07,755,109,595,107.40
PLT007,PRT007,2026-08-08,2065,329,771,33.60
PLT007,PRT007,2026-08-09,417,468,453,77.60
PLT007,PRT007,2026-08-10,1817,214,586,62.20
PLT007,PRT007,2026-08-11,876,307,468,91.60
PLT007,PRT007,2026-08-12,888,414,456,134.90
PLT007,PRT007,2026-08-13,550,306,319,70.30
PLT007,PRT007,2026-08-14,870,326,758,72.00
PLT007,PRT007,2026-08-15,1082,251,609,87.60
PLT007,PRT007,2026-08-16,1142,449,603,38.50
PLT007,PRT007,2026-08-17,255,463,213,139.40
PLT007,PRT007,2026-08-18,1077,137,672,51.80
PLT007,PRT007,2026-08-19,620,224,633,49.60
PLT007,PRT007,2026-08-20,984,144,226,20.40
PLT007,PRT007,2026-08-21,1076,248,333,34.70
PLT007,PRT007,2026-08-22,1414,224,745,41.20
PLT007,PRT007,2026-08-23,257,299,322,138.00
PLT007,PRT007,2026-08-24,1222,126,640,151.60
PLT007,PRT007,2026-08-25,1226,247,442,58.20
PLT007,PRT007,2026-08-26,562,433,576,111.00
PLT007,PRT007,2026-08-27,1190,288,787,56.30
PLT007,PRT007,2026-08-28,285,128,237,116.50
PLT007,PRT007,2026-08-29,320,304,550,80.60
PLT007,PRT007,2026-08-30,1507,276,305,28.50
PLT007,PRT007,2026-08-31,1320,315,449,22.00
PLT007,PRT007,2026-09-01,1347,270,309,42.80
PLT007,PRT007,2026-09-02,1525,102,265,70.30
PLT007,PRT007,2026-09-03,1113,144,640,136.00
PLT007,PRT007,2026-09-04,867,420,748,61.90
PLT007,PRT007,2026-09-05,896,283,304,116.30
PLT007,PRT007,2026-09-06,840,258,665,81.40
PLT007,PRT007,2026-09-07,446,242,597,51.40
PLT007,PRT007,2026-09-08,1424,114,695,54.40
PLT007,PRT007,2026-09-09,1155,395,209,57.00
PLT007,PRT007,2026-09-10,1748,226,307,39.10
PLT007,PRT007,2026-09-11,1748,264,630,29.30
PLT007,PRT007,2026-09-12,1192,346,521,122.70
PLT007,PRT008,2026-06-15,1043,117,690,121.90
PLT007,PRT008,2026-06-16,1743,332,734,54.40
PLT007,PRT008,2026-06-17,1075,140,423,87.10
PLT007,PRT008,2026-06-18,1355,254,775,92.20
PLT007,PRT008,2026-06-19,416,329,206,70.80
PLT007,PRT008,2026-06-20,1837,277,314,111.90
PLT007,PRT008,2026-06-21,848,423,586,115.90
PLT007,PRT008,2026-06-22,330,424,302,123.00
PLT007,PRT008,2026-06-23,1571,485,626,80.10
PLT007,PRT008,2026-06-24,1044,469,751,126.10
PLT007,PRT008,2026-06-25,1778,487,271,100.70
PLT007,PRT008,2026-06-26,248,166,431,93.80
PLT007,PRT008,2026-06-27,1943,296,715,64.30
PLT007,PRT008,2026-06-28,402,337,703,47.80
PLT007,PRT008,2026-06-29,284,422,565,74.30
PLT007,PRT008,2026-06-30,710,284,366,153.80
PLT007,PRT008,2026-07-01,1747,407,480,99.20
PLT007,PRT008,2026-07-02,452,477,371,13.60
PLT007,PRT008,2026-07-03,327,212,743,80.20
PLT007,PRT008,2026-07-04,616,323,325,35.20
PLT007,PRT008,2026-07-05,518,188,512,99.40
PLT007,PRT008,2026-07-06,589,210,354,17.80
PLT007,PRT008,2026-07-07,1834,391,586,117.40
PLT007,PRT008,2026-07-08,450,303,525,69.00
PLT007,PRT008,2026-07-09,624,172,284,98.90
PLT007,PRT008,2026-07-10,265,388,217,98.80
PLT007,PRT008,2026-07-11,1382,293,756,125.10
PLT007,PRT008,2026-07-12,2142,373,274,68.10
PLT007,PRT008,2026-07-13,769,102,213,43.30
PLT007,PRT008,2026-07-14,836,254,770,78.70
PLT007,PRT008,2026-07-15,641,142,709,134.30
PLT007,PRT008,2026-07-16,519,295,491,73.10
PLT007,PRT008,2026-07-17,380,282,507,66.30
PLT007,PRT008,2026-07-18,541,150,408,104.50
PLT007,PRT008,2026-07-19,550,118,651,41.70
PLT007,PRT008,2026-07-20,732,441,551,85.30
PLT007,PRT008,2026-07-21,1016,129,456,137.00
PLT007,PRT008,2026-07-22,351,296,470,46.00
PLT007,PRT008,2026-07-23,1963,440,567,16.40
PLT007,PRT008,2026-07-24,173,143,271,140.70
PLT007,PRT008,2026-07-25,1781,277,641,147.70
PLT007,PRT008,2026-07-26,1776,145,556,111.20
PLT007,PRT008,2026-07-27,271,297,726,62.70
PLT007,PRT008,2026-07-28,874,113,594,130.80
PLT007,PRT008,2026-07-29,1129,104,781,27.30
PLT007,PRT008,2026-07-30,1745,131,736,24.20
PLT007,PRT008,2026-07-31,1819,479,428,29.30
PLT007,PRT008,2026-08-01,830,186,567,19.70
PLT007,PRT008,2026-08-02,717,439,351,68.60
PLT007,PRT008,2026-08-03,1560,250,209,48.10
PLT007,PRT008,2026-08-04,1900,499,583,67.70
PLT007,PRT008,2026-08-05,821,466,550,100.30
PLT007,PRT008,2026-08-06,778,319,746,120.30
PLT007,PRT008,2026-08-07,175,316,629,114.10
PLT007,PRT008,2026-08-08,1408,118,636,45.40
PLT007,PRT008,2026-08-09,1241,430,422,131.10
PLT007,PRT008,2026-08-10,853,457,503,138.30
PLT007,PRT008,2026-08-11,1723,441,413,75.20
PLT007,PRT008,2026-08-12,1186,149,238,26.80
PLT007,PRT008,2026-08-13,266,470,627,149.60
PLT007,PRT008,2026-08-14,1151,172,206,30.90
PLT007,PRT008,2026-08-15,1100,430,421,33.80
PLT007,PRT008,2026-08-16,1836,465,326,45.60
PLT007,PRT008,2026-08-17,630,377,274,145.00
PLT007,PRT008,2026-08-18,1900,331,610,44.40
PLT007,PRT008,2026-08-19,1415,178,613,83.40
PLT007,PRT008,2026-08-20,898,155,271,129.90
PLT007,PRT008,2026-08-21,1548,193,431,118.50
PLT007,PRT008,2026-08-22,703,340,549,131.60
PLT007,PRT008,2026-08-23,1860,332,483,120.70
PLT007,PRT008,2026-08-24,439,188,741,103.70
PLT007,PRT008,2026-08-25,1162,258,562,92.50
PLT007,PRT008,2026-08-26,537,373,547,39.90
PLT007,PRT008,2026-08-27,1212,225,414,134.50
PLT007,PRT008,2026-08-28,847,113,335,108.60
PLT007,PRT008,2026-08-29,1845,172,247,15.70
PLT007,PRT008,2026-08-30,1454,181,313,40.60
PLT007,PRT008,2026-08-31,428,299,566,81.70
PLT007,PRT008,2026-09-01,198,365,683,96.50
PLT007,PRT008,2026-09-02,1841,407,246,62.00
PLT007,PRT008,2026-09-03,346,332,711,22.40
PLT007,PRT008,2026-09-04,969,422,507,117.40
PLT007,PRT008,2026-09-05,1838,283,632,35.70
PLT007,PRT008,2026-09-06,321,153,609,55.40
PLT007,PRT008,2026-09-07,964,252,439,148.90
PLT007,PRT008,2026-09-08,1481,436,485,78.30
PLT007,PRT008,2026-09-09,219,361,442,37.00
PLT007,PRT008,2026-09-10,1368,143,380,133.70
PLT007,PRT008,2026-09-11,1771,204,614,114.20
PLT007,PRT008,2026-09-12,1089,270,538,123.80
PLT007,PRT010,2026-06-15,104,295,213,17.90
PLT007,PRT010,2026-06-16,1648,481,296,69.40
PLT007,PRT010,2026-06-17,501,358,786,51.00
PLT007,PRT010,2026-06-18,1435,429,613,129.40
PLT007,PRT010,2026-06-19,535,439,599,128.10
PLT007,PRT010,2026-06-20,1964,350,243,85.40
PLT007,PRT010,2026-06-21,849,128,646,38.20
PLT007,PRT010,2026-06-22,889,270,221,81.80
PLT007,PRT010,2026-06-23,693,212,532,151.20
PLT007,PRT010,2026-06-24,1902,360,393,84.60
PLT007,PRT010,2026-06-25,1909,117,680,57.90
PLT007,PRT010,2026-06-26,887,179,675,56.00
PLT007,PRT010,2026-06-27,1124,345,538,33.70
PLT007,PRT010,2026-06-28,2126,385,623,65.80
PLT007,PRT010,2026-06-29,923,254,768,95.70
PLT007,PRT010,2026-06-30,1049,120,628,86.50
PLT007,PRT010,2026-07-01,1585,134,718,50.90
PLT007,PRT010,2026-07-02,654,119,794,73.10
PLT007,PRT010,2026-07-03,776,228,463,88.50
PLT007,PRT010,2026-07-04,1079,414,244,124.80
PLT007,PRT010,2026-07-05,1381,361,485,111.00
PLT007,PRT010,2026-07-06,1928,169,573,146.80
PLT007,PRT010,2026-07-07,1544,175,352,123.20
PLT007,PRT010,2026-07-08,1635,144,679,73.10
PLT007,PRT010,2026-07-09,1257,172,635,62.00
PLT007,PRT010,2026-07-10,1528,157,382,120.60
PLT007,PRT010,2026-07-11,777,135,213,120.50
PLT007,PRT010,2026-07-12,771,459,695,19.30
PLT007,PRT010,2026-07-13,799,348,574,54.60
PLT007,PRT010,2026-07-14,1276,239,641,16.50
PLT007,PRT010,2026-07-15,634,224,469,36.70
PLT007,PRT010,2026-07-16,1841,432,750,47.60
PLT007,PRT010,2026-07-17,812,360,262,128.60
PLT007,PRT010,2026-07-18,254,319,663,19.10
PLT007,PRT010,2026-07-19,381,114,402,19.40
PLT007,PRT010,2026-07-20,157,127,628,105.40
PLT007,PRT010,2026-07-21,952,401,585,114.70
PLT007,PRT010,2026-07-22,1180,237,342,143.20
PLT007,PRT010,2026-07-23,454,128,736,16.80
PLT007,PRT010,2026-07-24,1742,386,579,144.30
PLT007,PRT010,2026-07-25,1454,261,443,56.90
PLT007,PRT010,2026-07-26,1310,303,714,118.30
PLT007,PRT010,2026-07-27,220,114,559,137.50
PLT007,PRT010,2026-07-28,735,370,393,121.50
PLT007,PRT010,2026-07-29,1525,255,653,81.40
PLT007,PRT010,2026-07-30,1484,155,429,84.40
PLT007,PRT010,2026-07-31,685,446,308,33.80
PLT007,PRT010,2026-08-01,956,407,567,92.90
PLT007,PRT010,2026-08-02,1514,489,303,115.10
PLT007,PRT010,2026-08-03,1416,385,636,147.50
PLT007,PRT010,2026-08-04,485,333,207,71.20
PLT007,PRT010,2026-08-05,1103,203,303,42.10
PLT007,PRT010,2026-08-06,531,206,382,44.80
PLT007,PRT010,2026-08-07,1745,255,560,45.90
PLT007,PRT010,2026-08-08,638,364,526,92.90
PLT007,PRT010,2026-08-09,1220,110,515,140.60
PLT007,PRT010,2026-08-10,911,141,619,112.30
PLT007,PRT010,2026-08-11,741,101,360,113.10
PLT007,PRT010,2026-08-12,1098,230,754,152.20
PLT007,PRT010,2026-08-13,1669,457,579,21.70
PLT007,PRT010,2026-08-14,547,373,208,86.60
PLT007,PRT010,2026-08-15,383,478,787,45.80
PLT007,PRT010,2026-08-16,1670,486,507,102.70
PLT007,PRT010,2026-08-17,743,147,397,94.00
PLT007,PRT010,2026-08-18,1166,439,522,22.40
PLT007,PRT010,2026-08-19,951,485,798,126.50
PLT007,PRT010,2026-08-20,1077,318,520,119.80
PLT007,PRT010,2026-08-21,542,384,276,36.10
PLT007,PRT010,2026-08-22,1354,174,297,23.50
PLT007,PRT010,2026-08-23,2012,131,796,109.30
PLT007,PRT010,2026-08-24,845,135,330,66.00
PLT007,PRT010,2026-08-25,1013,238,704,39.20
PLT007,PRT010,2026-08-26,1750,111,779,53.30
PLT007,PRT010,2026-08-27,1474,344,567,54.10
PLT007,PRT010,2026-08-28,1160,498,472,120.20
PLT007,PRT010,2026-08-29,1840,241,205,80.20
PLT007,PRT010,2026-08-30,1942,113,569,23.90
PLT007,PRT010,2026-08-31,388,396,746,18.00
PLT007,PRT010,2026-09-01,56,419,307,123.60
PLT007,PRT010,2026-09-02,1238,191,281,48.40
PLT007,PRT010,2026-09-03,303,215,301,113.70
PLT007,PRT010,2026-09-04,1378,196,507,92.50
PLT007,PRT010,2026-09-05,1978,177,537,93.10
PLT007,PRT010,2026-09-06,991,169,371,46.10
PLT007,PRT010,2026-09-07,618,136,567,56.00
PLT007,PRT010,2026-09-08,1531,196,776,53.70
PLT007,PRT010,2026-09-09,1946,424,482,27.50
PLT007,PRT010,2026-09-10,1139,483,475,72.40
PLT007,PRT010,2026-09-11,182,385,259,79.90
PLT007,PRT010,2026-09-12,1995,320,377,69.00
PLT007,PRT011,2026-06-15,1672,362,382,35.90
PLT007,PRT011,2026-06-16,125,425,623,85.90
PLT007,PRT011,2026-06-17,1273,482,695,53.20
PLT007,PRT011,2026-06-18,455,156,226,114.30
PLT007,PRT011,2026-06-19,520,412,709,88.90
PLT007,PRT011,2026-06-20,801,353,246,24.40
PLT007,PRT011,2026-06-21,882,366,716,64.30
PLT007,PRT011,2026-06-22,854,214,652,86.60
PLT007,PRT011,2026-06-23,1401,365,536,101.30
PLT007,PRT011,2026-06-24,217,225,767,74.20
PLT007,PRT011,2026-06-25,1785,131,591,91.20
PLT007,PRT011,2026-06-26,1276,493,536,12.90
PLT007,PRT011,2026-06-27,1147,445,436,58.10
PLT007,PRT011,2026-06-28,1498,373,660,97.60
PLT007,PRT011,2026-06-29,1784,225,276,72.50
PLT007,PRT011,2026-06-30,833,431,666,45.10
PLT007,PRT011,2026-07-01,1240,216,316,65.80
PLT007,PRT011,2026-07-02,1035,116,463,110.40
PLT007,PRT011,2026-07-03,1001,339,339,29.20
PLT007,PRT011,2026-07-04,1940,451,535,95.50
PLT007,PRT011,2026-07-05,1068,237,374,78.00
PLT007,PRT011,2026-07-06,779,184,717,144.00
PLT007,PRT011,2026-07-07,383,364,704,124.00
PLT007,PRT011,2026-07-08,1860,382,524,42.80
PLT007,PRT011,2026-07-09,597,213,433,146.60
PLT007,PRT011,2026-07-10,855,301,652,139.50
PLT007,PRT011,2026-07-11,1714,319,366,97.40
PLT007,PRT011,2026-07-12,373,176,639,90.30
PLT007,PRT011,2026-07-13,1762,263,350,125.20
PLT007,PRT011,2026-07-14,201,444,442,79.30
PLT007,PRT011,2026-07-15,1642,245,261,90.70
PLT007,PRT011,2026-07-16,1382,218,218,150.00
PLT007,PRT011,2026-07-17,103,325,416,91.90
PLT007,PRT011,2026-07-18,1396,266,698,141.00
PLT007,PRT011,2026-07-19,569,184,630,87.30
PLT007,PRT011,2026-07-20,1571,261,546,112.10
PLT007,PRT011,2026-07-21,192,269,638,134.30
PLT007,PRT011,2026-07-22,316,201,516,150.30
PLT007,PRT011,2026-07-23,670,174,251,59.00
PLT007,PRT011,2026-07-24,314,187,723,117.10
PLT007,PRT011,2026-07-25,1905,493,593,147.10
PLT007,PRT011,2026-07-26,1892,423,451,63.00
PLT007,PRT011,2026-07-27,929,400,661,134.60
PLT007,PRT011,2026-07-28,1972,206,421,90.50
PLT007,PRT011,2026-07-29,184,433,333,109.70
PLT007,PRT011,2026-07-30,664,472,670,127.00
PLT007,PRT011,2026-07-31,947,430,608,39.60
PLT007,PRT011,2026-08-01,814,147,555,120.50
PLT007,PRT011,2026-08-02,1064,404,349,61.40
PLT007,PRT011,2026-08-03,920,386,736,45.30
PLT007,PRT011,2026-08-04,1161,227,647,62.60
PLT007,PRT011,2026-08-05,764,199,436,122.50
PLT007,PRT011,2026-08-06,1398,115,379,93.80
PLT007,PRT011,2026-08-07,1068,383,227,54.40
PLT007,PRT011,2026-08-08,2168,119,301,20.30
PLT007,PRT011,2026-08-09,1834,202,260,36.10
PLT007,PRT011,2026-08-10,561,306,797,76.20
PLT007,PRT011,2026-08-11,890,100,376,91.20
PLT007,PRT011,2026-08-12,663,468,740,147.40
PLT007,PRT011,2026-08-13,1823,103,286,129.80
PLT007,PRT011,2026-08-14,1129,353,734,86.00
PLT007,PRT011,2026-08-15,1309,100,281,114.90
PLT007,PRT011,2026-08-16,1809,297,269,89.60
PLT007,PRT011,2026-08-17,1480,100,216,45.70
PLT007,PRT011,2026-08-18,956,496,515,15.60
PLT007,PRT011,2026-08-19,1868,364,606,16.40
PLT007,PRT011,2026-08-20,505,475,446,144.10
PLT007,PRT011,2026-08-21,1183,241,447,118.40
PLT007,PRT011,2026-08-22,2105,226,287,32.80
PLT007,PRT011,2026-08-23,2149,352,573,43.00
PLT007,PRT011,2026-08-24,1995,355,291,125.40
PLT007,PRT011,2026-08-25,1898,208,246,63.00
PLT007,PRT011,2026-08-26,1984,451,702,41.80
PLT007,PRT011,2026-08-27,1233,107,571,100.80
PLT007,PRT011,2026-08-28,386,326,322,104.10
PLT007,PRT011,2026-08-29,683,105,681,81.70
PLT007,PRT011,2026-08-30,838,231,562,133.00
PLT007,PRT011,2026-08-31,225,191,502,108.30
PLT007,PRT011,2026-09-01,965,130,622,140.40
PLT007,PRT011,2026-09-02,1979,170,464,20.80
PLT007,PRT011,2026-09-03,1760,159,628,43.90
PLT007,PRT011,2026-09-04,1188,110,416,34.70
PLT007,PRT011,2026-09-05,1269,327,468,41.00
PLT007,PRT011,2026-09-06,1697,439,238,42.40
PLT007,PRT011,2026-09-07,990,341,394,87.60
PLT007,PRT011,2026-09-08,1696,441,215,59.20
PLT007,PRT011,2026-09-09,1837,492,360,57.10
PLT007,PRT011,2026-09-10,1407,497,603,13.60
PLT007,PRT011,2026-09-11,237,234,724,61.70
PLT007,PRT011,2026-09-12,974,498,648,76.00
PLT007,PRT013,2026-06-15,1344,213,288,30.50
PLT007,PRT013,2026-06-16,593,344,208,129.30
PLT007,PRT013,2026-06-17,1988,178,233,46.90
PLT007,PRT013,2026-06-18,1364,217,689,44.30
PLT007,PRT013,2026-06-19,1662,146,632,50.10
PLT007,PRT013,2026-06-20,968,168,503,45.20
PLT007,PRT013,2026-06-21,1622,295,357,104.20
PLT007,PRT013,2026-06-22,1160,369,548,133.70
PLT007,PRT013,2026-06-23,77,369,521,64.30
PLT007,PRT013,2026-06-24,921,107,573,32.00
PLT007,PRT013,2026-06-25,1782,101,399,59.80
PLT007,PRT013,2026-06-26,1610,237,693,67.20
PLT007,PRT013,2026-06-27,2127,243,496,114.20
PLT007,PRT013,2026-06-28,1720,116,301,142.50
PLT007,PRT013,2026-06-29,952,429,336,91.80
PLT007,PRT013,2026-06-30,1944,278,725,53.20
PLT007,PRT013,2026-07-01,1432,389,428,100.30
PLT007,PRT013,2026-07-02,1629,166,782,46.80
PLT007,PRT013,2026-07-03,690,212,519,89.40
PLT007,PRT013,2026-07-04,1794,465,248,46.70
PLT007,PRT013,2026-07-05,1025,332,605,39.00
PLT007,PRT013,2026-07-06,1090,379,283,101.20
PLT007,PRT013,2026-07-07,1235,480,487,49.60
PLT007,PRT013,2026-07-08,384,346,731,79.80
PLT007,PRT013,2026-07-09,1273,404,484,32.50
PLT007,PRT013,2026-07-10,1770,218,304,85.50
PLT007,PRT013,2026-07-11,987,358,297,22.90
PLT007,PRT013,2026-07-12,1179,421,568,147.10
PLT007,PRT013,2026-07-13,994,124,342,110.00
PLT007,PRT013,2026-07-14,1375,115,764,132.60
PLT007,PRT013,2026-07-15,761,455,335,126.10
PLT007,PRT013,2026-07-16,1545,168,356,54.50
PLT007,PRT013,2026-07-17,350,319,733,150.00
PLT007,PRT013,2026-07-18,946,444,640,30.00
PLT007,PRT013,2026-07-19,596,380,467,93.70
PLT007,PRT013,2026-07-20,985,459,739,23.30
PLT007,PRT013,2026-07-21,76,170,706,67.40
PLT007,PRT013,2026-07-22,156,325,298,101.30
PLT007,PRT013,2026-07-23,181,187,286,127.60
PLT007,PRT013,2026-07-24,550,372,380,71.50
PLT007,PRT013,2026-07-25,1972,438,332,107.70
PLT007,PRT013,2026-07-26,629,195,363,134.80
PLT007,PRT013,2026-07-27,1254,319,261,54.70
PLT007,PRT013,2026-07-28,709,485,528,27.50
PLT007,PRT013,2026-07-29,1063,267,237,112.60
PLT007,PRT013,2026-07-30,1211,311,417,110.20
PLT007,PRT013,2026-07-31,1222,285,310,44.50
PLT007,PRT013,2026-08-01,754,297,299,70.10
PLT007,PRT013,2026-08-02,613,176,228,127.30
PLT007,PRT013,2026-08-03,1391,135,426,124.40
PLT007,PRT013,2026-08-04,1404,498,212,38.60
PLT007,PRT013,2026-08-05,326,369,323,21.90
PLT007,PRT013,2026-08-06,1079,418,505,50.40
PLT007,PRT013,2026-08-07,1239,379,362,114.20
PLT007,PRT013,2026-08-08,944,421,346,38.40
PLT007,PRT013,2026-08-09,759,223,655,119.20
PLT007,PRT013,2026-08-10,92,479,390,139.90
PLT007,PRT013,2026-08-11,731,121,486,25.40
PLT007,PRT013,2026-08-12,1710,184,385,40.60
PLT007,PRT013,2026-08-13,1907,226,328,117.90
PLT007,PRT013,2026-08-14,1056,431,624,61.80
PLT007,PRT013,2026-08-15,1385,134,586,107.40
PLT007,PRT013,2026-08-16,1074,210,506,147.60
PLT007,PRT013,2026-08-17,1219,145,559,41.10
PLT007,PRT013,2026-08-18,92,480,777,130.50
PLT007,PRT013,2026-08-19,861,271,274,110.50
PLT007,PRT013,2026-08-20,1879,162,230,140.40
PLT007,PRT013,2026-08-21,435,109,618,48.10
PLT007,PRT013,2026-08-22,731,152,672,99.90
PLT007,PRT013,2026-08-23,1893,435,238,60.50
PLT007,PRT013,2026-08-24,592,461,311,35.40
PLT007,PRT013,2026-08-25,782,330,210,87.40
PLT007,PRT013,2026-08-26,1376,485,447,22.10
PLT007,PRT013,2026-08-27,113,319,646,74.50
PLT007,PRT013,2026-08-28,1726,119,569,74.90
PLT007,PRT013,2026-08-29,614,306,740,150.30
PLT007,PRT013,2026-08-30,1621,206,374,37.40
PLT007,PRT013,2026-08-31,851,215,630,36.40
PLT007,PRT013,2026-09-01,101,203,438,98.30
PLT007,PRT013,2026-09-02,1257,234,689,46.30
PLT007,PRT013,2026-09-03,969,239,429,81.30
PLT007,PRT013,2026-09-04,665,141,233,129.80
PLT007,PRT013,2026-09-05,544,371,645,147.10
PLT007,PRT013,2026-09-06,1430,317,764,67.50
PLT007,PRT013,2026-09-07,1091,209,705,51.50
PLT007,PRT013,2026-09-08,982,341,373,16.70
PLT007,PRT013,2026-09-09,956,263,295,78.80
PLT007,PRT013,2026-09-10,1666,409,464,93.60
PLT007,PRT013,2026-09-11,542,490,440,108.70
PLT007,PRT013,2026-09-12,2190,323,349,115.30
PLT007,PRT014,2026-06-15,1680,470,485,60.00
PLT007,PRT014,2026-06-16,1642,419,347,72.60
PLT007,PRT014,2026-06-17,666,332,558,137.60
PLT007,PRT014,2026-06-18,818,148,753,104.00
PLT007,PRT014,2026-06-19,1500,373,456,15.40
PLT007,PRT014,2026-06-20,825,357,207,101.50
PLT007,PRT014,2026-06-21,1540,215,334,116.60
PLT007,PRT014,2026-06-22,1844,391,485,60.90
PLT007,PRT014,2026-06-23,1004,199,246,80.20
PLT007,PRT014,2026-06-24,1500,190,489,116.60
PLT007,PRT014,2026-06-25,964,206,607,145.40
PLT007,PRT014,2026-06-26,1837,224,663,121.60
PLT007,PRT014,2026-06-27,1087,247,542,97.50
PLT007,PRT014,2026-06-28,1589,146,582,24.20
PLT007,PRT014,2026-06-29,1000,356,521,81.30
PLT007,PRT014,2026-06-30,509,484,700,65.70
PLT007,PRT014,2026-07-01,1539,207,572,77.20
PLT007,PRT014,2026-07-02,601,309,213,18.50
PLT007,PRT014,2026-07-03,764,485,687,136.60
PLT007,PRT014,2026-07-04,1024,376,368,103.90
PLT007,PRT014,2026-07-05,1910,107,301,82.10
PLT007,PRT014,2026-07-06,1105,294,363,129.40
PLT007,PRT014,2026-07-07,1574,427,303,25.80
PLT007,PRT014,2026-07-08,721,178,787,70.00
PLT007,PRT014,2026-07-09,1114,438,577,105.10
PLT007,PRT014,2026-07-10,296,154,426,136.00
PLT007,PRT014,2026-07-11,1733,330,336,41.40
PLT007,PRT014,2026-07-12,333,167,607,32.10
PLT007,PRT014,2026-07-13,68,322,486,135.30
PLT007,PRT014,2026-07-14,1864,388,667,143.40
PLT007,PRT014,2026-07-15,896,211,678,144.30
PLT007,PRT014,2026-07-16,1231,458,363,88.40
PLT007,PRT014,2026-07-17,956,309,475,125.80
PLT007,PRT014,2026-07-18,1650,274,708,35.00
PLT007,PRT014,2026-07-19,1901,276,432,39.10
PLT007,PRT014,2026-07-20,776,234,351,152.20
PLT007,PRT014,2026-07-21,1909,257,362,15.40
PLT007,PRT014,2026-07-22,332,345,602,74.20
PLT007,PRT014,2026-07-23,1313,325,723,118.60
PLT007,PRT014,2026-07-24,266,347,543,66.50
PLT007,PRT014,2026-07-25,422,490,663,56.30
PLT007,PRT014,2026-07-26,629,459,527,104.00
PLT007,PRT014,2026-07-27,83,184,261,103.50
PLT007,PRT014,2026-07-28,242,143,476,112.90
PLT007,PRT014,2026-07-29,72,455,329,80.60
PLT007,PRT014,2026-07-30,1476,453,685,144.40
PLT007,PRT014,2026-07-31,1208,492,754,116.80
PLT007,PRT014,2026-08-01,470,128,641,139.70
PLT007,PRT014,2026-08-02,1541,466,623,149.80
PLT007,PRT014,2026-08-03,1921,105,387,36.40
PLT007,PRT014,2026-08-04,825,481,452,60.80
PLT007,PRT014,2026-08-05,693,172,243,141.80
PLT007,PRT014,2026-08-06,1615,448,686,90.70
PLT007,PRT014,2026-08-07,1723,233,294,59.90
PLT007,PRT014,2026-08-08,860,301,538,20.20
PLT007,PRT014,2026-08-09,319,281,300,86.20
PLT007,PRT014,2026-08-10,1176,256,665,81.00
PLT007,PRT014,2026-08-11,281,208,565,111.90
PLT007,PRT014,2026-08-12,1310,198,569,138.40
PLT007,PRT014,2026-08-13,1579,351,798,37.80
PLT007,PRT014,2026-08-14,1076,203,309,133.70
PLT007,PRT014,2026-08-15,619,416,615,60.90
PLT007,PRT014,2026-08-16,811,199,242,96.00
PLT007,PRT014,2026-08-17,1444,114,370,82.90
PLT007,PRT014,2026-08-18,53,245,524,100.70
PLT007,PRT014,2026-08-19,145,391,716,40.70
PLT007,PRT014,2026-08-20,91,293,799,31.60
PLT007,PRT014,2026-08-21,1680,199,672,97.90
PLT007,PRT014,2026-08-22,1730,238,718,69.10
PLT007,PRT014,2026-08-23,1953,391,415,41.20
PLT007,PRT014,2026-08-24,775,313,592,115.30
PLT007,PRT014,2026-08-25,1136,288,796,24.40
PLT007,PRT014,2026-08-26,537,314,314,43.60
PLT007,PRT014,2026-08-27,1756,445,624,60.70
PLT007,PRT014,2026-08-28,1651,123,256,29.40
PLT007,PRT014,2026-08-29,582,432,454,50.80
PLT007,PRT014,2026-08-30,878,277,719,69.00
PLT007,PRT014,2026-08-31,1689,297,354,51.70
PLT007,PRT014,2026-09-01,430,261,683,18.40
PLT007,PRT014,2026-09-02,892,163,344,112.30
PLT007,PRT014,2026-09-03,1323,242,546,64.20
PLT007,PRT014,2026-09-04,1727,366,756,60.70
PLT007,PRT014,2026-09-05,1225,400,368,35.80
PLT007,PRT014,2026-09-06,992,324,796,59.10
PLT007,PRT014,2026-09-07,1516,441,322,27.00
PLT007,PRT014,2026-09-08,303,364,740,119.30
PLT007,PRT014,2026-09-09,1299,441,312,71.00
PLT007,PRT014,2026-09-10,1677,218,559,45.30
PLT007,PRT014,2026-09-11,957,495,663,77.50
PLT007,PRT014,2026-09-12,1798,325,599,127.60
PLT007,PRT016,2026-06-15,568,498,306,88.10
PLT007,PRT016,2026-06-16,1370,265,308,149.60
PLT007,PRT016,2026-06-17,1841,165,588,19.60
PLT007,PRT016,2026-06-18,1596,469,754,112.60
PLT007,PRT016,2026-06-19,1612,138,284,127.50
PLT007,PRT016,2026-06-20,693,109,456,107.30
PLT007,PRT016,2026-06-21,476,270,502,119.50
PLT007,PRT016,2026-06-22,933,403,672,32.80
PLT007,PRT016,2026-06-23,77,314,316,96.60
PLT007,PRT016,2026-06-24,1353,142,741,131.50
PLT007,PRT016,2026-06-25,105,481,318,50.60
PLT007,PRT016,2026-06-26,384,292,391,71.60
PLT007,PRT016,2026-06-27,1553,455,723,120.40
PLT007,PRT016,2026-06-28,1665,482,691,92.20
PLT007,PRT016,2026-06-29,100,211,566,31.10
PLT007,PRT016,2026-06-30,855,181,497,134.30
PLT007,PRT016,2026-07-01,1744,342,591,40.20
PLT007,PRT016,2026-07-02,1931,426,434,32.40
PLT007,PRT016,2026-07-03,1530,449,528,63.50
PLT007,PRT016,2026-07-04,2196,279,314,20.40
PLT007,PRT016,2026-07-05,636,340,411,22.50
PLT007,PRT016,2026-07-06,1119,304,321,58.90
PLT007,PRT016,2026-07-07,738,361,468,27.60
PLT007,PRT016,2026-07-08,1034,458,483,134.90
PLT007,PRT016,2026-07-09,868,274,551,21.80
PLT007,PRT016,2026-07-10,1118,442,325,44.60
PLT007,PRT016,2026-07-11,1678,361,633,31.00
PLT007,PRT016,2026-07-12,368,259,222,143.70
PLT007,PRT016,2026-07-13,334,178,458,141.40
PLT007,PRT016,2026-07-14,1028,469,748,74.40
PLT007,PRT016,2026-07-15,361,158,351,17.80
PLT007,PRT016,2026-07-16,1691,366,685,37.30
PLT007,PRT016,2026-07-17,896,130,341,65.60
PLT007,PRT016,2026-07-18,644,284,775,16.60
PLT007,PRT016,2026-07-19,529,365,364,51.40
PLT007,PRT016,2026-07-20,1903,390,466,110.70
PLT007,PRT016,2026-07-21,1896,425,630,94.30
PLT007,PRT016,2026-07-22,512,165,390,140.70
PLT007,PRT016,2026-07-23,1424,477,710,31.10
PLT007,PRT016,2026-07-24,69,145,494,50.20
PLT007,PRT016,2026-07-25,626,475,573,131.30
PLT007,PRT016,2026-07-26,1772,190,757,25.80
PLT007,PRT016,2026-07-27,1971,309,264,76.60
PLT007,PRT016,2026-07-28,904,449,446,78.80
PLT007,PRT016,2026-07-29,1168,132,357,137.00
PLT007,PRT016,2026-07-30,1437,133,393,150.40
PLT007,PRT016,2026-07-31,230,219,336,149.40
PLT007,PRT016,2026-08-01,352,464,741,139.00
PLT007,PRT016,2026-08-02,1794,113,777,140.10
PLT007,PRT016,2026-08-03,305,153,359,85.90
PLT007,PRT016,2026-08-04,795,230,665,17.60
PLT007,PRT016,2026-08-05,1851,113,253,50.50
PLT007,PRT016,2026-08-06,874,300,776,32.00
PLT007,PRT016,2026-08-07,779,235,521,13.10
PLT007,PRT016,2026-08-08,440,319,601,59.10
PLT007,PRT016,2026-08-09,672,332,789,14.70
PLT007,PRT016,2026-08-10,1386,397,799,103.60
PLT007,PRT016,2026-08-11,1668,123,279,103.30
PLT007,PRT016,2026-08-12,695,367,508,55.80
PLT007,PRT016,2026-08-13,1820,470,290,36.00
PLT007,PRT016,2026-08-14,853,461,441,135.20
PLT007,PRT016,2026-08-15,751,407,438,112.70
PLT007,PRT016,2026-08-16,499,486,265,145.20
PLT007,PRT016,2026-08-17,526,492,217,35.60
PLT007,PRT016,2026-08-18,920,223,599,48.30
PLT007,PRT016,2026-08-19,811,274,724,136.10
PLT007,PRT016,2026-08-20,1569,114,427,120.40
PLT007,PRT016,2026-08-21,1748,323,423,97.20
PLT007,PRT016,2026-08-22,1134,344,491,21.80
PLT007,PRT016,2026-08-23,1327,111,668,75.00
PLT007,PRT016,2026-08-24,316,452,588,37.60
PLT007,PRT016,2026-08-25,1512,236,496,148.30
PLT007,PRT016,2026-08-26,1244,448,638,58.80
PLT007,PRT016,2026-08-27,330,166,484,129.50
PLT007,PRT016,2026-08-28,1227,360,402,46.60
PLT007,PRT016,2026-08-29,396,345,504,146.00
PLT007,PRT016,2026-08-30,538,194,604,88.80
PLT007,PRT016,2026-08-31,1689,214,724,68.90
PLT007,PRT016,2026-09-01,1479,462,391,56.80
PLT007,PRT016,2026-09-02,404,238,319,133.10
PLT007,PRT016,2026-09-03,1692,135,717,148.40
PLT007,PRT016,2026-09-04,1477,120,703,77.20
PLT007,PRT016,2026-09-05,1220,281,574,24.00
PLT007,PRT016,2026-09-06,2026,380,670,133.50
PLT007,PRT016,2026-09-07,1846,499,625,10.00
PLT007,PRT016,2026-09-08,1345,340,777,111.10
PLT007,PRT016,2026-09-09,181,353,436,40.70
PLT007,PRT016,2026-09-10,1535,409,717,122.40
PLT007,PRT016,2026-09-11,1493,300,714,132.70
PLT007,PRT016,2026-09-12,796,106,602,56.30
PLT007,PRT017,2026-06-15,1065,226,277,120.00
PLT007,PRT017,2026-06-16,81,388,261,38.20
PLT007,PRT017,2026-06-17,906,160,664,33.40
PLT007,PRT017,2026-06-18,867,370,603,104.70
PLT007,PRT017,2026-06-19,706,252,387,85.80
PLT007,PRT017,2026-06-20,613,145,735,101.30
PLT007,PRT017,2026-06-21,261,263,628,17.20
PLT007,PRT017,2026-06-22,1739,451,768,47.40
PLT007,PRT017,2026-06-23,485,113,363,65.50
PLT007,PRT017,2026-06-24,692,419,787,85.80
PLT007,PRT017,2026-06-25,262,255,551,34.10
PLT007,PRT017,2026-06-26,845,248,374,137.80
PLT007,PRT017,2026-06-27,2110,452,769,90.70
PLT007,PRT017,2026-06-28,862,271,499,118.30
PLT007,PRT017,2026-06-29,1926,130,288,95.90
PLT007,PRT017,2026-06-30,1627,277,471,98.40
PLT007,PRT017,2026-07-01,327,476,419,57.70
PLT007,PRT017,2026-07-02,1505,226,564,125.00
PLT007,PRT017,2026-07-03,400,215,591,89.90
PLT007,PRT017,2026-07-04,1003,338,281,59.30
PLT007,PRT017,2026-07-05,1857,112,621,35.30
PLT007,PRT017,2026-07-06,774,131,280,68.20
PLT007,PRT017,2026-07-07,1693,156,420,140.80
PLT007,PRT017,2026-07-08,838,350,607,115.40
PLT007,PRT017,2026-07-09,875,146,662,78.30
PLT007,PRT017,2026-07-10,246,296,521,111.10
PLT007,PRT017,2026-07-11,1921,132,652,87.80
PLT007,PRT017,2026-07-12,871,482,254,51.90
PLT007,PRT017,2026-07-13,1930,183,788,119.00
PLT007,PRT017,2026-07-14,833,251,370,93.00
PLT007,PRT017,2026-07-15,434,417,218,102.20
PLT007,PRT017,2026-07-16,1395,250,604,34.40
PLT007,PRT017,2026-07-17,1528,245,410,128.30
PLT007,PRT017,2026-07-18,1913,328,672,116.00
PLT007,PRT017,2026-07-19,1703,331,342,57.80
PLT007,PRT017,2026-07-20,290,296,281,64.40
PLT007,PRT017,2026-07-21,278,421,739,142.80
PLT007,PRT017,2026-07-22,775,346,769,97.00
PLT007,PRT017,2026-07-23,706,204,275,122.90
PLT007,PRT017,2026-07-24,1281,189,440,47.40
PLT007,PRT017,2026-07-25,477,242,609,70.70
PLT007,PRT017,2026-07-26,1833,460,265,37.40
PLT007,PRT017,2026-07-27,1262,305,405,80.10
PLT007,PRT017,2026-07-28,440,312,764,30.70
PLT007,PRT017,2026-07-29,850,482,731,135.40
PLT007,PRT017,2026-07-30,1744,401,535,148.00
PLT007,PRT017,2026-07-31,1996,458,576,47.90
PLT007,PRT017,2026-08-01,1705,225,482,62.80
PLT007,PRT017,2026-08-02,608,247,342,76.50
PLT007,PRT017,2026-08-03,605,160,510,94.20
PLT007,PRT017,2026-08-04,646,259,550,148.90
PLT007,PRT017,2026-08-05,906,262,313,90.30
PLT007,PRT017,2026-08-06,251,178,432,145.80
PLT007,PRT017,2026-08-07,940,173,562,112.30
PLT007,PRT017,2026-08-08,2101,443,324,60.60
PLT007,PRT017,2026-08-09,1349,424,672,77.00
PLT007,PRT017,2026-08-10,377,385,386,33.50
PLT007,PRT017,2026-08-11,498,461,526,103.80
PLT007,PRT017,2026-08-12,557,152,559,134.70
PLT007,PRT017,2026-08-13,408,277,486,44.30
PLT007,PRT017,2026-08-14,1677,304,458,132.30
PLT007,PRT017,2026-08-15,2012,308,684,58.30
PLT007,PRT017,2026-08-16,849,483,263,18.00
PLT007,PRT017,2026-08-17,815,161,515,58.50
PLT007,PRT017,2026-08-18,421,375,436,40.50
PLT007,PRT017,2026-08-19,1978,365,495,96.30
PLT007,PRT017,2026-08-20,401,247,636,39.30
PLT007,PRT017,2026-08-21,1563,112,473,44.10
PLT007,PRT017,2026-08-22,959,186,452,42.70
PLT007,PRT017,2026-08-23,1615,446,210,94.00
PLT007,PRT017,2026-08-24,55,138,669,88.00
PLT007,PRT017,2026-08-25,1843,330,562,77.00
PLT007,PRT017,2026-08-26,491,265,483,24.90
PLT007,PRT017,2026-08-27,189,302,308,70.80
PLT007,PRT017,2026-08-28,1939,169,701,78.40
PLT007,PRT017,2026-08-29,400,269,427,36.60
PLT007,PRT017,2026-08-30,984,115,770,40.00
PLT007,PRT017,2026-08-31,1952,333,540,41.40
PLT007,PRT017,2026-09-01,513,398,457,148.10
PLT007,PRT017,2026-09-02,225,249,730,79.20
PLT007,PRT017,2026-09-03,1457,262,455,36.30
PLT007,PRT017,2026-09-04,1355,317,468,51.60
PLT007,PRT017,2026-09-05,695,403,662,105.80
PLT007,PRT017,2026-09-06,515,159,300,28.60
PLT007,PRT017,2026-09-07,1734,411,276,64.70
PLT007,PRT017,2026-09-08,1507,492,313,134.50
PLT007,PRT017,2026-09-09,1859,414,233,10.40
PLT007,PRT017,2026-09-10,1397,499,395,75.60
PLT007,PRT017,2026-09-11,1632,149,255,55.30
PLT007,PRT017,2026-09-12,2127,225,791,70.50
PLT007,PRT019,2026-06-15,152,193,605,133.00
PLT007,PRT019,2026-06-16,747,207,779,152.80
PLT007,PRT019,2026-06-17,325,328,612,14.60
PLT007,PRT019,2026-06-18,1650,436,596,123.90
PLT007,PRT019,2026-06-19,1845,366,423,20.20
PLT007,PRT019,2026-06-20,1411,114,363,136.70
PLT007,PRT019,2026-06-21,760,126,599,46.30
PLT007,PRT019,2026-06-22,696,217,674,93.00
PLT007,PRT019,2026-06-23,587,420,548,63.10
PLT007,PRT019,2026-06-24,1843,235,518,18.70
PLT007,PRT019,2026-06-25,681,225,511,60.80
PLT007,PRT019,2026-06-26,1581,266,440,35.10
PLT007,PRT019,2026-06-27,2011,159,352,28.90
PLT007,PRT019,2026-06-28,1741,159,202,64.00
PLT007,PRT019,2026-06-29,608,204,509,134.50
PLT007,PRT019,2026-06-30,1271,213,254,74.60
PLT007,PRT019,2026-07-01,449,421,744,35.30
PLT007,PRT019,2026-07-02,939,290,618,82.20
PLT007,PRT019,2026-07-03,641,195,601,24.60
PLT007,PRT019,2026-07-04,404,409,428,75.20
PLT007,PRT019,2026-07-05,1907,288,248,72.80
PLT007,PRT019,2026-07-06,433,390,563,119.60
PLT007,PRT019,2026-07-07,211,378,243,57.40
PLT007,PRT019,2026-07-08,1646,430,576,118.20
PLT007,PRT019,2026-07-09,496,459,546,77.50
PLT007,PRT019,2026-07-10,992,204,791,14.00
PLT007,PRT019,2026-07-11,1934,235,673,148.30
PLT007,PRT019,2026-07-12,868,336,739,137.20
PLT007,PRT019,2026-07-13,137,215,486,38.20
PLT007,PRT019,2026-07-14,584,172,611,74.70
PLT007,PRT019,2026-07-15,1719,293,676,106.70
PLT007,PRT019,2026-07-16,1153,202,335,60.30
PLT007,PRT019,2026-07-17,352,360,740,45.00
PLT007,PRT019,2026-07-18,790,137,253,97.50
PLT007,PRT019,2026-07-19,1626,135,673,16.80
PLT007,PRT019,2026-07-20,161,193,530,70.30
PLT007,PRT019,2026-07-21,1938,449,258,148.60
PLT007,PRT019,2026-07-22,254,280,442,129.10
PLT007,PRT019,2026-07-23,516,327,780,21.90
PLT007,PRT019,2026-07-24,62,204,567,41.00
PLT007,PRT019,2026-07-25,1253,407,757,55.10
PLT007,PRT019,2026-07-26,1669,405,472,129.10
PLT007,PRT019,2026-07-27,115,128,469,91.10
PLT007,PRT019,2026-07-28,1550,401,730,106.60
PLT007,PRT019,2026-07-29,1848,449,487,141.90
PLT007,PRT019,2026-07-30,1085,412,294,55.50
PLT007,PRT019,2026-07-31,353,137,734,94.60
PLT007,PRT019,2026-08-01,449,129,716,151.30
PLT007,PRT019,2026-08-02,1228,118,451,62.70
PLT007,PRT019,2026-08-03,1800,333,734,52.70
PLT007,PRT019,2026-08-04,830,365,261,143.70
PLT007,PRT019,2026-08-05,91,409,276,68.10
PLT007,PRT019,2026-08-06,1749,422,527,35.40
PLT007,PRT019,2026-08-07,513,259,582,109.60
PLT007,PRT019,2026-08-08,253,161,281,96.30
PLT007,PRT019,2026-08-09,859,271,422,143.30
PLT007,PRT019,2026-08-10,902,156,340,114.30
PLT007,PRT019,2026-08-11,658,260,674,131.60
PLT007,PRT019,2026-08-12,1234,481,541,78.30
PLT007,PRT019,2026-08-13,1247,386,707,116.00
PLT007,PRT019,2026-08-14,1124,499,764,97.70
PLT007,PRT019,2026-08-15,594,471,676,15.00
PLT007,PRT019,2026-08-16,513,222,792,107.40
PLT007,PRT019,2026-08-17,582,257,702,42.70
PLT007,PRT019,2026-08-18,974,208,280,91.00
PLT007,PRT019,2026-08-19,872,108,408,141.80
PLT007,PRT019,2026-08-20,1106,191,447,84.60
PLT007,PRT019,2026-08-21,1252,377,317,68.70
PLT007,PRT019,2026-08-22,1580,132,719,82.60
PLT007,PRT019,2026-08-23,774,273,658,91.80
PLT007,PRT019,2026-08-24,190,349,602,24.00
PLT007,PRT019,2026-08-25,1833,176,743,126.00
PLT007,PRT019,2026-08-26,1689,375,279,97.00
PLT007,PRT019,2026-08-27,329,286,251,65.60
PLT007,PRT019,2026-08-28,1995,392,301,14.90
PLT007,PRT019,2026-08-29,1076,261,418,134.80
PLT007,PRT019,2026-08-30,1995,364,492,68.40
PLT007,PRT019,2026-08-31,1813,255,365,103.20
PLT007,PRT019,2026-09-01,1695,493,305,61.60
PLT007,PRT019,2026-09-02,1928,461,655,22.80
PLT007,PRT019,2026-09-03,1676,368,424,97.00
PLT007,PRT019,2026-09-04,783,155,438,96.50
PLT007,PRT019,2026-09-05,1153,218,343,143.40
PLT007,PRT019,2026-09-06,1921,334,798,134.60
PLT007,PRT019,2026-09-07,1904,397,612,134.20
PLT007,PRT019,2026-09-08,269,285,539,137.90
PLT007,PRT019,2026-09-09,97,452,672,150.50
PLT007,PRT019,2026-09-10,359,242,337,78.30
PLT007,PRT019,2026-09-11,595,301,621,55.70
PLT007,PRT019,2026-09-12,331,392,537,32.60
PLT008,PRT001,2026-06-15,840,147,754,141.70
PLT008,PRT001,2026-06-16,1182,500,312,74.90
PLT008,PRT001,2026-06-17,1309,278,737,126.10
PLT008,PRT001,2026-06-18,1796,444,433,31.00
PLT008,PRT001,2026-06-19,618,393,264,90.80
PLT008,PRT001,2026-06-20,1371,219,652,59.50
PLT008,PRT001,2026-06-21,1600,273,584,143.80
PLT008,PRT001,2026-06-22,740,104,753,141.20
PLT008,PRT001,2026-06-23,1246,221,706,81.00
PLT008,PRT001,2026-06-24,1129,178,502,102.50
PLT008,PRT001,2026-06-25,386,208,520,81.90
PLT008,PRT001,2026-06-26,681,132,654,99.30
PLT008,PRT001,2026-06-27,1356,305,347,125.70
PLT008,PRT001,2026-06-28,704,284,384,99.20
PLT008,PRT001,2026-06-29,753,170,792,97.30
PLT008,PRT001,2026-06-30,1125,204,678,123.60
PLT008,PRT001,2026-07-01,923,366,229,143.70
PLT008,PRT001,2026-07-02,1116,206,794,123.40
PLT008,PRT001,2026-07-03,1738,466,208,62.30
PLT008,PRT001,2026-07-04,1168,403,323,119.80
PLT008,PRT001,2026-07-05,1392,247,631,149.40
PLT008,PRT001,2026-07-06,660,114,395,37.20
PLT008,PRT001,2026-07-07,1640,130,232,133.70
PLT008,PRT001,2026-07-08,1189,106,532,79.90
PLT008,PRT001,2026-07-09,1696,495,265,35.30
PLT008,PRT001,2026-07-10,194,105,708,132.60
PLT008,PRT001,2026-07-11,1920,283,558,48.70
PLT008,PRT001,2026-07-12,1974,185,776,73.70
PLT008,PRT001,2026-07-13,787,392,314,35.80
PLT008,PRT001,2026-07-14,1388,413,569,130.90
PLT008,PRT001,2026-07-15,1492,451,695,70.10
PLT008,PRT001,2026-07-16,1327,452,591,25.10
PLT008,PRT001,2026-07-17,1841,386,424,68.50
PLT008,PRT001,2026-07-18,624,473,598,61.90
PLT008,PRT001,2026-07-19,1977,185,422,103.70
PLT008,PRT001,2026-07-20,1646,491,790,96.90
PLT008,PRT001,2026-07-21,1627,206,366,142.80
PLT008,PRT001,2026-07-22,1113,145,481,116.30
PLT008,PRT001,2026-07-23,520,297,302,125.10
PLT008,PRT001,2026-07-24,314,314,761,74.90
PLT008,PRT001,2026-07-25,1217,424,736,68.10
PLT008,PRT001,2026-07-26,1031,313,422,25.70
PLT008,PRT001,2026-07-27,1787,229,321,105.20
PLT008,PRT001,2026-07-28,1043,261,550,69.20
PLT008,PRT001,2026-07-29,162,290,511,88.10
PLT008,PRT001,2026-07-30,1188,479,672,77.00
PLT008,PRT001,2026-07-31,1997,312,555,46.30
PLT008,PRT001,2026-08-01,1481,282,287,27.30
PLT008,PRT001,2026-08-02,1236,379,313,11.80
PLT008,PRT001,2026-08-03,1884,383,389,35.80
PLT008,PRT001,2026-08-04,798,353,290,125.20
PLT008,PRT001,2026-08-05,1189,167,708,56.20
PLT008,PRT001,2026-08-06,615,445,723,88.50
PLT008,PRT001,2026-08-07,1881,264,697,127.50
PLT008,PRT001,2026-08-08,641,209,488,106.90
PLT008,PRT001,2026-08-09,1672,435,434,135.60
PLT008,PRT001,2026-08-10,220,299,272,95.80
PLT008,PRT001,2026-08-11,275,158,497,76.80
PLT008,PRT001,2026-08-12,586,120,229,82.70
PLT008,PRT001,2026-08-13,822,336,624,70.70
PLT008,PRT001,2026-08-14,1646,486,347,79.60
PLT008,PRT001,2026-08-15,2004,451,682,119.50
PLT008,PRT001,2026-08-16,672,452,648,58.10
PLT008,PRT001,2026-08-17,1751,235,380,47.40
PLT008,PRT001,2026-08-18,430,376,704,43.20
PLT008,PRT001,2026-08-19,1267,119,291,47.10
PLT008,PRT001,2026-08-20,1076,102,775,72.30
PLT008,PRT001,2026-08-21,71,266,565,76.80
PLT008,PRT001,2026-08-22,1682,240,529,20.30
PLT008,PRT001,2026-08-23,1826,460,605,110.70
PLT008,PRT001,2026-08-24,276,311,756,23.70
PLT008,PRT001,2026-08-25,1207,137,756,33.70
PLT008,PRT001,2026-08-26,1938,309,461,98.90
PLT008,PRT001,2026-08-27,756,449,594,124.20
PLT008,PRT001,2026-08-28,916,288,516,107.30
PLT008,PRT001,2026-08-29,653,304,228,55.00
PLT008,PRT001,2026-08-30,984,393,789,16.40
PLT008,PRT001,2026-08-31,1331,365,650,130.10
PLT008,PRT001,2026-09-01,1954,214,519,54.60
PLT008,PRT001,2026-09-02,679,189,430,66.30
PLT008,PRT001,2026-09-03,571,307,370,115.70
PLT008,PRT001,2026-09-04,957,426,626,136.10
PLT008,PRT001,2026-09-05,1057,225,235,124.00
PLT008,PRT001,2026-09-06,1093,409,277,50.20
PLT008,PRT001,2026-09-07,1907,183,744,51.00
PLT008,PRT001,2026-09-08,1299,329,367,50.00
PLT008,PRT001,2026-09-09,1016,485,200,22.60
PLT008,PRT001,2026-09-10,662,324,368,25.00
PLT008,PRT001,2026-09-11,636,157,577,64.80
PLT008,PRT001,2026-09-12,414,268,599,82.90
PLT008,PRT003,2026-06-15,1873,455,615,80.00
PLT008,PRT003,2026-06-16,1103,353,709,27.90
PLT008,PRT003,2026-06-17,1209,285,789,32.50
PLT008,PRT003,2026-06-18,1589,488,412,47.80
PLT008,PRT003,2026-06-19,878,208,760,70.40
PLT008,PRT003,2026-06-20,1555,139,286,31.00
PLT008,PRT003,2026-06-21,1297,451,207,69.10
PLT008,PRT003,2026-06-22,182,189,420,91.80
PLT008,PRT003,2026-06-23,1683,319,274,118.00
PLT008,PRT003,2026-06-24,1272,126,371,47.40
PLT008,PRT003,2026-06-25,134,469,426,39.60
PLT008,PRT003,2026-06-26,1440,384,543,57.00
PLT008,PRT003,2026-06-27,1882,403,395,47.10
PLT008,PRT003,2026-06-28,754,281,734,39.00
PLT008,PRT003,2026-06-29,973,406,636,119.90
PLT008,PRT003,2026-06-30,177,168,662,117.10
PLT008,PRT003,2026-07-01,891,198,333,126.40
PLT008,PRT003,2026-07-02,1372,353,544,115.40
PLT008,PRT003,2026-07-03,1101,269,597,41.20
PLT008,PRT003,2026-07-04,493,268,326,100.30
PLT008,PRT003,2026-07-05,1666,151,238,70.10
PLT008,PRT003,2026-07-06,1297,236,694,71.90
PLT008,PRT003,2026-07-07,141,491,395,24.00
PLT008,PRT003,2026-07-08,1241,242,564,85.70
PLT008,PRT003,2026-07-09,460,445,552,149.00
PLT008,PRT003,2026-07-10,1807,266,298,138.50
PLT008,PRT003,2026-07-11,2071,347,327,103.60
PLT008,PRT003,2026-07-12,897,209,277,138.20
PLT008,PRT003,2026-07-13,1778,421,606,21.90
PLT008,PRT003,2026-07-14,147,328,708,92.90
PLT008,PRT003,2026-07-15,321,421,385,128.00
PLT008,PRT003,2026-07-16,631,427,483,101.70
PLT008,PRT003,2026-07-17,1055,122,547,23.90
PLT008,PRT003,2026-07-18,1389,443,782,35.60
PLT008,PRT003,2026-07-19,1898,210,702,38.70
PLT008,PRT003,2026-07-20,84,147,427,52.00
PLT008,PRT003,2026-07-21,559,345,213,127.10
PLT008,PRT003,2026-07-22,60,264,439,45.70
PLT008,PRT003,2026-07-23,179,494,209,78.20
PLT008,PRT003,2026-07-24,267,330,234,42.30
PLT008,PRT003,2026-07-25,711,444,547,126.50
PLT008,PRT003,2026-07-26,293,172,331,30.50
PLT008,PRT003,2026-07-27,399,392,444,57.10
PLT008,PRT003,2026-07-28,664,489,438,12.40
PLT008,PRT003,2026-07-29,779,176,424,34.00
PLT008,PRT003,2026-07-30,1857,338,494,90.00
PLT008,PRT003,2026-07-31,1474,386,226,99.20
PLT008,PRT003,2026-08-01,634,453,214,45.50
PLT008,PRT003,2026-08-02,2067,161,447,45.90
PLT008,PRT003,2026-08-03,1364,107,603,80.50
PLT008,PRT003,2026-08-04,1502,204,674,110.60
PLT008,PRT003,2026-08-05,598,398,421,49.20
PLT008,PRT003,2026-08-06,1594,433,222,99.00
PLT008,PRT003,2026-08-07,1437,206,440,33.10
PLT008,PRT003,2026-08-08,562,381,406,70.80
PLT008,PRT003,2026-08-09,829,160,280,26.00
PLT008,PRT003,2026-08-10,1364,438,783,99.60
PLT008,PRT003,2026-08-11,1168,159,554,33.90
PLT008,PRT003,2026-08-12,1948,182,304,39.80
PLT008,PRT003,2026-08-13,1648,408,755,24.80
PLT008,PRT003,2026-08-14,1529,271,468,95.00
PLT008,PRT003,2026-08-15,1298,198,344,30.50
PLT008,PRT003,2026-08-16,848,387,674,41.80
PLT008,PRT003,2026-08-17,140,411,346,17.40
PLT008,PRT003,2026-08-18,139,312,294,53.50
PLT008,PRT003,2026-08-19,898,178,391,64.30
PLT008,PRT003,2026-08-20,120,187,672,87.20
PLT008,PRT003,2026-08-21,260,291,434,103.40
PLT008,PRT003,2026-08-22,1523,146,788,103.90
PLT008,PRT003,2026-08-23,532,496,252,28.10
PLT008,PRT003,2026-08-24,612,154,791,41.90
PLT008,PRT003,2026-08-25,561,208,671,79.80
PLT008,PRT003,2026-08-26,174,266,771,54.80
PLT008,PRT003,2026-08-27,404,174,526,43.80
PLT008,PRT003,2026-08-28,1922,366,289,146.40
PLT008,PRT003,2026-08-29,1370,484,471,84.80
PLT008,PRT003,2026-08-30,1096,349,297,87.10
PLT008,PRT003,2026-08-31,875,189,394,68.00
PLT008,PRT003,2026-09-01,663,375,753,139.80
PLT008,PRT003,2026-09-02,1449,240,296,110.80
PLT008,PRT003,2026-09-03,1086,479,669,84.80
PLT008,PRT003,2026-09-04,884,119,420,69.00
PLT008,PRT003,2026-09-05,1411,324,225,85.60
PLT008,PRT003,2026-09-06,688,101,477,120.90
PLT008,PRT003,2026-09-07,1922,133,263,72.10
PLT008,PRT003,2026-09-08,1309,394,656,42.40
PLT008,PRT003,2026-09-09,735,246,644,131.90
PLT008,PRT003,2026-09-10,258,417,310,128.30
PLT008,PRT003,2026-09-11,1056,187,779,47.20
PLT008,PRT003,2026-09-12,1547,378,431,53.10
PLT008,PRT010,2026-06-15,1323,346,325,109.20
PLT008,PRT010,2026-06-16,1423,287,392,115.80
PLT008,PRT010,2026-06-17,858,390,787,120.10
PLT008,PRT010,2026-06-18,715,284,369,96.90
PLT008,PRT010,2026-06-19,1584,157,355,44.10
PLT008,PRT010,2026-06-20,695,107,377,94.50
PLT008,PRT010,2026-06-21,1344,109,623,144.00
PLT008,PRT010,2026-06-22,406,310,469,112.50
PLT008,PRT010,2026-06-23,1582,218,674,133.80
PLT008,PRT010,2026-06-24,1305,366,631,140.30
PLT008,PRT010,2026-06-25,833,341,233,24.70
PLT008,PRT010,2026-06-26,1503,214,677,52.60
PLT008,PRT010,2026-06-27,569,450,322,55.00
PLT008,PRT010,2026-06-28,344,257,440,47.20
PLT008,PRT010,2026-06-29,1203,500,298,129.60
PLT008,PRT010,2026-06-30,1417,335,260,66.70
PLT008,PRT010,2026-07-01,1324,347,679,112.80
PLT008,PRT010,2026-07-02,494,359,776,56.30
PLT008,PRT010,2026-07-03,84,486,660,75.70
PLT008,PRT010,2026-07-04,692,177,575,63.50
PLT008,PRT010,2026-07-05,253,393,724,88.30
PLT008,PRT010,2026-07-06,508,388,348,77.20
PLT008,PRT010,2026-07-07,392,196,713,12.50
PLT008,PRT010,2026-07-08,132,294,427,137.10
PLT008,PRT010,2026-07-09,1126,428,230,109.80
PLT008,PRT010,2026-07-10,1982,351,771,109.20
PLT008,PRT010,2026-07-11,1426,359,455,134.80
PLT008,PRT010,2026-07-12,1586,263,413,133.10
PLT008,PRT010,2026-07-13,511,327,795,66.70
PLT008,PRT010,2026-07-14,1770,106,272,29.40
PLT008,PRT010,2026-07-15,866,134,677,45.00
PLT008,PRT010,2026-07-16,130,360,764,144.50
PLT008,PRT010,2026-07-17,1040,272,667,20.10
PLT008,PRT010,2026-07-18,1093,201,268,64.10
PLT008,PRT010,2026-07-19,1890,217,637,50.30
PLT008,PRT010,2026-07-20,1098,415,342,96.40
PLT008,PRT010,2026-07-21,1262,250,539,24.80
PLT008,PRT010,2026-07-22,1428,328,548,142.30
PLT008,PRT010,2026-07-23,1196,488,276,78.00
PLT008,PRT010,2026-07-24,1217,345,657,104.70
PLT008,PRT010,2026-07-25,629,359,271,49.60
PLT008,PRT010,2026-07-26,1958,331,600,59.20
PLT008,PRT010,2026-07-27,408,448,274,54.10
PLT008,PRT010,2026-07-28,1570,182,785,41.10
PLT008,PRT010,2026-07-29,1657,447,657,126.60
PLT008,PRT010,2026-07-30,658,337,495,112.30
PLT008,PRT010,2026-07-31,436,456,577,13.90
PLT008,PRT010,2026-08-01,463,484,713,82.70
PLT008,PRT010,2026-08-02,1952,120,650,138.30
PLT008,PRT010,2026-08-03,659,200,463,16.00
PLT008,PRT010,2026-08-04,424,164,219,56.80
PLT008,PRT010,2026-08-05,1733,465,662,27.80
PLT008,PRT010,2026-08-06,180,335,247,36.20
PLT008,PRT010,2026-08-07,320,164,728,34.90
PLT008,PRT010,2026-08-08,2073,420,440,112.00
PLT008,PRT010,2026-08-09,332,303,372,136.40
PLT008,PRT010,2026-08-10,1172,418,654,131.20
PLT008,PRT010,2026-08-11,1560,101,473,56.30
PLT008,PRT010,2026-08-12,1427,339,660,83.90
PLT008,PRT010,2026-08-13,493,135,320,104.10
PLT008,PRT010,2026-08-14,1669,131,522,31.70
PLT008,PRT010,2026-08-15,1620,159,358,146.80
PLT008,PRT010,2026-08-16,2003,252,351,109.80
PLT008,PRT010,2026-08-17,761,192,536,46.00
PLT008,PRT010,2026-08-18,1199,188,772,142.60
PLT008,PRT010,2026-08-19,215,468,760,56.40
PLT008,PRT010,2026-08-20,870,230,235,63.80
PLT008,PRT010,2026-08-21,567,256,231,108.70
PLT008,PRT010,2026-08-22,1978,361,508,136.70
PLT008,PRT010,2026-08-23,1798,248,273,151.40
PLT008,PRT010,2026-08-24,1629,430,655,83.00
PLT008,PRT010,2026-08-25,1561,184,222,94.50
PLT008,PRT010,2026-08-26,1086,125,210,68.00
PLT008,PRT010,2026-08-27,768,474,585,130.60
PLT008,PRT010,2026-08-28,1971,219,515,104.60
PLT008,PRT010,2026-08-29,268,128,427,99.30
PLT008,PRT010,2026-08-30,1315,441,495,135.70
PLT008,PRT010,2026-08-31,1798,491,586,71.50
PLT008,PRT010,2026-09-01,1333,464,526,42.80
PLT008,PRT010,2026-09-02,1631,172,600,28.50
PLT008,PRT010,2026-09-03,559,103,799,71.80
PLT008,PRT010,2026-09-04,1761,404,200,32.30
PLT008,PRT010,2026-09-05,553,355,399,95.50
PLT008,PRT010,2026-09-06,1744,375,473,36.60
PLT008,PRT010,2026-09-07,1913,467,315,104.80
PLT008,PRT010,2026-09-08,1882,484,507,128.60
PLT008,PRT010,2026-09-09,764,372,540,24.80
PLT008,PRT010,2026-09-10,1007,476,296,99.70
PLT008,PRT010,2026-09-11,1818,103,583,153.10
PLT008,PRT010,2026-09-12,2090,457,508,18.00
PLT008,PRT012,2026-06-15,910,233,582,100.00
PLT008,PRT012,2026-06-16,197,194,678,57.60
PLT008,PRT012,2026-06-17,1547,327,525,123.60
PLT008,PRT012,2026-06-18,443,270,388,16.60
PLT008,PRT012,2026-06-19,1083,219,340,61.90
PLT008,PRT012,2026-06-20,1179,263,769,122.90
PLT008,PRT012,2026-06-21,1894,286,574,86.30
PLT008,PRT012,2026-06-22,1725,327,746,22.70
PLT008,PRT012,2026-06-23,577,382,479,31.90
PLT008,PRT012,2026-06-24,1659,355,707,151.10
PLT008,PRT012,2026-06-25,1505,217,719,108.30
PLT008,PRT012,2026-06-26,982,275,364,128.80
PLT008,PRT012,2026-06-27,1619,171,479,24.30
PLT008,PRT012,2026-06-28,1056,226,431,133.70
PLT008,PRT012,2026-06-29,860,446,348,43.50
PLT008,PRT012,2026-06-30,627,246,330,142.30
PLT008,PRT012,2026-07-01,1067,471,561,16.70
PLT008,PRT012,2026-07-02,1797,500,538,94.10
PLT008,PRT012,2026-07-03,602,290,307,110.70
PLT008,PRT012,2026-07-04,735,456,391,91.50
PLT008,PRT012,2026-07-05,2190,208,245,96.90
PLT008,PRT012,2026-07-06,511,264,618,96.50
PLT008,PRT012,2026-07-07,530,111,426,19.20
PLT008,PRT012,2026-07-08,1305,149,373,123.70
PLT008,PRT012,2026-07-09,1015,242,289,14.60
PLT008,PRT012,2026-07-10,1017,175,611,115.50
PLT008,PRT012,2026-07-11,1383,393,356,16.20
PLT008,PRT012,2026-07-12,1728,364,383,141.60
PLT008,PRT012,2026-07-13,607,109,760,102.10
PLT008,PRT012,2026-07-14,565,352,521,51.20
PLT008,PRT012,2026-07-15,1678,361,321,143.30
PLT008,PRT012,2026-07-16,323,119,294,16.20
PLT008,PRT012,2026-07-17,1175,492,495,45.40
PLT008,PRT012,2026-07-18,854,338,355,94.10
PLT008,PRT012,2026-07-19,312,217,534,95.00
PLT008,PRT012,2026-07-20,158,307,337,32.10
PLT008,PRT012,2026-07-21,161,210,308,16.10
PLT008,PRT012,2026-07-22,305,227,345,64.40
PLT008,PRT012,2026-07-23,767,118,437,32.50
PLT008,PRT012,2026-07-24,1081,187,548,101.20
PLT008,PRT012,2026-07-25,697,163,476,81.90
PLT008,PRT012,2026-07-26,1620,374,507,34.10
PLT008,PRT012,2026-07-27,1959,354,302,136.50
PLT008,PRT012,2026-07-28,187,239,278,96.00
PLT008,PRT012,2026-07-29,1227,265,303,42.80
PLT008,PRT012,2026-07-30,469,442,334,18.20
PLT008,PRT012,2026-07-31,1759,260,773,138.60
PLT008,PRT012,2026-08-01,1444,245,575,93.90
PLT008,PRT012,2026-08-02,1199,132,254,93.80
PLT008,PRT012,2026-08-03,360,308,729,110.30
PLT008,PRT012,2026-08-04,1202,359,362,68.70
PLT008,PRT012,2026-08-05,416,295,705,105.10
PLT008,PRT012,2026-08-06,495,308,632,88.60
PLT008,PRT012,2026-08-07,366,193,696,34.10
PLT008,PRT012,2026-08-08,1854,251,705,121.10
PLT008,PRT012,2026-08-09,734,405,349,127.20
PLT008,PRT012,2026-08-10,642,490,687,100.70
PLT008,PRT012,2026-08-11,129,286,787,50.20
PLT008,PRT012,2026-08-12,389,447,265,62.90
PLT008,PRT012,2026-08-13,394,430,697,14.10
PLT008,PRT012,2026-08-14,1923,303,221,131.30
PLT008,PRT012,2026-08-15,1947,415,636,134.00
PLT008,PRT012,2026-08-16,327,430,659,63.90
PLT008,PRT012,2026-08-17,1851,348,225,70.90
PLT008,PRT012,2026-08-18,1044,388,361,70.20
PLT008,PRT012,2026-08-19,401,409,242,104.60
PLT008,PRT012,2026-08-20,1379,178,436,36.60
PLT008,PRT012,2026-08-21,581,205,402,150.80
PLT008,PRT012,2026-08-22,1930,147,707,78.50
PLT008,PRT012,2026-08-23,1435,260,760,53.90
PLT008,PRT012,2026-08-24,149,150,367,109.90
PLT008,PRT012,2026-08-25,1116,401,314,97.10
PLT008,PRT012,2026-08-26,972,272,699,137.60
PLT008,PRT012,2026-08-27,1330,266,367,62.60
PLT008,PRT012,2026-08-28,1175,169,261,119.70
PLT008,PRT012,2026-08-29,2097,169,286,51.80
PLT008,PRT012,2026-08-30,845,357,462,19.70
PLT008,PRT012,2026-08-31,1792,199,367,79.40
PLT008,PRT012,2026-09-01,1745,275,775,52.90
PLT008,PRT012,2026-09-02,1641,298,690,21.70
PLT008,PRT012,2026-09-03,1567,379,677,94.50
PLT008,PRT012,2026-09-04,1384,240,651,63.90
PLT008,PRT012,2026-09-05,751,317,517,80.60
PLT008,PRT012,2026-09-06,1707,299,442,86.20
PLT008,PRT012,2026-09-07,74,151,235,80.50
PLT008,PRT012,2026-09-08,1331,262,592,137.50
PLT008,PRT012,2026-09-09,384,246,436,100.80
PLT008,PRT012,2026-09-10,1786,177,256,30.40
PLT008,PRT012,2026-09-11,797,365,798,136.80
PLT008,PRT012,2026-09-12,1481,379,690,55.60
PLT008,PRT015,2026-06-15,1875,188,692,66.50
PLT008,PRT015,2026-06-16,1050,250,354,120.90
PLT008,PRT015,2026-06-17,959,437,226,119.70
PLT008,PRT015,2026-06-18,1430,141,613,72.80
PLT008,PRT015,2026-06-19,1222,192,773,121.00
PLT008,PRT015,2026-06-20,316,175,401,62.20
PLT008,PRT015,2026-06-21,382,480,444,154.20
PLT008,PRT015,2026-06-22,351,445,442,35.70
PLT008,PRT015,2026-06-23,1567,301,750,42.70
PLT008,PRT015,2026-06-24,346,303,687,82.70
PLT008,PRT015,2026-06-25,237,150,536,94.40
PLT008,PRT015,2026-06-26,76,231,357,71.50
PLT008,PRT015,2026-06-27,844,158,422,111.40
PLT008,PRT015,2026-06-28,516,117,535,73.70
PLT008,PRT015,2026-06-29,1685,229,212,40.00
PLT008,PRT015,2026-06-30,1188,404,577,114.20
PLT008,PRT015,2026-07-01,1492,452,582,59.30
PLT008,PRT015,2026-07-02,1530,364,777,53.70
PLT008,PRT015,2026-07-03,1014,491,490,77.00
PLT008,PRT015,2026-07-04,581,238,451,67.80
PLT008,PRT015,2026-07-05,428,275,379,144.20
PLT008,PRT015,2026-07-06,382,126,793,102.80
PLT008,PRT015,2026-07-07,937,218,560,141.60
PLT008,PRT015,2026-07-08,671,100,712,19.50
PLT008,PRT015,2026-07-09,773,241,430,66.90
PLT008,PRT015,2026-07-10,762,486,300,36.80
PLT008,PRT015,2026-07-11,782,445,439,69.20
PLT008,PRT015,2026-07-12,1613,102,623,148.30
PLT008,PRT015,2026-07-13,972,244,530,87.30
PLT008,PRT015,2026-07-14,714,411,446,38.30
PLT008,PRT015,2026-07-15,1598,281,409,122.80
PLT008,PRT015,2026-07-16,82,133,509,151.00
PLT008,PRT015,2026-07-17,600,281,529,128.90
PLT008,PRT015,2026-07-18,1187,264,600,85.20
PLT008,PRT015,2026-07-19,608,385,370,138.00
PLT008,PRT015,2026-07-20,791,227,771,115.20
PLT008,PRT015,2026-07-21,689,439,675,143.90
PLT008,PRT015,2026-07-22,1146,297,767,44.10
PLT008,PRT015,2026-07-23,1502,151,525,123.00
PLT008,PRT015,2026-07-24,1884,184,245,86.60
PLT008,PRT015,2026-07-25,289,455,791,148.90
PLT008,PRT015,2026-07-26,1756,124,679,44.10
PLT008,PRT015,2026-07-27,393,255,339,136.50
PLT008,PRT015,2026-07-28,1535,422,716,129.20
PLT008,PRT015,2026-07-29,1623,426,527,105.50
PLT008,PRT015,2026-07-30,1013,164,697,118.80
PLT008,PRT015,2026-07-31,323,116,218,72.30
PLT008,PRT015,2026-08-01,934,375,716,16.00
PLT008,PRT015,2026-08-02,671,162,235,96.40
PLT008,PRT015,2026-08-03,365,407,598,53.70
PLT008,PRT015,2026-08-04,828,357,505,114.60
PLT008,PRT015,2026-08-05,1951,207,453,75.70
PLT008,PRT015,2026-08-06,140,274,358,59.40
PLT008,PRT015,2026-08-07,949,492,452,114.60
PLT008,PRT015,2026-08-08,1578,369,641,59.90
PLT008,PRT015,2026-08-09,345,374,680,137.40
PLT008,PRT015,2026-08-10,1416,161,635,36.60
PLT008,PRT015,2026-08-11,1685,111,417,57.80
PLT008,PRT015,2026-08-12,1372,341,659,105.10
PLT008,PRT015,2026-08-13,365,175,270,144.20
PLT008,PRT015,2026-08-14,1978,156,479,14.70
PLT008,PRT015,2026-08-15,2085,106,686,24.50
PLT008,PRT015,2026-08-16,1699,371,387,31.00
PLT008,PRT015,2026-08-17,890,416,654,47.90
PLT008,PRT015,2026-08-18,331,160,386,99.00
PLT008,PRT015,2026-08-19,512,106,691,59.20
PLT008,PRT015,2026-08-20,113,277,402,14.90
PLT008,PRT015,2026-08-21,1832,422,346,65.20
PLT008,PRT015,2026-08-22,975,173,393,110.90
PLT008,PRT015,2026-08-23,635,288,432,30.60
PLT008,PRT015,2026-08-24,183,122,570,106.10
PLT008,PRT015,2026-08-25,769,199,206,131.10
PLT008,PRT015,2026-08-26,1633,196,717,38.10
PLT008,PRT015,2026-08-27,1642,214,365,31.10
PLT008,PRT015,2026-08-28,1732,192,328,115.40
PLT008,PRT015,2026-08-29,1235,117,397,123.80
PLT008,PRT015,2026-08-30,998,147,617,90.50
PLT008,PRT015,2026-08-31,1473,201,361,45.40
PLT008,PRT015,2026-09-01,1168,456,337,91.90
PLT008,PRT015,2026-09-02,1930,304,771,154.40
PLT008,PRT015,2026-09-03,203,132,451,104.70
PLT008,PRT015,2026-09-04,612,251,467,92.20
PLT008,PRT015,2026-09-05,1811,151,231,144.00
PLT008,PRT015,2026-09-06,1742,460,791,84.40
PLT008,PRT015,2026-09-07,1082,213,290,109.00
PLT008,PRT015,2026-09-08,1174,142,324,139.30
PLT008,PRT015,2026-09-09,1819,404,561,139.80
PLT008,PRT015,2026-09-10,1536,356,434,131.90
PLT008,PRT015,2026-09-11,206,166,700,130.80
PLT008,PRT015,2026-09-12,1383,419,380,109.50
PLT008,PRT016,2026-06-15,923,484,569,115.70
PLT008,PRT016,2026-06-16,1138,437,416,35.50
PLT008,PRT016,2026-06-17,1311,210,385,138.70
PLT008,PRT016,2026-06-18,341,368,704,114.90
PLT008,PRT016,2026-06-19,1841,392,285,144.80
PLT008,PRT016,2026-06-20,2197,389,750,70.00
PLT008,PRT016,2026-06-21,1468,167,681,37.40
PLT008,PRT016,2026-06-22,577,386,747,104.30
PLT008,PRT016,2026-06-23,1022,449,670,36.80
PLT008,PRT016,2026-06-24,1770,330,412,115.80
PLT008,PRT016,2026-06-25,188,474,656,146.80
PLT008,PRT016,2026-06-26,140,213,297,20.80
PLT008,PRT016,2026-06-27,1264,144,272,24.70
PLT008,PRT016,2026-06-28,2119,400,528,138.00
PLT008,PRT016,2026-06-29,1674,159,265,17.00
PLT008,PRT016,2026-06-30,1074,436,295,58.00
PLT008,PRT016,2026-07-01,962,207,689,130.50
PLT008,PRT016,2026-07-02,1156,137,705,129.50
PLT008,PRT016,2026-07-03,183,266,424,123.50
PLT008,PRT016,2026-07-04,432,252,375,44.40
PLT008,PRT016,2026-07-05,1914,100,336,122.10
PLT008,PRT016,2026-07-06,1153,251,788,23.90
PLT008,PRT016,2026-07-07,102,330,567,37.70
PLT008,PRT016,2026-07-08,1809,240,551,145.10
PLT008,PRT016,2026-07-09,1579,404,514,102.30
PLT008,PRT016,2026-07-10,535,236,769,14.60
PLT008,PRT016,2026-07-11,2105,313,358,44.30
PLT008,PRT016,2026-07-12,336,455,709,144.60
PLT008,PRT016,2026-07-13,1041,424,410,142.00
PLT008,PRT016,2026-07-14,1287,259,752,128.40
PLT008,PRT016,2026-07-15,887,408,525,83.10
PLT008,PRT016,2026-07-16,529,399,204,49.30
PLT008,PRT016,2026-07-17,811,479,550,28.40
PLT008,PRT016,2026-07-18,691,423,235,132.00
PLT008,PRT016,2026-07-19,2009,343,239,139.60
PLT008,PRT016,2026-07-20,842,259,231,141.50
PLT008,PRT016,2026-07-21,1327,484,269,41.60
PLT008,PRT016,2026-07-22,278,237,438,24.70
PLT008,PRT016,2026-07-23,1271,429,687,14.60
PLT008,PRT016,2026-07-24,569,361,546,62.10
PLT008,PRT016,2026-07-25,1447,491,772,54.00
PLT008,PRT016,2026-07-26,1900,332,615,80.40
PLT008,PRT016,2026-07-27,1777,480,301,119.90
PLT008,PRT016,2026-07-28,1494,475,753,113.10
PLT008,PRT016,2026-07-29,336,214,519,37.80
PLT008,PRT016,2026-07-30,1377,119,352,29.30
PLT008,PRT016,2026-07-31,730,140,408,24.60
PLT008,PRT016,2026-08-01,2199,257,760,103.50
PLT008,PRT016,2026-08-02,1000,489,784,131.20
PLT008,PRT016,2026-08-03,1250,256,407,19.30
PLT008,PRT016,2026-08-04,1143,417,660,121.10
PLT008,PRT016,2026-08-05,961,406,643,101.90
PLT008,PRT016,2026-08-06,549,245,378,15.60
PLT008,PRT016,2026-08-07,995,435,205,131.80
PLT008,PRT016,2026-08-08,374,101,618,59.00
PLT008,PRT016,2026-08-09,1953,498,391,114.40
PLT008,PRT016,2026-08-10,1109,305,686,35.80
PLT008,PRT016,2026-08-11,418,221,622,43.10
PLT008,PRT016,2026-08-12,501,170,328,106.10
PLT008,PRT016,2026-08-13,794,185,213,119.40
PLT008,PRT016,2026-08-14,1109,288,333,93.90
PLT008,PRT016,2026-08-15,1802,340,242,41.40
PLT008,PRT016,2026-08-16,1294,375,594,70.20
PLT008,PRT016,2026-08-17,503,259,599,132.30
PLT008,PRT016,2026-08-18,1201,473,310,45.80
PLT008,PRT016,2026-08-19,1243,472,438,30.60
PLT008,PRT016,2026-08-20,1152,210,348,138.00
PLT008,PRT016,2026-08-21,1040,374,369,86.10
PLT008,PRT016,2026-08-22,977,163,488,87.00
PLT008,PRT016,2026-08-23,1693,386,494,108.30
PLT008,PRT016,2026-08-24,1111,127,433,22.20
PLT008,PRT016,2026-08-25,56,182,439,100.10
PLT008,PRT016,2026-08-26,949,292,503,18.00
PLT008,PRT016,2026-08-27,423,310,326,17.50
PLT008,PRT016,2026-08-28,1374,240,598,47.30
PLT008,PRT016,2026-08-29,906,402,296,126.20
PLT008,PRT016,2026-08-30,654,488,459,22.20
PLT008,PRT016,2026-08-31,805,243,676,110.00
PLT008,PRT016,2026-09-01,467,219,572,39.20
PLT008,PRT016,2026-09-02,1307,264,774,80.30
PLT008,PRT016,2026-09-03,374,406,703,148.40
PLT008,PRT016,2026-09-04,1481,393,519,65.70
PLT008,PRT016,2026-09-05,343,472,559,50.10
PLT008,PRT016,2026-09-06,1632,460,547,54.60
PLT008,PRT016,2026-09-07,804,240,543,12.20
PLT008,PRT016,2026-09-08,1124,171,479,131.80
PLT008,PRT016,2026-09-09,579,493,453,35.30
PLT008,PRT016,2026-09-10,197,139,404,16.10
PLT008,PRT016,2026-09-11,459,371,775,31.60
PLT008,PRT016,2026-09-12,1940,477,304,16.90
PLT008,PRT017,2026-06-15,116,192,430,42.80
PLT008,PRT017,2026-06-16,1787,215,706,30.60
PLT008,PRT017,2026-06-17,1256,418,366,113.60
PLT008,PRT017,2026-06-18,1262,494,648,50.70
PLT008,PRT017,2026-06-19,1428,251,649,17.00
PLT008,PRT017,2026-06-20,1487,122,630,51.10
PLT008,PRT017,2026-06-21,494,367,572,143.70
PLT008,PRT017,2026-06-22,1414,300,508,131.30
PLT008,PRT017,2026-06-23,1283,155,762,103.50
PLT008,PRT017,2026-06-24,983,256,246,114.80
PLT008,PRT017,2026-06-25,1292,322,775,21.60
PLT008,PRT017,2026-06-26,1410,346,239,68.30
PLT008,PRT017,2026-06-27,1519,115,475,27.50
PLT008,PRT017,2026-06-28,1260,340,609,31.80
PLT008,PRT017,2026-06-29,719,383,247,78.10
PLT008,PRT017,2026-06-30,1819,256,424,142.10
PLT008,PRT017,2026-07-01,1009,118,708,120.70
PLT008,PRT017,2026-07-02,1332,245,347,34.50
PLT008,PRT017,2026-07-03,94,315,349,139.40
PLT008,PRT017,2026-07-04,1925,385,531,44.10
PLT008,PRT017,2026-07-05,529,424,678,123.60
PLT008,PRT017,2026-07-06,1669,118,449,30.90
PLT008,PRT017,2026-07-07,1252,440,225,59.00
PLT008,PRT017,2026-07-08,349,120,748,108.40
PLT008,PRT017,2026-07-09,623,489,333,128.20
PLT008,PRT017,2026-07-10,1413,189,255,23.30
PLT008,PRT017,2026-07-11,973,347,508,70.30
PLT008,PRT017,2026-07-12,1835,136,768,132.70
PLT008,PRT017,2026-07-13,1313,257,290,114.40
PLT008,PRT017,2026-07-14,1216,213,722,112.60
PLT008,PRT017,2026-07-15,1324,249,694,69.20
PLT008,PRT017,2026-07-16,1314,330,687,69.70
PLT008,PRT017,2026-07-17,312,440,730,93.10
PLT008,PRT017,2026-07-18,781,325,550,103.70
PLT008,PRT017,2026-07-19,452,166,482,43.10
PLT008,PRT017,2026-07-20,1629,291,384,30.00
PLT008,PRT017,2026-07-21,1145,479,260,117.40
PLT008,PRT017,2026-07-22,284,294,202,89.80
PLT008,PRT017,2026-07-23,954,389,201,54.00
PLT008,PRT017,2026-07-24,388,110,610,105.20
PLT008,PRT017,2026-07-25,713,152,786,89.70
PLT008,PRT017,2026-07-26,1074,331,649,62.50
PLT008,PRT017,2026-07-27,58,238,235,44.20
PLT008,PRT017,2026-07-28,1615,474,734,145.10
PLT008,PRT017,2026-07-29,1190,409,416,56.80
PLT008,PRT017,2026-07-30,763,405,491,35.60
PLT008,PRT017,2026-07-31,1194,238,742,122.60
PLT008,PRT017,2026-08-01,1965,128,525,43.80
PLT008,PRT017,2026-08-02,1084,328,306,98.10
PLT008,PRT017,2026-08-03,1243,395,788,96.00
PLT008,PRT017,2026-08-04,495,268,501,96.50
PLT008,PRT017,2026-08-05,1739,289,497,42.40
PLT008,PRT017,2026-08-06,1888,357,486,95.40
PLT008,PRT017,2026-08-07,510,126,368,93.40
PLT008,PRT017,2026-08-08,667,164,258,106.50
PLT008,PRT017,2026-08-09,524,480,517,68.30
PLT008,PRT017,2026-08-10,1765,326,724,18.90
PLT008,PRT017,2026-08-11,657,454,569,130.80
PLT008,PRT017,2026-08-12,887,268,453,74.10
PLT008,PRT017,2026-08-13,783,132,627,112.40
PLT008,PRT017,2026-08-14,1231,134,436,47.70
PLT008,PRT017,2026-08-15,1350,367,675,133.40
PLT008,PRT017,2026-08-16,773,305,260,120.00
PLT008,PRT017,2026-08-17,425,396,498,19.90
PLT008,PRT017,2026-08-18,442,266,531,128.10
PLT008,PRT017,2026-08-19,1219,461,531,45.90
PLT008,PRT017,2026-08-20,1669,317,349,51.70
PLT008,PRT017,2026-08-21,1766,323,655,39.40
PLT008,PRT017,2026-08-22,284,365,227,50.00
PLT008,PRT017,2026-08-23,2049,268,478,130.10
PLT008,PRT017,2026-08-24,1287,280,422,128.00
PLT008,PRT017,2026-08-25,687,150,641,30.60
PLT008,PRT017,2026-08-26,131,447,391,120.10
PLT008,PRT017,2026-08-27,1480,466,288,40.90
PLT008,PRT017,2026-08-28,919,450,371,38.10
PLT008,PRT017,2026-08-29,1493,429,249,83.90
PLT008,PRT017,2026-08-30,1765,294,218,19.30
PLT008,PRT017,2026-08-31,673,385,795,127.50
PLT008,PRT017,2026-09-01,1723,269,391,47.40
PLT008,PRT017,2026-09-02,1355,254,560,147.30
PLT008,PRT017,2026-09-03,340,316,284,31.50
PLT008,PRT017,2026-09-04,1341,430,716,134.40
PLT008,PRT017,2026-09-05,283,348,475,149.30
PLT008,PRT017,2026-09-06,2040,166,505,36.80
PLT008,PRT017,2026-09-07,625,480,463,74.20
PLT008,PRT017,2026-09-08,887,241,223,61.00
PLT008,PRT017,2026-09-09,877,171,722,68.90
PLT008,PRT017,2026-09-10,1985,421,676,89.10
PLT008,PRT017,2026-09-11,460,164,214,76.70
PLT008,PRT017,2026-09-12,740,154,671,83.90
PLT008,PRT018,2026-06-15,1721,296,290,80.10
PLT008,PRT018,2026-06-16,851,215,538,116.00
PLT008,PRT018,2026-06-17,1000,283,626,61.00
PLT008,PRT018,2026-06-18,1507,386,749,113.30
PLT008,PRT018,2026-06-19,508,199,537,65.80
PLT008,PRT018,2026-06-20,2175,152,505,151.20
PLT008,PRT018,2026-06-21,1565,137,465,76.30
PLT008,PRT018,2026-06-22,653,166,655,139.60
PLT008,PRT018,2026-06-23,1721,339,713,66.00
PLT008,PRT018,2026-06-24,399,282,383,134.50
PLT008,PRT018,2026-06-25,1311,453,756,37.20
PLT008,PRT018,2026-06-26,646,390,531,69.00
PLT008,PRT018,2026-06-27,315,118,541,94.10
PLT008,PRT018,2026-06-28,1140,478,454,92.80
PLT008,PRT018,2026-06-29,1274,211,774,79.10
PLT008,PRT018,2026-06-30,1286,379,543,22.90
PLT008,PRT018,2026-07-01,1853,211,507,76.90
PLT008,PRT018,2026-07-02,1665,376,390,71.20
PLT008,PRT018,2026-07-03,1818,224,795,78.30
PLT008,PRT018,2026-07-04,1772,307,616,105.30
PLT008,PRT018,2026-07-05,383,458,305,140.40
PLT008,PRT018,2026-07-06,1152,481,263,122.60
PLT008,PRT018,2026-07-07,797,271,432,120.40
PLT008,PRT018,2026-07-08,1434,200,557,151.20
PLT008,PRT018,2026-07-09,918,263,307,27.00
PLT008,PRT018,2026-07-10,1238,184,315,51.70
PLT008,PRT018,2026-07-11,1322,131,406,26.50
PLT008,PRT018,2026-07-12,1799,207,492,132.00
PLT008,PRT018,2026-07-13,140,113,365,134.60
PLT008,PRT018,2026-07-14,248,253,528,105.80
PLT008,PRT018,2026-07-15,967,487,379,150.20
PLT008,PRT018,2026-07-16,1538,432,304,89.90
PLT008,PRT018,2026-07-17,1517,456,564,64.00
PLT008,PRT018,2026-07-18,968,475,771,120.50
PLT008,PRT018,2026-07-19,1427,368,359,48.00
PLT008,PRT018,2026-07-20,542,179,530,65.40
PLT008,PRT018,2026-07-21,1656,183,458,44.50
PLT008,PRT018,2026-07-22,339,429,313,77.50
PLT008,PRT018,2026-07-23,1755,487,783,23.50
PLT008,PRT018,2026-07-24,572,405,329,40.90
PLT008,PRT018,2026-07-25,1078,185,412,36.70
PLT008,PRT018,2026-07-26,1091,244,258,79.30
PLT008,PRT018,2026-07-27,1203,231,725,143.90
PLT008,PRT018,2026-07-28,216,400,338,24.30
PLT008,PRT018,2026-07-29,1688,305,629,35.00
PLT008,PRT018,2026-07-30,1568,355,539,119.70
PLT008,PRT018,2026-07-31,1219,428,685,21.80
PLT008,PRT018,2026-08-01,263,493,666,153.60
PLT008,PRT018,2026-08-02,1363,487,712,149.10
PLT008,PRT018,2026-08-03,68,163,519,127.00
PLT008,PRT018,2026-08-04,1304,459,419,24.00
PLT008,PRT018,2026-08-05,1945,196,782,33.80
PLT008,PRT018,2026-08-06,1432,222,309,154.00
PLT008,PRT018,2026-08-07,1248,277,222,77.70
PLT008,PRT018,2026-08-08,1548,471,492,107.80
PLT008,PRT018,2026-08-09,252,354,354,111.50
PLT008,PRT018,2026-08-10,1813,129,497,17.50
PLT008,PRT018,2026-08-11,1782,291,228,72.00
PLT008,PRT018,2026-08-12,1722,213,456,67.60
PLT008,PRT018,2026-08-13,1626,260,562,43.70
PLT008,PRT018,2026-08-14,385,198,685,21.30
PLT008,PRT018,2026-08-15,1581,351,558,47.10
PLT008,PRT018,2026-08-16,1507,150,733,52.00
PLT008,PRT018,2026-08-17,1739,271,649,132.30
PLT008,PRT018,2026-08-18,189,207,708,10.20
PLT008,PRT018,2026-08-19,906,454,571,79.70
PLT008,PRT018,2026-08-20,726,101,291,152.70
PLT008,PRT018,2026-08-21,850,159,588,64.10
PLT008,PRT018,2026-08-22,1588,262,243,20.30
PLT008,PRT018,2026-08-23,1669,367,233,50.70
PLT008,PRT018,2026-08-24,274,123,547,136.30
PLT008,PRT018,2026-08-25,1849,336,404,19.00
PLT008,PRT018,2026-08-26,1736,373,665,119.60
PLT008,PRT018,2026-08-27,834,142,694,40.30
PLT008,PRT018,2026-08-28,582,425,598,144.90
PLT008,PRT018,2026-08-29,879,261,530,19.10
PLT008,PRT018,2026-08-30,794,179,274,45.30
PLT008,PRT018,2026-08-31,936,110,434,37.10
PLT008,PRT018,2026-09-01,1040,268,269,104.20
PLT008,PRT018,2026-09-02,1491,234,680,85.10
PLT008,PRT018,2026-09-03,262,446,384,32.50
PLT008,PRT018,2026-09-04,1487,344,239,142.50
PLT008,PRT018,2026-09-05,805,363,794,111.90
PLT008,PRT018,2026-09-06,1117,334,238,65.60
PLT008,PRT018,2026-09-07,638,202,724,14.80
PLT008,PRT018,2026-09-08,1332,418,522,124.10
PLT008,PRT018,2026-09-09,1249,247,780,86.90
PLT008,PRT018,2026-09-10,1335,469,740,114.40
PLT008,PRT018,2026-09-11,188,102,689,56.60
PLT008,PRT018,2026-09-12,1590,432,246,18.70
PLT008,PRT019,2026-06-15,448,387,451,73.40
PLT008,PRT019,2026-06-16,670,472,747,96.60
PLT008,PRT019,2026-06-17,1951,350,468,129.70
PLT008,PRT019,2026-06-18,962,358,584,97.90
PLT008,PRT019,2026-06-19,200,264,403,61.00
PLT008,PRT019,2026-06-20,896,469,746,128.90
PLT008,PRT019,2026-06-21,739,460,306,141.20
PLT008,PRT019,2026-06-22,268,346,284,48.20
PLT008,PRT019,2026-06-23,566,355,598,96.80
PLT008,PRT019,2026-06-24,930,263,726,35.60
PLT008,PRT019,2026-06-25,1353,176,656,104.10
PLT008,PRT019,2026-06-26,507,375,645,51.30
PLT008,PRT019,2026-06-27,2188,495,752,152.10
PLT008,PRT019,2026-06-28,970,246,770,34.70
PLT008,PRT019,2026-06-29,1673,191,669,24.10
PLT008,PRT019,2026-06-30,466,304,639,39.00
PLT008,PRT019,2026-07-01,1670,422,237,17.70
PLT008,PRT019,2026-07-02,1552,459,692,38.70
PLT008,PRT019,2026-07-03,261,158,614,120.60
PLT008,PRT019,2026-07-04,1078,448,386,75.50
PLT008,PRT019,2026-07-05,1762,374,757,23.80
PLT008,PRT019,2026-07-06,218,114,792,143.20
PLT008,PRT019,2026-07-07,1445,488,687,42.30
PLT008,PRT019,2026-07-08,947,136,673,106.70
PLT008,PRT019,2026-07-09,1081,300,564,24.30
PLT008,PRT019,2026-07-10,856,446,326,34.20
PLT008,PRT019,2026-07-11,659,405,280,136.00
PLT008,PRT019,2026-07-12,361,277,371,105.00
PLT008,PRT019,2026-07-13,1924,324,213,88.30
PLT008,PRT019,2026-07-14,1348,308,424,146.90
PLT008,PRT019,2026-07-15,126,455,702,116.90
PLT008,PRT019,2026-07-16,482,472,522,102.60
PLT008,PRT019,2026-07-17,81,437,418,40.60
PLT008,PRT019,2026-07-18,2045,227,383,112.10
PLT008,PRT019,2026-07-19,1800,437,577,123.50
PLT008,PRT019,2026-07-20,739,301,680,49.50
PLT008,PRT019,2026-07-21,1946,498,523,81.50
PLT008,PRT019,2026-07-22,328,113,395,106.70
PLT008,PRT019,2026-07-23,1540,356,433,111.60
PLT008,PRT019,2026-07-24,217,211,268,81.80
PLT008,PRT019,2026-07-25,833,342,429,26.40
PLT008,PRT019,2026-07-26,983,341,276,110.00
PLT008,PRT019,2026-07-27,1910,427,345,127.80
PLT008,PRT019,2026-07-28,531,327,556,34.10
PLT008,PRT019,2026-07-29,1973,326,671,40.70
PLT008,PRT019,2026-07-30,1220,148,511,60.20
PLT008,PRT019,2026-07-31,1029,479,624,23.10
PLT008,PRT019,2026-08-01,1046,127,338,91.20
PLT008,PRT019,2026-08-02,698,407,716,22.00
PLT008,PRT019,2026-08-03,1688,370,359,128.00
PLT008,PRT019,2026-08-04,493,129,533,82.10
PLT008,PRT019,2026-08-05,1762,319,698,45.30
PLT008,PRT019,2026-08-06,1664,365,367,29.10
PLT008,PRT019,2026-08-07,1078,251,203,134.30
PLT008,PRT019,2026-08-08,591,225,571,138.10
PLT008,PRT019,2026-08-09,2010,372,337,64.30
PLT008,PRT019,2026-08-10,1741,236,609,45.30
PLT008,PRT019,2026-08-11,1810,403,709,102.10
PLT008,PRT019,2026-08-12,1611,351,700,79.60
PLT008,PRT019,2026-08-13,1676,247,451,97.50
PLT008,PRT019,2026-08-14,1960,424,444,76.90
PLT008,PRT019,2026-08-15,295,102,605,19.30
PLT008,PRT019,2026-08-16,1994,478,568,22.90
PLT008,PRT019,2026-08-17,1401,395,796,86.50
PLT008,PRT019,2026-08-18,1154,339,269,34.10
PLT008,PRT019,2026-08-19,1686,462,376,37.60
PLT008,PRT019,2026-08-20,1591,340,701,91.60
PLT008,PRT019,2026-08-21,1500,157,438,144.50
PLT008,PRT019,2026-08-22,1910,100,307,61.30
PLT008,PRT019,2026-08-23,1071,190,598,34.80
PLT008,PRT019,2026-08-24,1571,477,235,144.40
PLT008,PRT019,2026-08-25,819,129,752,31.30
PLT008,PRT019,2026-08-26,318,120,209,141.00
PLT008,PRT019,2026-08-27,1605,133,522,122.20
PLT008,PRT019,2026-08-28,693,203,798,93.00
PLT008,PRT019,2026-08-29,1725,169,578,132.50
PLT008,PRT019,2026-08-30,1581,305,412,115.60
PLT008,PRT019,2026-08-31,200,316,482,24.10
PLT008,PRT019,2026-09-01,1832,204,648,92.00
PLT008,PRT019,2026-09-02,505,151,634,150.50
PLT008,PRT019,2026-09-03,340,361,653,68.00
PLT008,PRT019,2026-09-04,1686,191,527,98.50
PLT008,PRT019,2026-09-05,399,205,310,153.30
PLT008,PRT019,2026-09-06,1611,298,712,20.60
PLT008,PRT019,2026-09-07,1017,311,265,105.40
PLT008,PRT019,2026-09-08,750,199,696,83.60
PLT008,PRT019,2026-09-09,367,109,730,43.60
PLT008,PRT019,2026-09-10,114,441,786,100.50
PLT008,PRT019,2026-09-11,109,448,721,90.60
PLT008,PRT019,2026-09-12,1978,432,582,41.00
